review_id,game,review_text,aspect_labels
1237970_212883684,Titanfall 2,"One of the best games ever to exist in gaming, Storyline is absolutely peak and multiplayer used to be super good. if i could replay it again without knowing the previous storyline i would, and spend twice as much for the game.",story
413150_221161464,Stardew Valley,"It doesn’t provide clear missions or guidance, and I often had to search for information outside the game just to understand what to do next. This made the experience feel more like a hassle than enjoyable gameplay",other
1551360_217318680,Forza Horizon 5,"[h3]Summary[/h3] The game is really good quality-wise, but I'm no longer the target demographic thus I can't recommend it. [h3]The good[/h3] The game has some really fun gameplay, fantastic scenary (it really feel like a theme-park ride) and breathe high quality in atmosphere, graphics, sound (cars, music and commentator) and it simply feels great to drive. [h3]The Bad[/h3] Starting the game you have to log into your MS-account, connect your accounts and connect to it whenever you start the game (I couldn't find a way to start the game without it). No big deal, but it was 5 minutes of direct annoyance and if my internet goes I can't boot the game. Playing for around 2 hours I got hit by 3 fullscreen splash screens that locked my game until I removed it, straight after a race, in-game, that tried to sell me the new game FH6, missing DLC etc. The in-game store is very noticable with ""new notifications""-marks and it's part of the main menu. It felt like a mobile game in that regard. [h3]The Demographic[/h3] The game start with blasting off straight away, you get thrown into epic race scenes for about 5-10 minutes, which feel great, then you hit the character creation screen. It's a loud white and pink colored UI (which is the UI for the rest of the game). The first tab is to choose between very ethnically varied characters, next is genders including they/them... an two large tabs for choosing prosthetics and hearing aids... It's not a bad thing per se, but resources were spent on quite a lot of options that, to me, has no place in a racing game and is clearly catering to a certain crowd. After playing for 2 hours, I realized this was a theme. This game is very much trying to vibe with the ""modern audiances"" with bright colors and a chirpy attitude. I am not a fan of that. I wanted a simcade with muscle/super cars, high octane racing and a badass feel in a sleek upgraded package. I've realized I'm not the target demographic anymore, which is my issue and not the game being bad. However, it really pulls me out of the immersion. The Steam store pictures and trailers show none of this and all the focus is on cool cars going fast (in hindsight, the opening of the second trailer really hints at it). Thank god for Steam's refund policy.",graphics; controls
1245620_222850733,Elden Ring,I can't in all honesty not recommend this game. It is objectively a great game. Dark souls was better tho. I find the environnements like Liurnia boring and grey next to the dark majesty that was the Dark souls trilogy. Also doesnt play so well on Ultrawide even with third party fixes.,"graphics, controls"
413150_222510013,Stardew Valley,my gf makes me play this game alot and i think its fun when im in the mood i also like saying senbonzakura kageyoshi when cherry blossoms fall,graphics; other
413150_220418069,Stardew Valley,Lurve thisss game so much!!! It bring nostalgia when I was a kid when Im playing harvest moon :D I miss the good old day~,other
1091500_224410840,Cyberpunk 2077,"Despite it's poor launch, Cyberpunk 2077 has grown to become a great game. Good setting, ambiance, voice acting ties the whole world together in a nice little package. Having done a 100% achievement run, this game can grow to be a little tedious at times due to its repetitiveness in terms of side content, but dive deep into the world and be BEING in Night City is something that is unforgettable. Add to that the Phantom Liberty expansion that adds a whole new area and quests to explore. Cyberpunk 2077 has become one of those games you keep thinking about even when you're not playing. The somewhat damaged quest however leaves a bad taste in my mouth. Why is the game a survival horror all of a sudden? It makes zero sense. Overall, if you like neon drenched cities and just driving around a city that feels alive. Nothing can beat this.",graphics; story
1091500_222701887,Cyberpunk 2077,"Great narrative that pulls you in quick, but its the world that really keeps you engaged. Very immersive and filled with consequences. Gameplay is very tight and responsive.",story; controls
1091500_222404084,Cyberpunk 2077,"Years later but sure, heres a review. This game is a masterpiece in adaptive story telling. So many ways for it to end. The game play is as fast paced as you want it to be and I mean as fast as you want. Wanna slowly methodically eliminate a base full of baddies with them never knowing you were there? Done. Wanna run so fast time slows and you go full cyber samurai on them? Done. Giant guns a blazing heavy armor frontal assault? Done. Knives? Bombs? Cars? Hand to hand? Sniper? Gun fu pistol? It has it all in combat. The world is beautiful and immersive. Everytime I play through it I find something new.",story; combat; graphics
1245620_218003958,Elden Ring,"Absolute cinema, i was used to the less flashy bosses of Dark souls III but man, Placidusax go: ""SO WHAT IF YOU CAN SEE, THE DARKEST SIDE OF ME"" The most hell yeah fight outside the dlc. Try Elden but Ring.",combat
1245620_223795445,Elden Ring,"In loving memory of my free time and my sanity. In exchange, I received an obsession with every other FromSoftware game. Please refer to me as Elden Lord. Worth it.",other
1091500_221370541,Cyberpunk 2077,"101 hours in the game, modern day Masterpiece of gaming. voice acting, story and combat all so fun and worth every second",story; combat
1551360_222174467,Forza Horizon 5,"Really enjoying Forza Horizon 5 so far. The graphics are beautiful, driving feels smooth, and there’s a huge variety of cars and events to keep things fun. It can feel a bit overwhelming at first, but overall it’s a great racing game. Definitely recommend.",graphics; controls
413150_220615640,Stardew Valley,"Stardew Valley is easily the best ""cozy game"" I've ever played. The gameplay loop is enjoyable and I'm not afraid to admit that I've pulled a lottt of all-nighters playing the game. I really love some of the NPC's you can interact with (I HAVE to befriend Willy every run, it's a must), and I have a lot of fun trying to plan stuff season-per-season. I haven't played the game in a long while now, but I'm still writing a review because I feel like it deserves it.",story
413150_220421137,Stardew Valley,"Have this game on Switch and PC. Love it!!!!! Music, pacing and gameplay is awesome. Just a very cozy farming game that reminds me the time I played Harvest Moon.",other
413150_219666672,Stardew Valley,"I love this game so much. It has hours and hours of gameplay and things to discover. And it can adapt to many playstyles. Personally, I like the farming and building relationships aspects of the game, but for others there is exploration and fighting available too. Its very intuitive and cute and I recommend it for everyone to play!!",story; combat
413150_218599745,Stardew Valley,i love it even tho i play it with mods but i love it and most the things about it and the story,story
1237970_216424787,Titanfall 2,"When a game achieves this level of reactivity and addictiveness, it will never be dead or boring. I love the story, the gameplay, the script, and BT-7274. Well worth the price and would buy again in a heartbeat! ♥♥♥","story, price, controls"
1551360_223780862,Forza Horizon 5,"beautiful game and very fun to play, i have very decent fps on my pc and never had any issues",graphics; other
413150_224447631,Stardew Valley,"A beautiful, imaginative game for calm people. It's literally a game you can spend hours playing without even realizing how old you are. If you love farming games and peaceful atmospheres, trust me, you won't regret it. It's a fantastic game with a beautiful world.",graphics; other
1245620_217820234,Elden Ring,The best game in history. It deserves the score it got. Don't hesitate to play this masterpiece. It's something you'll rarely see in the art of video games. Don't get tired of Miyazaki and the creative team.,other
413150_219544210,Stardew Valley,"Cozy game at its finest, a must own on mutiple devices kind of thing, and mods make it every more expansive and never ending.",other
1245620_219280294,Elden Ring,"Elden Ring is one of those games that was elevated to fame even before its release. From Software, creators of the Dark Souls series, the game was billed as an extension of the familiar open-world formula. However, the end result is more complex. It's a game with many great ideas, but also with distinct design issues that often impact gameplay. Character Development System: One of the game's greatest strengths is the sheer variety of builds. Players can develop their characters in many ways, from the classic warrior with heavy weapons, through quick, arcade-based builds, to powerful magic-based characters. The development system offers significant freedom and encourages experimentation. However, the problem arises during gameplay. Quite often, a build that previously worked very well suddenly ceases to be effective. At some point, we hit a wall, and enemies or bosses become significantly more difficult for a given playstyle. As a result, instead of developing a character according to their own vision, the player begins to adapt to the demands of specific battles. Visuals and Game World: From an artistic perspective, the game looks excellent. The world is vast, diverse, and full of distinctive locations, and each region has its own unique atmosphere and visual identity. The world's history, co-created by George R. R. Martin, is also noteworthy. The lore is engaging and intriguing, though much of the plot remains hidden within item descriptions and dialogue fragments. For some, this is a key element in the world's mystery, while for others, it's a barrier to understanding the story. Camera Issues: The game's biggest flaw is the camera. This is where most frustrating situations arise. During combat, you can lock the camera onto a target. In theory, this is supposed to aid in tracking the opponent, but in practice, it often leads to chaos. The camera can get lost, suddenly change position, or be positioned at an awkward angle. As a result, the player cannot see enemy attacks, nor even their own character. The problem is particularly acute with large enemies. The camera can then position itself so close to the boss model that it's difficult to assess the situation on screen. Attempting to play without target lock also doesn't solve the problem, as the camera can still move on its own and doesn't always stay where the player intended it to be. In practice, this means that some deaths aren't due to player error or combat difficulty, but rather to technical and design issues. Repetitive Enemy and Boss Characters: Another drawback is the enemy design and the repetitive nature of many fights. In many places, the copy-and-paste method is evident. A boss, who we previously fought in a spectacular fight, later reappears as a regular enemy in a different location. This weakens the sense of uniqueness of the encounters and makes some moments less impactful. Battles can be spectacular, but that doesn't always mean they're well-designed. Some encounters feel heavily scripted. Sometimes, it feels as if they can only be completed sensibly with one specific playstyle, as other approaches are significantly more challenging. Approaching New Players: The game also disrespects players new to Souls games. At many points, it assumes the player already knows the mechanics characteristic of the genre. The game's systems are poorly explained, and many things have to be discovered through trial and error. The franchise's popularity is largely based on its reputation for exceptional difficulty. In practice, however, a significant portion of this difficulty stems from design issues. Unclear combat, camera issues, and inconsistent design decisions make the game challenging not because the enemies are well-designed, but because certain game elements make it difficult to play comfortably. The spawn point system is a good example of inconsistent design. Sometimes, a bonfire is located directly in front of the boss arena, with a statue allowing you to respawn even closer. In other situations, each death requires a long journey from the bonfire to the boss gate. With more difficult enemies, such as Malenia and the Blade of Miquella, this means that a significant portion of the time isn't devoted to the fight itself. Instead, the player runs back to the arena and reapplies buffs before the fight. As a result, up to a quarter of the time spent on a boss can simply consist of repeating the same path. Summary: Elden Ring is a game full of contrasts. On the one hand, it offers a beautiful world, interesting lore, and vast character building opportunities. On the other hand, it suffers from obvious design issues, such as camera work, repetitive enemies, and inconsistent combat design. It's not a bad game, but it's definitely not as flawless as some reviews suggest. Some players elevate it to a pedestal. This is mainly due to the reputation of the FromSoftware studio, and not necessarily due to the actual quality of all the game's elements. It's a title that manages to delight with its vision of the world, but at the same time, it can also be very frustrating at times.","combat, graphics, story, controls, other"
1145360_213762549,Hades,I really like the game the only game I want to get 100% achievements I enjoy the grind and the story of the game very solid game play loop looking forward to see what hades 2 has stored for us,"story, other"
1245620_224945997,Elden Ring,i use to play this game on xbox 2024 3 months befere kai was going to do the stream and i got everthing on the game this game made me love gaming again suck a wonderfull expireice,other
1245620_219636674,Elden Ring,"I have played this game a lot, both with and without mods. I'll be blunt: it's a good game overall, but it has a lot of things dragging it down. Some say it's a 10/10 game, but I disagree. First of all, the biggest issue with this game, is input reading. Enemies and bosses don't react to what you do, they react the moment you press a button, before your action has even started. The enemy in Fort Gael is a good example: I try to shoot it with a crossbow, but it evade the moment I press the button, wether I'm aiming at it or not. This is dumb. -1 point. Next is wind-up attacks and tracking: a lot of bosses and enemies have ridiculous wind-ups that mess up dodge timing and ruins the rythm of the fight. And if you try to reposition to avoid it completely, they will simply turn around 180 degrees and hit you with that attack anyway. This is cheap, not difficoult. -1 point. Then there is the game balance: it feels like they spent less than 10 minuttes to balance this game. In a lot of late game areas, enemies are just basic scrubs that do nothing, while a mid game area might have enemies that will utterly destroy you regardless of stats and defence. Bosses also do WAYYYY too much damage in proportion to how often they attack and how long their combos are. They get to kill me in 2-3 hits while being able to chain 3-7 attacks in a row, while I'm lucky to land 1 single hit before they jump away from me and just stare at me from the other side of the area. This is utterly stupid. -2 points. Next is the ability to respec, upgrade weapons, and change builds: this is hopeless.... the game is incredibly stingy with upgrade materials, and even if you obtain the bellbearings, the mats get increasingly expensive. You need a total of 12 of each basic smithingstone to max a weapon, from lvl 1 stones to lvl 9 stones. And lvl 8 stones cost 30 000 runes a piece, just to give an example. This discourages experimentation in a game with over 100 weapons. Respecing is also limited, as there is a fixed amount of larval tears you can obtain in a single playthrough. This can hardlock you to stick with the same build through the whole game. -2 points. Now we are down to 4/10. Now lets add the good things: The world is big, with lots of things to discover around every corner. Everything from weapons, mats and spells, to catacombs, castles and dungeons. Exploration is very rewarding. +2 points. Buildvariaty: if we look away from the horrible upgrade system, there is a lot of different ways to build your character. You can go pure meele, or pure spell/incantation builds, or heavily focus on status buildup, or make a combination of either of them, and much more. +1 point. Encounters: there are many npcs to stumble upon in this game, most of wich leads to new side quests or detours, or even new areas. Some are missable, wich can lead to missing out on certain questlines or items, but this isn't really a problem. The npcs of this game are fairly interesting, and some will even fight alongside you at certain bosses if you summon them. +1 point. Now we are at 8/10. There is a lot more that drag this game both up and down, but these are my takes. Personally I give the game a 7/10. It's an overall good game, especially with certain mods, but it can be really frustrating at times, and I can't really think of anyone I would ever recommend this game to. I had my fun, along with much frustration. Edit: Steam doesn't ask if the game is good, Steam ask if I would recommend it. I would not, unless it is with mods.","combat, graphics, story, controls, other"
1091500_222216766,Cyberpunk 2077,"Amazing game, this one is an all-timer. If you've played it, you know. If you haven't, stop reading this review and play it.",other
413150_220099069,Stardew Valley,if you want a game that you can put alot of hours in and still have fun this is the game for you and it may be 14 dollars but on mobile it is like 5.99 so please buy it is so good,price
1145360_222998831,Hades,"i think this game is good? after replaying it for a few hours after years, i noticed how artificial the difficulty is. for example, my first run ended at the snake, but my second run - with very little upgrades or special boons - was much easier. like i literally just did more damage than previously. i got to elysium, i assume early, and i just hit a wall where i could do no damage unless i was actively making use of the arena mechanics",combat
1237970_208406299,Titanfall 2,"This game delivers a thrilling shooter experience with some of the best movement mechanics around. The wall-running feels tight and responsive, the double jump adds great vertical freedom, and the gunplay is smooth and precise. A true blast to play.","combat, controls"
1237970_221191578,Titanfall 2,"Believe the hype, this game is the best thing sliced bread! Don't let the movement mechanics scare you, Respawn did amazing with the controls and feeling of the whole game - ♥♥♥♥♥ buttery smooth, can't get good stuff like this anywhere else! The single-player AND multiplayer of this game is absolutely the GOAT, hands down. Anyone who says its not simply hasn't played it, and here's a little secret for multiplayer - the games still fun even when you lose, you're saddened by the fact that the match is over - winning or losing is an afterthought. Between the Titans and movement mechanics, the perfect story mode, you'll be surprised that ""it all just works"" and realize this game is lightning in a bottle. No exaggeration, add about 1,600+ hours to time played at time of review - I got this on Xbox when it came out so I'm guessing based off time I spent on games here on Steam. Could probably double that if the DDOS attack on the servers bullspit hadn't gone on for a couple years...",story;controls;combat
1245620_219363858,Elden Ring,"BEST GAME LORE AND STYLE AND DEPTH, and I've played almost every RPG related game since Nintendo. 4 years later i'm still coming back for more!",other
1091500_221952131,Cyberpunk 2077,"It took me a while to get into the game, but once I did and started getting some upgrades and getting into the story I've been loving it. I also cross save the game to my Switch 2 and back to my pc.",story
1145360_206777063,Hades,"The game never really catched me in the beginning, but when hades 2 came out I decided to try this one first and oh boy was I suprised to see how good it actually is. Finally a roguelike where it is not only the grind but a very nice and genuinely good story. The conversations are actually written as if they could really happen, not like most games. The Love for details in this Game one of my favorite upsides, because there is always something new to discover. The narrator is such a gift and makes the immersion even better. For an indie game, this game has a lot of potential and one can see that there are some thoughts behind a lot of aspects. Try it out, there is a reason why it got popular so quickly.",story
1237970_208927007,Titanfall 2,"One of the best single-player campaigns of all time, and the multiplayer is a ton of fun. Unfortunately, EA exists",other
1245620_220589683,Elden Ring,"YOU DIED. AGAIN. SORT OF. (with a horse and fancier clothes, spells and weapons and cool visuals and better mechanics. a let-down final boss design. great DLC. and a tubers-lore goldmine)",combat
1245620_225096870,Elden Ring,Came in. Got called maidenless. Killed the bastard. Learn you needed him to access a location otherwise you have to finish almost the entire game. No regret for killing ♥♥♥♥. 10/10 Would kill the guy again.,combat
413150_226193401,Stardew Valley,"Cute, but I personally found it to be extremely boring. Also controls like crafting are extremely unintuitive with no textual explainers unless you go hunting for them.",controls
413150_225678329,Stardew Valley,"Amazing game, had played it before on xbox and on my phone but its really more comfortable to play on keyboard, it was designed with that it mind and it is pretty clear. Chill game to just relax for a while, and the soundrack really helps you relax and just forget about everything else",other
1551360_199411647,Forza Horizon 5,Unskippable cutscenes. Unskippable DLC/currency adverts. Unskippable cringe story. Unskippable menu dialogue that stops any and all input. And when I'm playing with friends I spent more time loading than actually racing.,story;graphis
1245620_218811883,Elden Ring,"First souls-like game I have ever played and I loved it!! Take me quite some time to finish both the base game and DLC since I loved exploring the hole map finding and defeating every boss o mini-boss, there were no optional ones for me. The music and the visual art are amazing. Yes the engine feels outdated but accomplishes what a game must to be a master piece, and that's to be fairly challenging (this is quite challenging actually), rewarding and fun to play. Best game I have played in the decade",graphics
1091500_225040786,Cyberpunk 2077,I played it years later after it's launch and it still was buggy but it's still a great game with a good story and interesting gameplay.,story
1091500_224835206,Cyberpunk 2077,"God I could write a novel on my mixed feelings on this one - approaching 6 years of 2077 here, good lorde. Few games had me as hyped as Cyberpunk 2077. From its 2015 reveal to the delayed 2020 launch, I was completely locked in, in 2015 I basically discovered the cyberpunk genre through the world Mike Pondsmith created. It felt like the perfect middle ground between overdone fantasy and surface-level sci-fi. This was the only game I have ever preordered. I played it at launch on PC and, despite bugs like T-posing, broken AI, and weird visual glitches, I still enjoyed my first run. A lot of the bigger issues felt fixable, and I was more excited for what the game could become. Things like deeper RPG systems, meaningful AI, gang dynamics, and customization all felt like they were coming later. That is where the disappointment really sets in. Even now in 2026, after patches and Cyberpunk 2077: Phantom Liberty, it never became the RPG it was presented as. If you were (like me) expecting something closer to The Witcher but in a cyberpunk setting, this is not that. And yet I have played through it six+ times. Because what is here is still incredible. Night City is one of the most detailed and immersive worlds ever made. Just driving around, watching the skyline, and existing in that space is unmatched. It honestly feels like the scale and ambition of the world came at the cost of the systems meant to support it. Amazing world, unforgettable vibe, but a missed RPG opportunity, and they clearly knew it from how they focused on all its positives in Phantom Liberty.",story
1551360_199239700,Forza Horizon 5,Just bought this game for the first time and it crashed 4/4 times during the intro races. Super annoying and disappointing.,other
413150_221098365,Stardew Valley,"Stardew Valley. It was a game I turned to when I lost the passion I once held for my college degree. The game that returned me to my roots, to a time when I was a child playing Harvest Moon: Friends of Mineral Town on my GameBoy Advance. A time when farming was a way for me to feel productive, when the term ""job"" was yet foreign to me. And now, as an adult 20 years later, I get to enjoy that time with a game that continues to provide for the community, with new updates, new farms, new pets, and so much more than I could have imagined on my own. And my 800+ hours will only grow further as the next 20 years pass. Thank you, ConcernedApe, for bringing back such wonderful memories and helping me relive them every time I play.",other
1091500_222996143,Cyberpunk 2077,Rawr! X3 OwO what's this? *notices ur chrome* let's have a lil looksee here! Nyet ur bwood woud look so CUTE on mwy sweater >w< u woudn't mind tho woud u??? ^w^ o no ur dying?? it ok!!! no need to panic i fix it fow youw! UwU,combat
1245620_221658191,Elden Ring,"Played over 90 minutes. Everyone you encounter kills you, died on average every 3-5 minutes. Interface is not partiularly intuitave on PC, better with XBox Controller. Graphics are somewhat basic, washed out with no deail and don't comare with the likes of Assassins Creed or other similar RPG games. Super frustrating gameplay. I really don't undestand how anyone could care enough to spend much time with it or how on earth it became ""Critially acclaimed"". Very dissapointed and I was really hoping to enjoy this title from the trailers.",combat;graphics;controls
1237970_221931866,Titanfall 2,cool big robot and big booms and big guns and big die and good multiplayer and good campaign and good effects and good graphics and good concept and bad company,combat;graphics
1245620_219691030,Elden Ring,"legit one of my top 3 games. the last time i felt this sort of wonder and intrigue into a world, where i would spend hours looking in every nook and cranny was when i played zelda ocarina of time and twilight princess as a kid. in those games, you might get some currency or resources for your troubles, maybe a heart piece, but here you might find a weapon or spell that could define your entire build. a cave in oot might take you to a little room with a chest and also that one cow on death mountain, here itll be an entire little dungeon, with unique loot to find. i wish fromsoft stuck around with this game a bit longer, as some elements of the world are so intriguing but left so unexplained. i know theres the tarnished edition coming out, but as far as i know its a small content pack. a full dlc devoted to godwyn and those who live in death wouldve been cool, but what we have is already phenomenal",graphics
1551360_217153352,Forza Horizon 5,the best graphics i ever seen in any car game i hope in FH6 it should more enhanced and give us more realastic feel also my opinion is add formula section cars and track races there ara lots of formula fans and you can improve more physics,graphics
1091500_225192261,Cyberpunk 2077,Its magnificent to see how far games have come since the 80's. This epic number is just like being in a movie! Another time eater of a glorious game. Defo get this in ye collection!,other
1091500_224236095,Cyberpunk 2077,"A game where reality runs on unstable code, and you’re never sure if what you’re seeing is a bug… or an error. Sometimes glitches aren’t mistakes, they’re part of the game experience… until they aren’t. And a bug is never just a BUG. That “glitch” might mean you’re going full cyberpsycho, or it might be part of the gameplay… OR ! yeah, OR!!! It might actually be a FREAKING BUG!!. And you’ll never know which. 10/10. Would go full cyberpsycho again.",other
1237970_205721440,Titanfall 2,This game is very good for beginners because its not all shooting and has unique titans and multiplayer is great also has a very fun campaign,other
1237970_217745675,Titanfall 2,I loved it cuz it's ♥♥♥♥♥♥ TF2 (but to be for real the campaign was fun and multiplayer takes a little too long but it's aight.),other
1237970_216863348,Titanfall 2,"Probably one of the best FPS campaign experiences in steam, might just be the best, the sheer power you feel after getting into your titan is asonishing, one the downsides for me was how short the campaign it seemed like the campaign could have way more but not even 1 second is wasted, one of the things I liked about this game is that it does not add a bunch of crap balony just for the sake for more play hours but is honest with it's small but astonishing stoyline gameplay. The story has thrill in everyway, fun and fast pasted,(that is, if you wanted it to be fast pasted), emotional, all the characters have emotion and live like feeling to them, it a downside that EA is powering the game, this game on sales gets down to I think 4 euro or 6~5 USD, This is probably one of the easiest and best recommendations for a campagn FPS game you can get for that low price. the game is I think 8~9 hours long on the campaign, but for that short time the game feels alot, ALOT, then the amount of time it offers for the story, the storyline of this game is the best ""robot with human"" game you can play till this day. The gun play physics and the hardness is one the main parts of the game, if you don't like shooting games that much this is still recommended for the story. Its a true master piece of a game. (Please keep in mind that I have not played the first TItanfall game and I have not bugged around with the online platform of this game, this review is strictly over the campaign of that game).",story;price
1237970_223405164,Titanfall 2,Iv'e been playing this for around 9-8 years and it is so captivating the story is amazing and the graphics look like its brand new.,story;graphics
413150_221604369,Stardew Valley,"Stardew Valley is one of my favourite games of all time. I've just gotten it on pc, but on other platforms I have achieved perfection and have at least 50-75 hours. This game is amazing from the music to gameplay and the minigames. You can take it at whatever pace you want, and for my most recent playthrough I tried to minmax everything as much as I could which was really fun. I love everything to do with npcs from the heart events to unlocking new dialogue options as you befriend everyone in pelican town (I need Gunther and Marlon as friendable npcs). There is seemingly infinite things to do in this game, and once you somehow run out of content there are so many incredible mods that add to the game which I still have barely explored. Its crazy to think this game has been around for 10 years now and to anyone considering buying this game you absolutely should.",other
413150_219382859,Stardew Valley,It is a relaxing game that is hard to get bored of. There are many ways to enjoy the game and you can truly move at your own pace. I like that this game is fun on your own or also by playing it with friends. This is the only game I have downloaded on my computer and I don't regret it.,other
413150_223468997,Stardew Valley,It's really good and since I'm still starting out i have a long ways to go but recently over some time the game just stop calibrating my mouse clicks. and i would be fine with just using C but accepting quests and switching items in my inventory is a problem,controls
1145360_221934415,Hades,This game solves every issue I have with roguelikes. I am often relieved to die because I get to go back and spend all the stuff I just collected and know my next run will be better because of it. I also love having achievements for using each boon on each weapon and resources that can only be earned once per weapon because it makes me actually want to use them all. I also love seeing how encounters and characters change after you've hit milestones in the game. Like bosses commenting on your past performances and the gods making comments about what boons you've taken.,other
413150_223636010,Stardew Valley,"amazing game, IMO! I really like the atmosphere, and vibe of most of the places in the game. You never really run out of things to do, (at least i dont) and most of the things to do are very fun. Plus, the game runs really well for how bad my laptop is at running most other games haha (sorry if formatting is bad, one of my first times reviewing a game lol)",graphics
1245620_225928292,Elden Ring,"Name: Aidan Carrozzi Location: Danville, CA School: Monte Vista High School Height: 7'0 lanky ass nga GPA: 1.9 Weight: 300lbs Fav Music: Phonk Fav Master(s): Liam and Rishi",other
413150_225079389,Stardew Valley,"Never goes super in depth with its mechanics or balances them well. Not even the start feels that balanced. But it does enough with what it has to keep you playing. It definitely does tickle your bone in your body that likes to explore from time to time (lest you'll probably have to wiki-dive for questions you have). The highlight of the game isn't really the farming. Everything related to crops or animals isn't that rewarding besides easy money. There's maybe a few days of unique content that you'll likely care about, everything else is intermittent. The other skills will probably interest you more if you want more active gameplay. Many say to not do a modded playthrough the first time but I would say honestly give it a shot if the game doesn't interest you in some aspects. I've had way much more fun with faster animations + marriage mod (the marriage candidate pool is limited and the gameplay loop is a bit slow, especially when trying to go through all its content). I probably would've had even more fun with something like SDVE (Stardew Valley Expanded) as it mostly adds on to already existing content. This is a really safe pick if you want to play something low-pressure with your friends so it's also great for that.",other
1091500_221475188,Cyberpunk 2077,got 100 hours on the game and then updates and now i cant run it. good game but it sucks i cant finish it without shilling hundreds on new hardware,other
413150_225722835,Stardew Valley,"I LOVE STARDEW VALLEY 8) I wrote a haiku: From weeds to fiber Ores in furnace turns gold collect, build, gift, townie",other
1237970_213520317,Titanfall 2,"I've played Titanfall 2 for the first time in December 2025 and I was amazed about how well the gameplay, graphics and story was. Even though the game seems to be console-optimised I played with keyboard and mouse which felt really good. Only issue I had was that I could not change the keybindings / toogle to sneak, sprint, etc options - or couldn't find them. Another thing is the playability on Linux which can sometimes be hindered by the EA launcher. It is listed as Gold on ProtonDB but I did have recurring issues starting the game, but when it runs, it runs without issues except multiplayer connection.",graphics;story;controls
1237970_217230420,Titanfall 2,"rating this on the singleplayer campaign because: 1) thats all ive played thus far, and 2) that's what's most likely to stick around in the future. it was a short campaign, but really good. i knew nothing going in other than ""this game has freerunning, its older (game is from 2016, played in jan2026), you can control mechs, and people seem to play it for multiplayer a lot"". it shows its age a bit in several minor ways, but even in 2026, im pretty happy with what i played. the gameplay isnt without its minor qualms, but nothing annoying. mouse was snappy with no acceleration or damping, controls were all responsive, fov was more than enough, game is very efficient on cpu and gpu even with multiple browsers full of tabs in the background. go in blind, maybe play the first game first, for story. I didnt think i'd care about the story at all in this, but coming out, it's what i cared about most. it took me maybe 10-15 hours of non-rushing and sorta screwing around here and there. gunplay is... acceptable. its not bad by any means, but ammo scarcity and encouraging you to play scrappily and swap weapons because there's no ammo of what you've been using, and not remembering ammo or even guns between missions is ass, but wasnt impactful at all. just kind of a minor annoyance in this game. if i had to put a value on this game, specifically for just the singleplayer campaign, i'd say it's worth.... honestly, 10-20 usd, maybe more, depending on your expectations. it WAS very short, but i rarely finish games these days because im so picky, and i actually finished this in two casual evening sessions. not sure if i'd play multiplayer of this. i'll give it a try, but i have some ideas how it'll go.... so yeah: value: 10-20 usd visuals: A, older but very creative sound: A-, very good, some very small wishes gameplay: A, actually fun story: A+, almost cried overall: solid A AGAIN: GO IN BLIND, DONT EVEN WATCH THE TRAILER edit: i just read about the history of tf1, apex, and ea... and dude? ♥♥♥♥ ea SO much. this is, once again, ea just destroying anything they touch. damnit. im upset that this is what's happened, and now im upset that im in on the knowledge that this is what's happened. titanfall fans: i see you, now. you are valid. Stop giving EA money.",controls;story;price
1091500_221264750,Cyberpunk 2077,"Amazing World setup, an atmosphere to die for and wonderful writing, these are the base pillars of this master-fu*kin-piece game.",graphics
1091500_224258164,Cyberpunk 2077,"over a few days I already played this game for the unhealthy amount of 25hours, which truly goes to show how incredible this game is. When it first came out I heard that it was buggy and unoptimized for pcs so I waited for a while and yeah it has definitely gotten way better and it is almost a perfect game for those of us who love open-world game that has beautiful graphics as well as incredible storyline. 9/10 fully recommend buying, haven't tried the Phantom Liberty DLC yet, but planning to buy it as well since it is said to be goated as well",graphics;story
413150_223507263,Stardew Valley,One of my favorite games. Its a fun game that i can play for hours on end and still find new things. It is the perfect cozy game.,other
413150_222913772,Stardew Valley,i have a cat now and i like him. I named him Hammy and he is the sweetest boy. he sleeps on my bed with me.,story
1145360_208866484,Hades,"A very humorous and refreshing take on the Greek pantheon with rock-solid mechanics, flashy visuals and intense and engaging game-play.",graphics
1145360_212591039,Hades,"one of the greatest games ever! oneliners aside, I think Hades really is a refined and distilled essence of Supergiant game - perfected! I've played a whole bunch of their games over the years and title by title, you can see how they've been coming to this formula, super can't wait for HadeII to be fully out !",other
413150_224859730,Stardew Valley,"It's cozy, it's cute and there is SOOO much you can do. You don't have to rush to do things, just take your time and enjoy all the SDV has to offer. The story from what I have played so far is adorable, and you get to even get married and have kids on your farm as well. How flipping awesome!! It is worth every cent spent!",story;price
413150_225007048,Stardew Valley,"I own stardew on all my devices. It's a game that can be relaxing or stressful depending on your game style and pace. I have no negative comments, I love this game.",other
1245620_225846265,Elden Ring,"THE CRITICALLY ACCLAIMED FANTASY ACTION RPG yes, indeed, yes it is. And yet I don't understand how From can feel in any way shape or form, justified in saying ""THe game doesn't run like a hand-puppet show, it's the bloody mouse software."" Well look, I have no mouse software, and even the puppet show is smoother then this awful mess. How does it after all these years, not have shader compilation? How is it that any bloody effect popping up on the screen, practically stops the game? How can one area run like a dream and behind every second corner, it suddenly runs like a fluid simulation? I just... I don't get it. You can fool yourselves From. And you clearly forever will. It's been too many games. And you never change. And it's just a travesty. Honestly I know no one will ever read this. But damn get it together. I wanna love this game. But it is a game. And a game has to be playable. And not just barely. Properly. There's nothing like this game. And it will be apparently forever tainted by excuses, hubris, maybe bureaucracy, I don't know. I'm just sad and frustrated. Why are you like this.",graphics
1145360_217072726,Hades,"Great gameplay. Perfect for a controller. Designed to be highly replayable. I did like 100 runs before I got bored and I'd say each one takes like 10 to 30 mins. Great value if you get it on sale for like $3. My only complaint is that there's no reason for Aphrodite to be naked (with hair flowing down ""tastefully"" covering her). This would be a great game for all ages if not for that. Seems like you'd sell more copies too. Just put some clothes on her and bam, E for everyone, and I can buy a copy for my nephews.",controls
413150_225872577,Stardew Valley,"This might be the best game of all time. I've played it on Mobile, PS4, Nintendo Switch, and now this; and it's always maintained its creativity and excitement. (Let's not forget at this point I have 800+ hours in the game) 9 1/2 / 10",other
1245620_219865075,Elden Ring,"At first it made me mad so it sat in my library for a very long time. Recently I decided to actually try the game and force myself to understand that dying is okay, and now i am addicted. Help. People miss me....",other
1145360_223830504,Hades,"Satisfying controls and sound design, beautiful art, great voice acting, interesting progression, good story. Everything that makes a good game. If you like the genre, you'll like this. In fact, if you don't like the genre you might like it.",controls;graphics;story
413150_223825401,Stardew Valley,nice game pls let my girlfriend get the game for free she lost her account helppp if not then pretty mediocre game,other
1551360_205625291,Forza Horizon 5,"Great game, one of my all time favorites! Although, you will need a good internet connection! I have 1 GB and it still freezes sometimes.",other
1145360_215643050,Hades,"Such a great game! The story is interesting, artwork is fantastic, and what I personally like the most is probably how much effort seems to have been put in the dialogue with characters. It seems like there's constantly new dialogue, which keeps the interactions interesting - I still read/listen to all of them! Even after possible failed escape attempts, it doesn't feel like I get stuck in place with progress, since the dialogue seems to adapt to failures and successes. Also you get to pet Cerberus!!",story
1091500_221894773,Cyberpunk 2077,"god i love this game, thank god i didn't fall for the prelaunch hype you can fix bugs, but not a bad story, and this game has a GREAT story.",story
1091500_225040194,Cyberpunk 2077,"I love this game really, very few bugs in the 100+ hours I invested into it. My hardware is limited but it managed to get 60+ FPS in Hight settings and it still looked beautiful.",graphics
1245620_221566869,Elden Ring,"I always come back to the Lands Between. Finished the game solo, multiple times via co-op and even started some runs with randomizer and weapon mods. Game's a masterpiece.",other
1145360_222754078,Hades,"This game makes me horny, it makes me moan all the time (classically screaming). 10/10 experience for my emotional stakes.",other
1091500_220683834,Cyberpunk 2077,"(A few hundred hours through GOG as well) One of the best open world RPG's ever made. Yes it launched in a bad state. But today, that's irrelevant. Today it's amazing. Story and more importantly great characters. Those are the reasons I play games, and this game does it best. Biggest negatives in this game are things that are not as good as GTA. Well GTA is literally the best in the world at those things. And I don't care that the cops are not as good as GTA. That's irrelevant to me. Which, for me means I actually come back to play this game multiple times unlike GTA.",story
1145360_206527605,Hades,"Nobody reads my reviews anyway. I'll throw in a recipe for Varenyky. Recipe for Potato Dumplings (Varenyky) Ingredients: For the dough: Wheat flour ¨C 500 g Water ¨C 200 ml Egg ¨C 1 Salt ¨C 1 tsp For the filling: Potatoes ¨C 1 kg Onions ¨C 2 Lard or butter ¨C 50 g Salt ¨C to taste Ground black pepper ¨C to taste Preparation steps: Making the dough: Sifting the flour: Sift the flour into a large bowl. Making the dough: Add salt and the egg to the flour. Gradually pour in the water, constantly stirring. Knead the dough until it becomes smooth and elastic. Resting the dough: Wrap the dough in plastic wrap or cover it with a towel and let it rest for 30 minutes. Preparing the filling: Boiling the potatoes: Peel the potatoes, cut them into large pieces, and boil until tender in salted water. Preparing the onions: While the potatoes are boiling, finely chop the onions. Saut¨¦ the onions in lard or butter until golden brown. Making the potato puree: Drain the potatoes and mash them. Add the saut¨¦ed onions, salt, and pepper to taste, and mix well. Forming the dumplings: Rolling out the dough: Roll out the dough into a thin sheet about 2-3 mm thick. Use a glass or cutter to cut out circles approximately 7-8 cm in diameter. Forming the dumplings: Place a spoonful of potato filling on each circle of dough. Fold the dough in half and pinch the edges tightly to seal the dumplings. Cooking the dumplings: Boiling water: Bring a large pot of water to a boil, add salt. Cooking the dumplings: Gently drop the dumplings into the boiling water, stirring carefully to prevent sticking. Cook until done (approximately 5-7 minutes after they float to the surface). Serving: Removing the dumplings: Remove the dumplings with a slotted spoon and place them on a plate. Serving: Serve the dumplings hot, optionally drizzling with melted butter, sour cream, or saut¨¦ed onions. Enjoy your meal!",other
413150_221621602,Stardew Valley,"I have dedicated more time to this game than to any other venture or pursuit in my real life - all I have known and will ever know is Stardew Valley. Stardew Valley consumes my every waking hour, my every conscious and unconscious thought is filled with nothing but Stardew Valley. Stardew Valley is love, Stardew Valley is life. 10/10 will play again.",other
1551360_225062235,Forza Horizon 5,8/10. Pros: -Really good collection of cars -Map is fun to drive around -Never gets boring -Excellent graphics Cons:- -FIle size at 150gb is way too big -Could have had a better story mode and more immersive races,graphics;story
1551360_205579051,Forza Horizon 5,"Literally couldn't log into the game. No matter what stupid ??????? workarounds or fixes I tried, would not sign in. Everytime I would click my Microsoft account it would make NO attempt to actually log me in, and just loop back to the screen where I choose my account. Spamming this would just bring up an error telling me to try again later. Waste of my money, storage space, and time.",controls;price
413150_222430944,Stardew Valley,"I bought this game on one occasion and thought it was boring, but I tried it a second time and it was awesome. The game is simply godlike ¡ª it¡¯s like cocaine. I¡¯ve played around 50 hours, and I bought it just a week ago.",other
1551360_198052895,Forza Horizon 5,"i've played 44 hours and still only have 1 speed zone, 1 danger sign, and 0 drift zones. it takes forever for things like street racing the npcs to load, it takes forever for the game to load, and it's not as beautiful as forza 4. also no one races on the highway, and it lags on the highway at high speeds like above 260mph it will stop my car completely while the environment loads.",graphics
1091500_222777836,Cyberpunk 2077,"game runs well, ok FPS/slasher gameplay pretty fun but takes itself waaaaaaaaaaaaaaaay too seriously and as a result i have fallen asleep whilst trying to skip endless dialogue multiple times. I find the ""loot"" in this game particularly OCD inducing while also being functionally useless. No 3rd person is also insane considering how much time was spent on clothes. kinda just a weird game. i would recommend just focusing on the FPS/slashing gameplay, the netrunning cyberdeck stuff is cool at first but quite boring and OP. ignore all the loot/rpg elements, max out movement+double jump, and its pretty funny until endless dialogue appears.",combat;story;controls
413150_223951704,Stardew Valley,"this game is amazing, its boring for the first 30 minuats then gets really fun.100 percent worth the 15 bucks, would buy it even for 50. Would buy again and again.",price
413150_223250241,Stardew Valley,I have played for 7 hours. it is very confusing on what to do. And it is very hard. Spring is almost over and I've barely done any of the tasks I am supposed to because I have no money. But still I guess it is peaceful and mind numbing which is what I need.,controls
1091500_221601344,Cyberpunk 2077,60h gameplay = 30h cutscenes Like mass effect 3 with bad storyline. Good graphics. Much balanced for normal PC. Loads 3 times before starting. highly recommended on discount https://steamcommunity.com/sharedfiles/filedetails/?id=3691528336,story;graphics
1091500_220670202,Cyberpunk 2077,"Got the best ending with Panam after completing the DLC. Story was good. Killed Adam Smasher with Johnny's pistol. Sided with songbird in the beginning but sided with Reed to save Alex and get the good ending. Almost maxed out my stats. Completed the story 100%. Completed all the side gigs, races and quests in the main story as well as the DLC. Good game but doesn't even come close to Witcher 3 from CD Projekt Red.",story
1237970_209823597,Titanfall 2,I primarily play the campaign and Frontier Defense because I have a hard time keeping up with the other players in PvP gamemodes. Overall a fantastic game!,combat
1091500_222072367,Cyberpunk 2077,Keanu Reeves performance is the best performance of his career. im not kidding either. I have this running at 85 fps on high settings on asus rog ally z1 extreme handheld with a external gpu,story;graphics
1145360_223981643,Hades,"Hades is a great game full of interesting lore and a unique take on Greek Mythology. Play as Zagreus (Prince of the Underworld and Son of Hades) as he tries time and time again to break out of the Underworld and uncover his family's secrets. With the help of Olympus, your friends, and a variety of weapons, blaze your path through the layers of the Underworld until you reach the top!",story;combat
1245620_226090934,Elden Ring,"Man nothing I'm gonna say in this review is gonna be new at this point. The game is fire, everyone knows it, give it a go.",other
1145360_215548365,Hades,"It's one of those games I come back to like it's no problem even if I haven't played anything for a month. I get into it quickly, I have no problems remembering the stroyline, and every run always feels different. The artstyle was the thing drew me in, but the gameplay made me stay, although it was my first roguelite and I wasn't sure if I'd like it. I did.",story;graphics
1091500_220777364,Cyberpunk 2077,"Theres a lot to do, a lot to explore, a lot of ways to play, hidden gems and overall really fun!",other
1145360_225744842,Hades,"10/10 I first played Hades when it was in Early Access, and I really liked what I saw back then, but, for external reasons, I ended up leaving the game behind and never really played it again, even though I'd seen the game getting massively positive reviews everywhere (well, of course, the game really IS everything people say it is). This year, I decided to return to Hades with getting 100% completion in mind, since I really wanted to play Hades II, and I wouldn't play it without completing everything in Hades first, so my journey began; The thing is, there is nothing special about my ¡°journey¡± playing Hades, nothing too different from the majority of players' experiences, but the ¡°conventional¡± experience was already enough to make it a blast. I've played a lot of roguelikes in my life (and still do, by the way; it's by far my favorite genre out there), and Hades is easily tied for first place with The Binding of Isaac. I'm not really trying to compare them, but I genuinely can't say one is better than the other, since both are 10/10 in their own ways. The game is just too good. The story itself is phenomenal, and the way it blends with the roguelike genre is also just chef's kiss. There isn't a single character that I didn't end up liking lol. The gameplay itself is also on another level. In my first ten hours I thought the weapons and boons weren't that many but after 70 hours, I can confidently say: there really are that many. It's not that there are a lot of weapons or a massive amount of boons (power-ups) to choose from, but they blend so well with each other and make the gameplay feel so different from before that it's completely worth it. Also, about the story, there's something really cool: the game could technically end earlier if you don't want to spend that much time on it (though I honestly don't know why you wouldn't). The game basically has ¡°two endings¡±; the first one starts the credits scene and you could say that's the end of the story if you want, but after that there is the ¡°post-credits¡± section where you can keep playing and the story basically keeps moving forward, more than doubling your playtime. The thing is, if you want to stop there or take a break from the game, you won't really be missing much, at least not nearly as much as if you stopped before the climax, I mean. As someone who deeply loves the roguelike genre, I feel SO happy that Hades exists. As I've said before, to me, Hades is just on another level compared to most other games in the genre. The story is fantastic. The gameplay is some of the most addictive and enjoyable out there. The voice acting and performances of all the characters are more than just on point: it's honestly absurd how good they are. And I WON'T even start talking about the OST, or else I'll never stop (It's also chef's kiss, who would've thought?) Truly a masterpiece. - a fellow Dusa fan",story;combat
1237970_215556148,Titanfall 2,"I can see why so many people regard this as one of the best FPS games out there, the ideas and innovation of it's time is something else. Sadly - no multiplayer connectivity for a long time now. Still, it was fun while it lasted. You need to experience this for yourself. Trust me.",combat
1245620_219169293,Elden Ring,Love this game but it is unplayable right now. Get frequent freezes during gameplay that makes it impossible to enjoy this game,graphics
1145360_222293711,Hades,One of my favorite games of all time. They is just something so captivating about the game and its art style that it just makes you want to beat it so bad and try a large number of combinations to achieve that goal. 10/10 would recommend to anyone that likes customization or dungeon crawlers.,graphics;combat
413150_223912825,Stardew Valley,"As a longtime Harvest Moon player, I did not expect to get this hooked! but Stardew Valley absolutely delivered. It captures that classic farming charm while adding so much more depth and freedom. The fishing mechanics are surprisingly fun, and I love how you can customize your farm buildings to really make everything feel your own. My only gripe is how big the map feels early on. it takes forever(in game) just to get from point A to B when youre starting out. Thankfully, it gets better later with warp totems and even a horse, which makes traveling much easier. I havent tried co-op yet, but Im really looking forward to playing with my sisters soon. Im almost 50 hours in and still in Year 1¡­ this game just keeps pulling you back in!",controls
1145360_226275119,Hades,"amazing rogue-like and I love rogue-likes, but if you love the game but suck at rogue-likes then this game also has a easy mode for you",combat
1237970_209594070,Titanfall 2,"Despite what is essentially abandonment from the devs, I've always enjoyed Titanfall 2. Game isn't filled to the brim with microtransactions, and with some days of grinding you can get everything in Multiplayer with Credits; the only things that require a purchase are cosmetics. I wish the game would get the attention it deserves from the devs, game's good.",price
1551360_213700831,Forza Horizon 5,"Forza Horizon 5 is an amazing game. The open world is beautiful, the driving feels smooth and fun, and the variety of cars and events keeps everything exciting. It¡¯s easy to enjoy but still has depth if you want it. Highly recommended for anyone who loves racing games or just wants a fun, relaxing experience.",graphics;controls
1237970_224474023,Titanfall 2,This game is more fun than most AAA FPS shooters. There still isn't a game out there like it . I hope they make a Titanfall 3 one day,combat
1145360_222588136,Hades,"Looks great, but just not fun to play, for me. I also didn't feel like I was progressing, it's all just very contained rearrangements of the same kind of screen. In the first hour anyway. May come back when I pick up the sequel on sale and see if I can tune in to why people dig this. I got on really well with Ruiner, which is similar and had much more split reviews.",graphics;combat;price
1091500_222981348,Cyberpunk 2077,"Great game. Fairly long but the ability to skip most dialogue when you want is nice, especially on subsequent playthroughs. Story was ok. Keanu and Idris were great. Looking forward to the next one",story
1145360_220203331,Hades,/h3 It's a good way to kill time when you have so much of it free. The graphics of this game are amazing and the controls are easy to remember. The interactives with the many characters inside tartarus as a whole are extremely entertaining,graphics;controls;story
1091500_220530536,Cyberpunk 2077,10/10 hands down of of the best game iv really ever played great story and one of the few games i felt for the chars fell in love with silverhands char chose to let him sacrifice himself for v and the one line that will haunt me is please dont forget me wel it said please remember me but it got to me i connected with the chars and i havent been this emmersed in a game in a long while good luck out there all of my chooms and newer chooms good luck,story
1145360_214132146,Hades,"I may have a problem here. I just can't stop playing this game. Don't get me started about how I thought the storyline was going to take a right and it made a hard left on a dime. Some of the best character development and support I have ever witnessed in a video game (the game does the work here, not the player). Anyway - I am hopelessly addicted. I have mastered this game to a broken level and I still want to keep playing. OI don't frequently post reviews on Steam, but a love/lust relationship in this game made me do it. I just purchased the sequel to this game, Hades II. It is not the same as the original, also not better than the original. Get Hades First. Both are on sale at the time I posted this review. Here's to a better new year ahead.",story;combat
1145360_223451027,Hades,"One of the best games I've ever played, I was hooked from the first 2 hours and I'm sure you will be too",other
1245620_218248214,Elden Ring,This game might make you angry but finally beating a boss that gets you enraged is like seeing the light at the end of the tunnel.,combat
1551360_214217009,Forza Horizon 5,"This game is an unoptomized, buggy MESS! The cutscenes are boring, long and they aren't skippable. Not even worth it during the winter sale at 50% off. Refunding this ???? game and never looking back",graphics;story;price
1245620_222890795,Elden Ring,"My first playthrough of Elden Ring was on the OG Xbox One which meant barely getting 30fps and 3 - 5 minute loading screens after failing bosses. Not to mention heavy rolling up to Godfrey, First Elden Lord (Golden Shade) until being saved by my friends informing me that I didn't have to do that. I say this because somehow the game was still 10/10 without even playing the damn thing correct and making it EVEN MORE difficult than I needed it to. I then beat Elden Ring (and a few NG+ runs), and I can confidently say it was one of the most rewarding experiences I've had completing a game. I shed a few tears because I didn't think I could do it, and it taught me an odd amount of patience. It is not perfect, and it certainly is not for everyone, but it is incredible, and I haven't played anything quite like it. My PC playthrough has been fun, the DLC is truly amazing (although I do have some complaints), and 60fps is like taking off ankle weights, but sadly stutter is a very real issue for this game, and that is something that should've been fixed long before now. Maybe it's just my pc though.",combat;graphics
413150_222538532,Stardew Valley,"I have this game on pretty much every platform, so to say I don't recommend this would be blasphemy on my part.",other
1091500_224101309,Cyberpunk 2077,"they fixed a lot of the bugs since release. it is one of my favorite games and i love it. it is a greatest shooter and has a lot of depth to its story, but buy it on sale i love it but i would not spend 60 bucks on it lol/",combat;story;price
1245620_222472217,Elden Ring,"I love the game so much, It really is a peace of art and that not just visually. The gameplay you are being offered is mind blowing and It is an experience that is not the same as in other souls games I have played. I would recommend this game to literally anyone, just because of the fact that you will learn to never give up, at least in videogames ._. mf",graphics;combat
1237970_208694489,Titanfall 2,"ABSOLUTELY one of if not the best fps games to ever exist, and one of my favorite campaigns in any game ever. The fluid gunplay and movement truly feel like a glass of water at 3 am. 5/5",combat;story
413150_225849404,Stardew Valley,"This game is top tier with a lot of things to do. it looks like a simple game, but the amount of content and things to do is exquisite. I didn't know anything about farming and still enjoy this game. The satisfaction this game gives you cannot be described in a Steam review. 10/10 Would recommend. -itjme",other
413150_223668556,Stardew Valley,"Unmodded or modded this game is a 10 out of 10! It's what I call a time waster, you start playing and soon you don't realize how much time you have put into it. The only thing wrong with this is the fishing....I hate the fishing! Other than that have spent way to many years of my life on this game!",controls
1091500_222812997,Cyberpunk 2077,Game started out ruff back in the day but it was loved by the devs and now its a great game in my humble opinion. Looting Shooting Fun,combat
413150_224084166,Stardew Valley,"a very good game, at first it may seem difficult but once you get the hang of it, it plays well I highly recommend it",gameplay;difficulty;recommendation
413150_220455865,Stardew Valley,"Got this game as way to pass the time during on-call shifts. In short time it became a go to game for rainy days, cold winter days, days sick etc. The short time commitment between auto saves made it ideal to start up and play a day or two.",relaxation;session_length;save_system
1145360_219260169,Hades,"Hades set up golden benchmark for rogue-lite games for good reasons. At the beginning I was very skeptical due its action genre that is not my usual cup of tea - and be honest I am also quite bad at it. But I still gave it a try... and than found how captivating it is. The story, the characters, the relations that develop and upgrade every run, alongside a rewarding meta progression system and different weapons... So I dived in. After initial runs and noob deaths I started improving and progress further and further. Started weapon upgrades, started discovering various skill combos and shaping character during the run alongside my clumsy reflexes... Took me 73 attempts for master everything enough to reach the game end.... but that was just another sort of beginning.. another 20-30 runs for true ending where you see eyour father from different light.. and after 137 runs I have finally unlocked all game achievements which come alongisde wraping all game stories (amazing at this point there are still new and new dialogues, but its starting to be bit too much for one game) Great experience, if some game should be evaluated as the best roguelite, it is Hades.",gameplay;story;characters;progression;weapons;difficulty;achievements;replayability
1145360_206861560,Hades,"I let him escape. He felt cold, saw a raising sun and met mother but bind to Hades for him is too strong ... so if you finished you know what happened next 😉",story;ending
1091500_225075458,Cyberpunk 2077,"I played Cyberpunk 2077 at launch on PC, and yeah, it was buggy. To be fair, my experience back then wasn't quite the disaster everyone made it out to be, and I still enjoyed my time with it. But compared to where the game is today, it just wasn't ready to ship. Between the 2.0 overhaul and Phantom Liberty, CD Projekt Red has turned this into the game it always should have been. Night City is still one of the most atmospheric open worlds ever built, the reworked systems finally feel right, and Phantom Liberty is easily one of the best expansions in years. If you bounced off it at launch, this is the time to come back.",performance;technical_issues;open_world;atmosphere;systems;dlc
1551360_203064100,Forza Horizon 5,"Wroom-wroom-wroom. U'll need to STUDY, yes [h1] STUDY [/h1] how to drive in FH5, but this game is fun, so, good luck!",driving_physics;learning_curve;fun
1091500_224918241,Cyberpunk 2077,"Please, if you can buy this game, i beg you to do it. I can’t put into words how good this game is. It is not perfect, the start was VERY rough, but in 2026, it is one of if not the best game you can play. Depends on what you like. -RPG elements : Not the most fleshed out, after all you are playing as your V and not a completely made-up character. Still, they’re very, very good. Also it‘s important to mention that this decision opened many great possibilities in the game development that otherwise wouldn’t be possible. -Combat : I would say a benchmark. The way you can customize your fighting style to what you want to do is ridiculous. Everyone can find their style. -Visuals, graphics : THE benchmark. Demanding, of course, but in 2026, doable. And stunning. The game is extremely beautiful. -The story, worldbuilding : This is the best part of the game by a longshot, and that’s saying something. The game treats you like a ♥♥♥♥♥♥♥ adult for once, and you go through so many difficult, nail-biting, decisions that genuinely make you question who you are as a person. Not only is it very entertaining and downright inspirational, but very believable as well. You genuinely feel like a part of the story that is happening, somewhere, not so far away. Overall, i have not played a better game in my life. And honestly? I’m pretty sure that if CDPR doesn’t knock it out the park with the Witcher 4 or project Orion, i’ll never will :)",rpg_systems;combat;graphics;story;worldbuilding;choices;performance
1245620_220606495,Elden Ring,"I like this game very fun, played it for a while when it came out but was too young and sucked at the game but coming back and playing it again has been an absolute blast",fun;difficulty;replayability
1145360_208113598,Hades,"Hades is everything a dungeon-crawler fan could want out of a game. Its gameplay loop is rewarding and interesting, it's simple enough that there's no skill barrier, it's complex enough that the repetition is a benefit and not a detriment.",gameplay_loop;accessibility;complexity;replayability
1145360_208934342,Hades,"This is hands down the best rogue-lite game I've ever played. The art style is so gorgeous (I want to eat it) and the story is very catchy and exciting. The interactions and dialogues are never once the same - which, mad props to the devs on that, usually the dialogues on every other game becomes pretty repetitive and I am amazed by the fact that this game is very well done in that regard (just like in almost every other way). I've only encountered one bug but it's not gameplay critical. The gameplay itself it's never the same either, making it more and more difficult it's what marks this game as the very best on it's gender. Kudos to the devs and if you haven't played this game yet, I encourage you to give it a try! I assure you, u won't be disappointed.",art_style;story;dialogue;bugs;gameplay_loop;difficulty;replayability
1237970_225801155,Titanfall 2,"That was probably the first time when I didn't expect the game to end so quickly. The only thing that I can say about the campaign - it was short, but great. It took only about 5 hours to complete it. There's something special about this product and its setting and history - something that Apex Legends lacks the most. It's sad to see what the series has turned into with all these inclusive characters with no story and development, a ton of skins and vibrant visuals. [b] In conclusion, I would strongly recommend giving it a go [/b]",campaign;story;length;setting;recommendation
1091500_224112593,Cyberpunk 2077,"Cyberpunk 2077 forced me to upgrade to an Alienware laptop. My previous one did not survive the experience. Thanks, CD Projekt Red. Now I get to live out my Rick Deckard dreams, just with worse decisions, more frame drops and less grape. 10/10 game.",performance;hardware_requirements;atmosphere;humor
1145360_214424825,Hades,ive played this game for over 200 hours on my switch and let me tall you it is WORTH THE MONEY,value;playtime;replayability
1551360_223665510,Forza Horizon 5,"250 Hours and loved every minute of it. Tons of cars, they feel different, lots of setup changes. People make really cool tracks. Runs Great. Sometimes i like just driving around not even doing missions. Already bought the next and hope it's as least as good.",car_selection;handling;tuning;custom_tracks;performance;open_world
1245620_218124253,Elden Ring,"I've playied it before, via no very paying ways, but since my friend got me this masterpiece. I am playing it everyday 24/7 for the last two weeks. Would i recommend it? I do not know yet, I haven't met Milennia yet, neither died several times and cuss at the devs for making such a hard boss.",value;addictiveness;difficulty;bosses
1551360_217788556,Forza Horizon 5,"If any of you are still on the fence about getting Forza Horizon 6, stop thinking and just go for it. Turn everything else off and dive in. If FH5 was the peak, then FH6 is a whole different dimension. The sound, the freedom, the graphics it’s simply the ultimate dream for any car enthusiast. To be honest? I’m incredibly jealous of everyone who already has their pre order locked in and is just waiting for the launch. For me, that feeling is going to have to wait a long time. Right now, my priorities are elsewhere I’m investing every single penny into my future and my projects, so FH6 had to take a backseat. The path to big things requires sacrifices, even if it breaks my heart a little. So, for those of you who have the chance: enjoy every meter of that asphalt for both of us. I’ll be over here sharpening my skills in FH5 and hoping that somehow, the road to FH6 opens up for me sooner than I expect. It’s a must play for anyone with even a drop of gasoline in their veins",sound;freedom;graphics;driving;car_culture;value
1091500_222366516,Cyberpunk 2077,"Easy top 3 best games of all time, Beaten several times on all platforms, platinumed on Playstation, all achievements on Xbox, and now playing through on pc, as well as some mods of course which are all really fun, Story is amazing, lore is amazing, Cyberpunk: Edgerunners is amazing. Love this game.",replayability;achievements;mods;story;lore
1237970_215208172,Titanfall 2,"This shooter has the best movement, a great campain story and the best multiplayer ive ever played. If only the creaters would realize.",movement;story;multiplayer;campaign
1551360_199073111,Forza Horizon 5,game fun very good i play 115 hour no sleep i very sleepy and very good that is a game,fun;playtime;addictiveness
1237970_216765805,Titanfall 2,This game is unlike anything i have ever played It's incredible too bad ea keeps ♥♥♥♥♥♥♥♥ itself and they keep destroying linux compatibility,uniqueness;technical_issues;linux_compatibility
413150_222422234,Stardew Valley,Undervalued game with great dynamics and friendly/chill atmosphere. Runs perfectly on Linux(Ubuntu and Arch!) with 2 controllers in co op-screen-sharing mode. Really just a perfect game,gameplay;atmosphere;performance;linux_compatibility;co_op
1145360_222067247,Hades,"So far, I've gotten all achievements in Hades. I've died many times, I've raged a bit fewer times. But I learnt to love the loop of trying again, and again, and again. The gameplay loop is addictive, the story is immaculate, the artstyle is perfection, the accessibility settings from what I've seen are well made, but what takes the cake is the VA work. The entire cast has killed it, through and through, the entire dev team was absolutely a well oiled machine to make such an amazing piece of art. Just as much praise as everything else, the OPTIMIZIATION of this game. OH MY GODS. If you have what today would be considered a low-end rig or laptop, you're good! While Hades might not have too many options to change visuals compared to other games, it doesn't need it. It is buttery smooth, and it ran perfectly on a family PC as old as dirt that was way, way worse than the laptop I have now (specs attached). All my praises to the coders that worked on this! A friend of mine gifted me Hades 2 not too long ago, and I've been grinding the rest of achievements in this game before touching the second, and Heavens it's been worth it. I will still keep playing, there's yet more to do, stories to listen to, and so, so many more times to die. Absolutely worth every cent, if it's on sale, get it immediately then get it for your friends that don't have it. Even if you don't like roguelikes and are only interested in a good story, there's an option to make the game way easier for you to enjoy the story basically on its own! Go escape the underworld, I seriously could not recommend it enough.",gameplay_loop;story;art_style;accessibility;voice_acting;performance;achievements;value
1237970_225251383,Titanfall 2,"Just buy it, trust me :) Finally taking the time to write a review. I picked up Titanfall 2 on sale a few years ago after wanting it since launch, and it’s honestly one of the best campaigns I’ve ever played. The gameplay is just awesome—everything feels so smooth. If you’re on the fence, I highly recommend buying it!",campaign;gameplay;controls;value;recommendation
1237970_221707689,Titanfall 2,Amazing game I first played it on Xbox then bought it on Playstation and now I bought it here and gifted it.,replayability;platforms;gifting
1551360_210226748,Forza Horizon 5,"Worse then 4 in almost every respect... The story sucks, you start as the champion which is just the worst writing right from the start. You have to first unlock most features of the game through missions that are just annoying, it's more point & click adventure then a racing game, with tons of unskippable cutscenes of exposition and wanna be cool banter. Then you want to do some racing, with every race early in the game you get a bunch of unlocks and more unskippable reward drop notifications for useless rewards that you then have to manually collect from various reward menus. Every time you finish a race the game is like ""Hey you have another mission to do!"" ""Go do this next!"" ""You gotta do this thing to unlock another thing!"" ""Don't forget to do this thing!"" pestering you... When you think you're going to drive your fav car that you customised to your liking, think again because you won't, these missions have set cars you have to drive while npcs and your character banter through the entire thing. The UI is also a step down from 4 which wasn't great to begin with, the UI in 5 is even more cluttered and annoying to navigate. What is actually good? Game looks good and runs smooth, Mexico has a lot of beautiful vistas, when it actually allows you to do some racing it's pretty decent. I assume that once you finish these starting missions the NPCs stop bothering you, at least I hope so...",story;progression;missions;cutscenes;rewards;ui;graphics;performance;map;racing
1551360_219735353,Forza Horizon 5,"fun engaging,rivals fun too alot of cars to collect wish there was progression like markers on the flag on what difficulty it was beaten (ai) novice/expert/highly skilled for better practise since u can reset the completion flag its hard to track :D",fun;car_collection;rivals;progression;ui
1245620_223697482,Elden Ring,One of the best things created by mankind a master piece among masterpieces the combat the atmosphere the lore the fits the map and the bosses everything is so well done only downside would be that there isn't much talking in the game it's 99 percent fighting and it doesn't hold your hand like ubisoft so you gotta figure out where to go by yourself for me thats a plus but for casual gamers it might be a little too much. All said absolute masterpiece fromsoftware only drops bangers,combat;atmosphere;lore;map;bosses;difficulty;exploration
413150_219593395,Stardew Valley,"Started playing when ill in bed for a week and immediately became obsessed. It's such a chill game, and you have mostly free reign over what to do but with enough quests and lore so that it doesn't become boring over several hours of play. i also really enjoy the seasons mechanic and how it actually plays a part in the game, for example what plants have to be planted and when or certain activities/cutscenes that can only be seen in certain weather.",relaxation;freedom;quests;lore;seasonal_mechanics;replayability
413150_220830937,Stardew Valley,"I played this game many years ago (pirated), loved it. Its so peaceful and a perfect way to relax. Of course i bought it when i had the means to. Love the developer and love this game.",relaxation;value;developer_support
1237970_209818411,Titanfall 2,I'm a latecomer because I didn't know how dope this game was. The voice acting and story is on point for the regular campaign and the PVP is pretty challenging without being overwhelming or cheesy. I appreciate the developers still maintaining the game and providing updates and stability.,voice_acting;story;campaign;pvp;difficulty;developer_support;stability
1245620_218559856,Elden Ring,"This was my first souls like game and althought it is quite a difficult game, it is an experience everyone should feel once. Everything was perfect!!",difficulty;first_time_experience;recommendation
1245620_225393242,Elden Ring,"Fantastic game, much more players than DS3 or DS1R, can find opponents in seconds. Can not wait for a second game, PRAISE THE SUN",multiplayer;player_population;pvp;sequel_expectation
1245620_221425368,Elden Ring,"i have 600 hours in this game and i still play like i downloaded it yesterday i see a boss at 1hp and my brain immediately shuts off “just one more hit bro” next thing i know i’m dead and staring at the screen like i wasn’t the one who made that decision every. single. time. i’ve learned attack patterns, optimized builds, memorized routes… none of that helps when i panic roll into the exact attack i’ve dodged 400 times before also why is fall damage still my biggest enemy not dragons not demigods gravity just me, confidently rolling off a cliff like an absolute genius sometimes i die and just sit there like “yeah that one’s on me” no anger, no reaction, just acceptance like paying taxes anyway i’ll complain about this game for hours and then immediately boot it up again like i have no self-respect 10/10 highly recommended (help me)",difficulty;bosses;builds;controls;humor;addictiveness
1145360_207204351,Hades,"I have this on multiple platforms (Steam, Switch, PS5) and really enjoy it. I like the replay value very much and the procedural generated dungeons and the fact that you can build relationships with various characters along the way. My favorite part is that more than one escape is needed to complete the game and you learn a little more each time you escape. I like the ability to increase the difficulty if things start getting too easy as well, spices things up :D",replayability;procedural_generation;characters;story;difficulty_scaling
1551360_220498966,Forza Horizon 5,as someone who plays fh4 as theyre first horizon game fh5 is pretty solid its a tad bit worse than fh4 but not ny much,comparison_to_previous;overall_quality
413150_225878911,Stardew Valley,"this game is like the biggest timesink ever lol i could play it for hours, there's so much to do!!",content_volume;playtime;addictiveness
1145360_206420657,Hades,THIS GAME IS SO ADDICTING AND SO FUN LIKE HOLY MASSIVE W TAPER FADE 10/10 MUST TRY AGAIN AND AGAIN:D,addictiveness;fun;replayability
1091500_224257022,Cyberpunk 2077,"Boring, so ♥♥♥♥♥♥♥♥ boring. It takes forever to get into, there are so many complex and uninteresting mechanics, the driving is atrocious, the clutter is ridiculous, and the characters are just so bland and unlikeable with really stupid dialogue. Night City is probably one of the most uninteresting dystopian cities I have played in. Everything that is interactable I couldn't care less about, the NPCs have less life and personality as PS2 era NPCs. The main characters are all so corny that I can't take any of the cutscenes seriously and find myself apathetic to whatever dialogue options are presented because, again, I keep finding myself thinking ""WHO CARES, CAN WE MOVE ON?"". But no, you can't move on because you need to do a hundred micro tasks of responding to pointless dialogue prompts, then waiting for the ride to finish or skipping it, then getting out of the car, checking your messages, and then calling another uninteresting character, listen to them rant some more to provide a single semi-important tidbit of information that doesn't really matter if you know, and then you can keep playing 10 minutes later. The combat is pretty fun so I am trying to stomach all the crap, but it is really hard to want to keep playing. The braindance mission alone was so mind numbingly boring and unnecessary, I almost stopped playing there. I was waiting to get this game until everyone said it was playable and they fixed all the issues it had on release but it was recently gifted to me. I think it was just a boring game that they tried to jam too many visual effects and flashing lights into, and they aren't even impressive. My PC runs the game fine on ""Cinematic"" but there isn't much worth looking at. I will probably keep playing because I feel obligated to get my friend's full moneys worth, if I had bought this game I would have already put it down and uninstalled.",pacing;mechanics;driving;ui;characters;dialogue;open_world;combat;graphics
1245620_223335491,Elden Ring,"if i could sue this game for trillions i would and i would do it with a smile, and by definition, this game is malware, as it takes an entire pc shutdown to close the game otherwise it refuses to close. edit, make that hundreds of trillions, also, you dont make a boss harder by making him have infinite attack, health, speed, resistances and everything else, and the only downside be he has a little less hp then other bosses, thats what a child does so their main character doesnt die, in otherwords, the devs are childish.",technical_issues;boss_design;difficulty;balance
1551360_212464364,Forza Horizon 5,"The best game I've ever seen, very realistic driving and drifting physics. Lots of cars and tuning options. Lots of online modes. Lots of add-ons. I recommend it to everyone!!!",driving_physics;drifting;car_selection;tuning;online_modes;dlc
1245620_219209554,Elden Ring,"This is the best game i played in all my life, graphics, bosses, items, world, everything is perfect and cool actually absolute cinema game",graphics;bosses;items;world;overall_quality
1551360_221124589,Forza Horizon 5,bad optimization on Logitech G923 whenever I hit a wall it bounces my car straight off to the other way but its a great game,optimization;wheel_support;physics;technical_issues;overall_quality
1091500_225158540,Cyberpunk 2077,"One of my favourite stories in all of gaming 10/10, the DLC is 11/10 best stealth combat ive ever played. Main stories combat is a bit janky but love the story makes up for it ten fold HF gonks :3",story;dlc;stealth;combat
1551360_202867553,Forza Horizon 5,"The map is stunning, filled with diverse landscapes that make every drive feel fresh and exciting. The car selection is massive, and the driving feels smooth whether you’re cruising or competing. It’s the perfect mix of realism and fun, with endless events and challenges that keep you coming back. Easily one of the best racing games out there. Very enjoyable and fun!",map;landscapes;car_selection;driving;realism;events;fun
1551360_205403644,Forza Horizon 5,"I really love Forza Horizon, but why tf do I have to log in after I already launched the game I paid 60€ for? I’ve put a lot of playtime into this game with the Xbox Game Pass and later bought and played it on Steam since I no longer use Game Pass. When I played it a year ago everything worked fine, but after reinstalling I’m now greeted with a popup saying I have to log in to play. The login button is bugged, so I can’t even log in. I tried every fix I could find online, but none of them worked. I just want to play the game I paid for without being forced to log into some service. Logging in should be optional, only for things like cloud saves, and it definitely shouldn’t stop me from playing the game I PAID 60€ FOR. Now I can’t play at all, and since I bought this game a while ago, I most likely won’t get a refund either. I’m no fan of piracy because I believe you should pay for what you use, but I’m even less of a fan of losing access to something I already paid for. See you in FH6 🏴‍☠️",login_requirements;accessibility;technical_issues;ownership;refund
1245620_223812850,Elden Ring,"One Ring made by the evil lord Sauron Hidetaka Miyazaki, One Ring to rule them all, One Ring to find them, One Ring to bring them all and in the darkness bind them, In the Land of Japanese software development warehouse building where Shadows lie. Elden Ring is not worth your time due to the profound curse placed upon the game's core design by the evil man who made it. The game aims at being infinitely replayable, but each of its assets is designed in a narrow fashion - so much so that the world does not feel as open as it is rather episodic. Each and every instance in the game is instrumented to be seen and encountered in a specific way which makes the experience of world exploration predictable and less exciting after playing for the first time. The dificulty ranges of the various explorable regions of the game world are awfully imballanced, so much so that it's less enjoyable to avoid choosing a linear path through the game on later playthroughs. The game world's incredibly size makes this issue even more frustrating - in order to experience something new on a subsequent playthrough, the player has to cross massive distances which are increasingly less and less aproachable the further he is from the starting point, ultimately discouraging exploration and narrowing the game experience to a single, most optimalized path of progression. There are only so many ways to reexperience the game's world without being severely discouraged and punished. And so ultimately, the game world's size and the quantity of its assets is severely nullified as the various paths to approach them are tragically so very limited. The game's world becomes eventually too predictable and the premise of experiencing the game in a fresh way nonexistent, which is not fun. Let it be pronounced and heard, Elden Ring could be legendary, but it is not, and won't be, unless FromSoftware developpers cease to practice the habit of forgetting a game once it's been created, despite the quantity of bothersome features still present and still widely acknowledged. One may recall the pathos of never properly finishing Lost Izalith in their previous game Dark Souls, an area of the game so very unique and all the more so disappointing for being critically underdevelopped. I feel very simillar about Elden Ring. As a former world of warcraft player, I see fit to pronounce a variety of ideas which could severely improve the experience of Elden Ring if they were ever developped, as they are present in that particular game, and although a very different game at that, still possesing a massive world and the spirit of an rpg game. Those ideas would be: There should be a variety of start points in Elden Ring, or at the very least, it should be possible to cross into other regions of the game from Limgrave without being stupefied and severely punished as much as is the case now. There should be more low level regions surrounding Limgrave so as to increase replayability and the possibilities of exploration on future playthroughs. And yes, despite the existence of various teleportation chests in Limgrave, the fact that the places you are sent to are completely above Limgrave's difficulty makes them less relevant as a travel feature. There is not enough enemy variety at each of the game's various places - an occasional ""rare enemy spawn"" or the promise of a ""rare item drop"" would be a solution to this issue. And lastly, there should be more paths connecting the various regions and places of the Elden Ring world and more accessible ways to connect the game's many features. In conclusion, Elden Ring nowhere near as fun as enjoyable after the first couple of playthroughs, it becomes stale and predictable rather too fast, and that is a completely nonsensical feature for a game of such high ambition and such quantity of the game's features.",replayability;world_design;exploration;balance;enemy_variety;progression;level_design
1245620_223396992,Elden Ring,"As of writing this review, I'm 11 hours deep. Still haven't found the Elden Ring, or any ring for that matter...maybe this endless search is the point, but either way, it doesn't bring my divorced wife back with kids.",exploration;humor;early_game_experience
1245620_224050994,Elden Ring,"My favorite game. The adventure with my friend in The Lands Between, all the fights, suffering, and surprises, will be my most treasured memory in my life.",co_op;combat;exploration;memorable_experience
1237970_223271258,Titanfall 2,"Pros: looks pretty, gunplay decent and MECHS! And it runs well on linux. Cons: single-player campaign is only 10h long, This game features *the most annoying mechanics ever*: wallrunning. It sucks worse than unbelievable. Devs had mercy on us and if you mess up wallrunning part game restarts right before the jump, not at the last save/checkpoint, but still. It is really, really annoying. The worst con is multiplayer. Joined a few games, couldn't complete any, got kicked or DDoSed or IP-bombed, because, I dunno, a newb? Anyhow, waiting 5minutes in queue to join a game for 5minutes wasn't worth it. Who knows maybe some players enjoy it.",graphics;gunplay;mechs;performance;linux_compatibility;campaign_length;movement;multiplayer;server_issues
1145360_208698766,Hades,"amazing game, will keep you in for a long time, pretty difficult but not enough to ruin the expirerience for you. not to expensive either. 10/10 game",addictiveness;difficulty;value;recommendation
1237970_208182263,Titanfall 2,"Loved the original despite the lack of campaign, however this campaign is a fantastic addition to an exceptional multiplayer experience!",Story
1245620_222935359,Elden Ring,"My review of Elden Ring After 100 hours!!! And after completing the game 100% I can say it’s not just a game — it’s a legendary masterpiece! At the very least, it’s a complete game. A world with this level of beauty, scale, depth, and visual variety — from lush, green natural lands to desert regions and volcanic areas, from snowy realms and dragon-infested worlds to even an underground world. From the moment you enter the game, you realize you’re standing before the greatest game of the century — perhaps even the greatest thing ever created in gaming. The world design is carefully crafted and precise, but nothing surpasses the mastery and precision of the boss fights. Literally, Souls games are the only ones that have perfected boss combat — where you must memorize the boss’s moves, learn their fighting style, and master dodging with the correct timing. And since we mentioned timing, how can we not bring up parrying with shields — a unique and excellent feature in Souls / Souls-like games. The story has a depth that pulls you into deep thought, and the soundtracks transport you to another world, making the experience even more incredible. The variety of weapons — from magic, swords, bows, and spears — along with the diversity of skills (Ashes of War), adds even more richness. By the way, the game isn’t primarily based on magic, yet it contains hundreds of spells — meaning it even surpasses games that are built around magic, like Hogwarts Legacy. I don’t even know how to describe the greatness of the bosses to you. You’ll face some of the greatest bosses in Souls games — I’m talking about General Radahn, the Starscourge, descendant of war, the Red Lion, breaker of kings, shedder of blood. And I’m talking about Malenia, Lady of the Sword, the undefeated Blade of Miquella, the lone flower of the Elden. And not to mention Godfrey, the first Elden Lord, warrior of kings, breaker of thrones, the White Lion, the embodiment of raw power. The game is difficult and gives you nothing easily, but it rewards every effort you put in and every skill you learn. Every step is calculated, every decision carries weight, every moment is full of excitement, and every minute you spend in the game is a unique experience. Elden Ring is the crown of gaming. It doesn’t just deserve Game of the Year — it deserves Game of the Century. They made this masterpiece in just 5 years, which is honestly insane. Even the biggest studios couldn’t pull off something like this in that time. And yeah, I don’t regret spending a single penny on this game. Thanks, FromSoftware.",Combat; Story; Graphics; Price
413150_219737923,Stardew Valley,"I've been playing this game for years and i must say its really worth it, i love how it all plays out and as someone who loves to grind its the perfect game for me!",Other
1145360_213757840,Hades,Gameplay is super fun and I like the different ways in which each weapon and power up works. I love the art style and voice acting that go along with the pretty interesting story,Combat; Story; Graphics
413150_225031864,Stardew Valley,I play in collaboration with my Hubby and it's so sweet both creating together and doing our own thing. I highly recommend to anyone who loves cozy vibes to play solo or with friends and dear ones ^-^,Other
1145360_210679820,Hades,"It's so good. Especially once you understand which gods are best at what. So much dialogue and story too, it's definitely a SG game. ♥♥♥♥♥♥ love this. Recommend it 10x over.",Combat; Story
1551360_211206085,Forza Horizon 5,Great racing game with a lot of weekly content and events that keep you engaged. The car customization and tuning options are the best I've seen in any racing game. Also: the Hot Wheels expansion is awesome and I was sold when I saw the Deora II,Combat; Controls; Price
1145360_208873677,Hades,"Great game, plays amazing on steamdeck. Captures rogue-like essence perfectly. Great story, voice acting, visuals, you will see whether you like the game or not after only a few runs.",Story; Graphics
1245620_223135959,Elden Ring,Elden ring has amazing combat and skills that you can use making it different from other souls-like games. It's also open world so you can go any where you want right at the start. The items you can collect are more entertaining to use than some of the items you could use in previous games by Fromsoftware.,Combat
1237970_208410814,Titanfall 2,"Fantastic action game despite dumb dialogues and a forgettable story. You never get any real rest, the action is always fast and satisfying with just the right balance of difficulty, and the game surprises you many times with original game mechanics... A must play for action games enthusiasts...",Combat; Story
1091500_221012120,Cyberpunk 2077,"This game runs somewhat nice with my specs (if running with something simmilar to my specs for sure play at meduim to low graphic setting) but it is SOOOOOO FUN i love the story and for sure get phantom libary dlc, this literally adds an entire new area to night city",Story; Graphics; Price
1551360_202134784,Forza Horizon 5,"After playing this game, I realized how foolish I was, and that I had bought the same game twice. If you’re thinking about upgrading from FH4, don’t do it the game is identical, there’s no new story, and the steering and drifting feel like something from a friv.com game. It’s definitely not the worst game, but it’s pointless and gets repetitive after a while.",Story; Controls
1551360_210804858,Forza Horizon 5,"Great game, a lot of fun driving races in different categories, or just driving with friends. Much content especially with the DLCs!",Controls
1091500_221397211,Cyberpunk 2077,"got stuck right at first mission in an elevator . tbh, if this happens somewhere in the middle of the game well maybe but knowing the history of the game and having a bug without the possibility to continue right in the first mission ... na.",Graphics
1551360_204487898,Forza Horizon 5,i like everything about the game its just so fun and for me its kinda realistic too like all the cars are just amazing and i like how i get to play strangers even making new friends this game might be one of the best games ive ever played in my whole entire life this game is just so good i would surely recommend this game for others.,Controls
1245620_220720411,Elden Ring,"After doing about everything you can do in Elden Ring, I can confidently say there is still more to do. I put 250+ hours onto one slot, aswell as doing lots of new slots, seamless coop, modded runs, and challenge runs; but there is something about Elden Ring that always has me coming back for more. Elden Ring at times can be the most frustrating game in the universe whenever you die to some random enemy hidden behind a corner, and then be the most gratifying game when you beat a boss after a long session of attempts. But no matter how many rage quits or skill issues, it still is the most fun game ive played to date. 10/10",Controls
1145360_213198049,Hades,"Arguably one of the greatest indie games ever made. Getting all achievements is already a grind itself, suffer or not, youll enjoy this game more than you think. Absolute Masterpiece. 10/10 Game.",Combat
413150_220920643,Stardew Valley,"I absolutely LOVE Stardew Valley. It's my favorite game. There's so much to do, and the possibilities really are endless. I love the romance aspect too, and the animals. Farm life is great!",Story
1145360_221687727,Hades,"This game keeps bringing me back to it over and over. The compelling story and bits and pieces of information that are compounded just make it feel like it is a game that keeps on giving. I really enjoy the different game mechanics with the weapons available and all the different perk systems that this game offers. It truly is a well regarded game because it was made really well. Super great story, great artwork, and the combat is engaging. Even with the same runs over and over, they make up for what would feel mundane with stronger and different abilities for foes throughout the levels of the game. Very well thought out, very well made. Strongly suggest for anyone looking for a banger of a game. Highly recommend.",Combat; Story; Graphics
413150_221892047,Stardew Valley,"Stardew Valley is a chill farming game where you fix up an old farm, grow crops, fish, and get to know people in a small town. It’s really relaxing and easy to get into, and you can play at your own pace. The start is a bit slow, but once you get going it’s pretty addictive. 9/10",Other
1091500_222398133,Cyberpunk 2077,"158 hours in, and I can say it's been an amazing journey. I'm older now, so it's rare for me to put this much time on a game nowadays, but this game made me want to experience everything it had to offer. Thank you CDPR for this experience.",Other
1245620_221961761,Elden Ring,"As a casual gamer, it took me a long time to love Elden Ring, but once I did, I absolutely understood why it has such a good reputation. It's blown me away and now I can't go a day without playing!",Other
413150_224823019,Stardew Valley,"Love it, i held out playing it for so long cause i knew it would suck me in. Im so happy with playing, the story is amazing and the characters feel real.",Story
413150_226373842,Stardew Valley,"Highly recommended if you want an enormous world with an immersive gameplay , but gonna warn ya , it's very addictive",Combat
1145360_215443937,Hades,"If you like greek mythology or liked games like isaac and those style of games, please give it a try. I do think the type of game is repetitive and too much for casual gamers who are not into any of those, but overall the dialogue, gameplay and entertainment it provides is genuinely good.",Combat; Story
1091500_222243911,Cyberpunk 2077,"If you haven't given Cyberpunk a try yet and you can live with aging content, I highly recommend giving it a go. Cyberpunk is one of my favorite games ever. This game has it all: a compelling plot, unparalleled voice acting, the highest quality world building, a map packed with to-dos, and endless re-playability. To compare with other games, it's got world building on par with Bethesda games like Skyrim and Fallout. For plot, for its engaging nature and how many times it slapped me with unexpected emotion, I would compare it to the Last of Us. If you like your games open world and stuffed with content, you should give this a gander. My favorite thing that's different about Cyberpunk is the verticality.",Story; Graphics
1091500_222796106,Cyberpunk 2077,"This game feels like it’s written by an adult who proved to their parents that “it’s not just a phase!” and never grew out of the edgy teenager persona they had in the early 2000s. Every time your character opens their mouth they sound like they’re trying to sound cool, but they come across so cringe worthy instead. Even after an NPC you’ve met a couple times commits suicide and you’re helping their friend afterwards and you’re about to leave, your character goes “holler on the holo (phone) if you need anything”. Even in that moment you’d character doesn’t show any genuine emotion or concern. “If you need anything at all, I’m here for you!” would not have been cool enough for this game… jfc Don’t get me started on Keanu Reeves character. He is insanely childish and “edgy”. He is exhausting! Which is sad because Keanu seems like a genuinely great person irl. And then there are the car chases where you’re a passenger. They’re the least convincing car chases I’ve ever seen! A child playing with car toys makes more convincing chases. And that’s what it feels like, a child holding the car and moving it around. There’s no hint of physics at all. Like sure, you have to put the car on rails to make the sequence work the way you want, but at least make it feel realistic. Don’t jerk the car around like a toddler and ignore the terrain under it. The only thing I like about the game so far is the graphics and atmosphere. With ray tracing on it looks amazing and it’s fun to walk around and look at it. That’s about it though for me.",Story; Graphics; Controls
413150_222546953,Stardew Valley,I think the amount of hours I played on this game speak for itself. This game is a masterpiece that you'll never get tired of.,Other
1237970_217148193,Titanfall 2,"Best game ever,absolute game changer,a game that dares to stand out from rest,amazing visuals,amazing and unique gameplay,i definitely a good game 10/10 game",Combat; Graphics
413150_224528190,Stardew Valley,"in my opinion, stardew valley is hands down the greatest farming simulator game out there. you can basically do anything in this game 10/10, highly recommended.",Other
1551360_225439257,Forza Horizon 5,This game is very good I have 660 hours on this game and I have been playing since I was 5,Other
1091500_225305431,Cyberpunk 2077,"Peak game, basically 4 playstyles to pick and a lot of weapons to chose from. Personally I find playing as a netrunner kind of like playing the game on easy mode no matter what difficulty you pick, you can kill enemies from far away while staying undetected (unless you have some mentall illness or an additional chromosone, but I'm pretty sure those people can also stay undetected). If you want some difficulty but also don't want to screw yourself over, use the sandevistan and use throwing knives, it's fun, requires aiming but rewards a lot for hitting headshots. The hardest way to play the game is probably just using gorilla arms and the berserker implant. Also I pre-ordered the dlc and regretted nothing. Peak game, buggy on launch but after that it was still buggy, but in a fun way. 10/10",Combat; Graphics; Price
1145360_208979072,Hades,"Love it. Even though I'm more of a tactical/RPG type of person. It just did everything really well. I still get excited listening to the soundtrack. Went in blind. Gradually learning the world and game mechanics was a smooth, great experience.",Combat; Story
1237970_208741290,Titanfall 2,I played Titanfall 2 for the first time when i was 8 in 2017 in PS4 and it was a master piece from the peak campaign to the amazing multiplayer mechanics 8 years later.. i played it and again ... and still the best experience i ever had still waiting for titanfall 3 after 8 years the game have so much lore they can even make titanfall 4 and still be a successful game Protocol 3 protect the pilot :(,Combat
1145360_218919179,Hades,"A very satisfying gaming experience. If you are a casual and having difficulty at first, use the God Mode which gives you an incremental increase in percent resistance to damage each time you die. As you keep trying and dying, you will get better and learn what is needed to be done with each of the available weapons to complete a run to the end. To complete a run and defeat Hades is quite enjoyable and it all revolves around an interesting story involving the Gods of Antiquity. One has to complete a total of 10 runs, in order to complete the story line aspect of the game. But the game is really designed to allow for a lot more gameplay afterwards offering a number of ways to vary the challenge.",Combat; Story
1145360_215173861,Hades,"[h2] Hades Review 2026 [/h2] [h3]Gameplay[/h3] [b]9[/b] There were very few moments where I didn't feel like completing a run because even if I got crappy boons, it was fun to see if I could progress. All the weapons are very unique and completely change the way you play. The progression system has you reaching max talents to help you make it through the encounters by around 30 hours and then after that you're working on learning the synergies between gods and planning out builds, which is daunting at first but becomes enjoyable. [h3]Story[/h3] [b]10[/b] It's very good. Took me nearly 50 hours before I heard a repeated dialogue line. I gotta know how much they paid their voice actors because it probably isn't enough. [h3]Sound/Atmosphere[/h3] [b]10[/b] Again, it's perfect. All the sound effects and voice actors are amazing. Maybe not hypnos, but the others are so good that it's still a 10. [h3]Music[/h3] [b]10[/b] I want to meet the bass player and shake his hand. [h3]Replayability[/h3] [b]10[/b] I never felt like it was a chore to play this game while I was hunting achievements. Will definitely play again in the future.",Combat; Story
1245620_226046253,Elden Ring,"ALL POISE BOYS TOUCH LITTLE KIDS. the game has no pvp balancing, and if youre saying pvp is not their main objective, then your opinion is forfeit. any game that includes pvp should care about the pvp more. they brough back the stupid mechanic of poise, instead of the proper hyperarmor mechanic of dark souls 3. all poise boys are child predators",Combat
1145360_218758047,Hades,i was never a roguelike/lite fan but this game has become one of favorites and has opened my mind to try more games of this genre,Other
1551360_216933138,Forza Horizon 5,"This is not a driving simulator, it is in fact an ♥♥♥♥♥♥♥ simulator. After spending what seemed like an eternity being unnecessarily dropped out of an airplane, my apparently Mexican experience started by being forced to listen to some smarmy North American DJ invite me to what must surely be the most cringe-inducing and terrible festival ever experienced within the borders of Mexico. Given I'd driven a car for exactly about 5 minutes by the time an hour was up, I thought I might as well save 150GB and install an actual driving game. 1 star for good graphics. 0 for the experience as a whole.",Graphics; Controls
1551360_208967627,Forza Horizon 5,"Honestly, the game is super varied and there's a lot you can do, but when you try to play this damn Eliminator, none of your stats matter. Even if you're driving a level 9 car, you'll be beaten by a level 5 car, which just doesn't make sense, and the fact that you always know where the finish line is makes zero sense. If you drive towards someone else and they know where the finish line is, of course, and then challenge you, you don't stand a chance.",Controls
1091500_224480354,Cyberpunk 2077,"So far, phenomenal. Is it perfect? No, it has its quirks (bugs). However, it is visually stunning and has a way of making you feel badass, while also having a compelling main story and many intriguing side questlines.",Story; Graphics
1245620_225163293,Elden Ring,"I've played Elden Ring more times than I can count, first on PS4 when it launched, then again on PS5, and came back once more when Shadow of the Erdtree dropped, and now on PC, every single run, it still finds a way to impress, the gameplay is the foundation everything else sits on, and FromSoftware absolutely nailed it. The level design is masterful, each region has its own identity and mood, and legacy dungeons like Stormveil and Leyndell are some of the most carefully crafted spaces I've ever explored in a game. The cutscenes are genuinely stunning, the art, the lighting, the scale and the Soundtracks ofc. If you want to start a FromSoftware game, Elden Ring is your go-to, It's far more beginner friendly than people make it out to be, yes there are hard parts, but the summon system is there for a reason, struggling with a boss? Call for help, It genuinely makes the experience more accessible without taking anything away from it. And the DLC, At 40€ Shadow of the Erdtree is a steal, the amount of content, new areas, new weapons, and bosses it brings closer to a full sequel than an expansion, If you loved the base game, this is non-negotiable.",Combat; Graphics; Price
1237970_221362661,Titanfall 2,"First game i ever 100% on steam , and oh boy what a ride it was ive done 2 playthroughs of it , one on hard and one on master and i loved every second of replaying it, the game feels fair and challenging rather than tedious or annoying even on master difficulty , titan battles were a favourite of mine with the boss fights in the campaign being very enjoyable , the multiplayer is very hard ,which may really just be because of my lack of skill 😅, all in all a master pice of a game",Combat
1551360_202817953,Forza Horizon 5,"Just wanted to race some hot wheels or random cars, but this game will literally not let you for 50+ minutes while it flexes its graphics on you and puts together some weirdo RP story.",Graphics; Story; Controls
1145360_218605584,Hades,"Best hack and slash game around, love the mechanics and story to go with it. It is refreshing when developers make a game absent of highly questionable agendas being shoved down our throats. Hades 1 is a 9/10 for me.",Combat; Story
1245620_225194423,Elden Ring,Unlimited Freezing on my PC. I cant find a cure for this game. I cannot even play it. I freeze and stutter every time i load the game up. This is not the experience I was hoping to have at the start.,Graphics
1237970_222619470,Titanfall 2,this very nice i mean if this game is on sale you need to buy i got it for £2 and for that pice is good good game good guns but ♥♥♥♥ hackes,Combat; Price
1145360_214183234,Hades,"Super Duper Fun! I've loved this game since last year and recently re-downloaded it. The characters are amazing, the art is amazing, the music is amazing and it's really inspired me :)",Story; Graphics
1245620_218602077,Elden Ring,"This game has every thing that you could possibly imagine in it, if you are looking for a fun and challenging ""knights and dragons"" type adventure. 10/10 this is my third thing I have bought it on, if that tells you anything. I also have 100% achevemented it on playstation 4 and 5. Gonna start to work towards it on the PC. Love it and easily over 100 hours of play if you only do one playthrough, countless if you are hooked like I am.",Combat
1551360_198570871,Forza Horizon 5,"Forza Horizon 5 is easily the best open-world racer out there. The map’s massive, the car roster is wild, and the driving feels great — whether you're tearing through dirt, hitting high-speed highways, or dialing in smooth drifts. Compared to The Crew 2, it handles way better. NFS Unbound has style, but Forza has variety — street races, off-road, drift zones, speed traps, stunts, seasonal events... there's always something to do. It's just pure, fun driving with no grindy nonsense.",Controls
