review_id,game,aspect,review_text,llm_zeroshot,llm_fewshot,human_label_B
1.0915E+15,Cyberpunk 2077,combat,"Cyberpunk 2077 is a very good story game and I recommend it to everyone. The game offers a huge variety of weapons and advanced technology, and the combat feels excellent and satisfying. The story is one of the strongest parts of the game, and your choices can affect how events unfold. At the beginning you create your character and choose their background, which slightly changes how some situations play out. The world is filled with interesting and crazy characters that make the experience even more memorable. I also highly recommend watching the anime Cyberpunk: Edgerunners before playing. It takes place about a year before the events of the game and adds more depth to the world. Overall: 10/10.","['combat', 'story']","['story', 'combat']","['story', 'combat']"
1.0915E+15,Cyberpunk 2077,combat,"Can't believe I waited on this so long because of the pre-conceived notion that this was broken slop from release and just not of quality; the whole package is very satisfying in every facet. Combat is gratifying, map is surprisingly diverse and layered, and the story is solid--especially the characters, there's a lot of intrigue and actual hard-hitting people and topics covered throughout. Big ups.","['combat', 'story']","['combat', 'story', 'graphics']","['combat', 'story', 'graphics']"
1.0915E+15,Cyberpunk 2077,combat,"ýýýý Recommended Playtime 200+ hours Had a great time with this game. Really enjoyed the whole experience. Night City feels alive and fun to explore. The story is strong, and side quests are just as engaging. Gameplay is flexible. You can play stealth, hacking, or combat. Everything feels smooth and satisfying. Overall, a solid RPG and worth playing.","['story', 'combat', 'controls']","['story', 'combat', 'graphics', 'controls']","[""story"", ""combat""]"
1.0915E+15,Cyberpunk 2077,combat,"One of the best games I have ever played. Mods can make it even more immersive, combat more strategic, and even add extra quests, cars, clothes, cyberware, etc. There is no game on the market right now that matches how gorgeous this game is and how smooth the combat is (for the most part). You will still run into some visual glitches every now and then, but it is few and far between. This game goes on sale pretty often so I would wait for that to buy the game and its incredible DLC.","['combat', 'graphics', 'price']","['combat', 'graphics', 'price']","[""combat"", ""graphics"", ""price""]"
1.0915E+15,Cyberpunk 2077,combat,"This game feels like a massive waste of time. There are too many endings, and most of them arenï¿½ï¿½ï¿½t even satisfying . The limitations are frustrating, and the combat isnï¿½ï¿½ï¿½t very fun or immersive. Overall, it feels extremely overrated. If I could refund it, I definitely would. The character creator is pretty good only because of that I c","['story', 'combat', 'price']","['story', 'combat', 'price']","[""combat"", ""story""]"
1.0915E+15,Cyberpunk 2077,combat,"Cyberpunk 2077 is a stunning achievement in open-world RPG gaming. Night City is one of the most breathtaking, densely detailed game worlds ever created ï¿½ï¿½ï¿½ every neon-lit alley and towering megabuilding feels alive and purposeful. The story is gripping, emotional, and full of unforgettable characters (Johnny Silverhand is an all-timer). The writing tackles heavy themes with surprising nuance, and the side quests are some of the best in the genre ï¿½ï¿½ï¿½ many rival the main storyline in quality. Combat is slick and versatile, letting you hack, shoot, sneak, or slash your way through encounters however you see fit. The RPG progression is deeply satisfying, and the Phantom Liberty expansion elevates everything even further. If you bounced off it at launch, now is the time to come back. CD Projekt Red transformed this game into the experience it was always ","['graphics', 'story', 'combat']","['story', 'graphics', 'combat']","[""graphics"", ""story"", ""combat""]"
1.0915E+15,Cyberpunk 2077,combat,"Best game on mac right now, the graphics are unparalelled , just too good, and they really improved on the story line, another thing would be their first person combat, highly satisfying and realistic,","['graphics', 'story', 'combat']","['graphics', 'story', 'combat']","[""graphics"", ""story"", ""combat""]"
1.0915E+15,Cyberpunk 2077,combat,"Absolute master-class game compared to how it was at launch. The environment is artistically detailed, the combat is smooth, the progression feels natural. The dialogue and story is exceptional. Bugs are still present (as in all programs) but I found them to be minor inconveniences or straight up funny. Definitely a highlight of my gaming experience.","['combat', 'story', 'graphics']","['combat', 'story', 'graphics']","[""graphics"", ""combat"", ""story""]"
1.0915E+15,Cyberpunk 2077,combat,"Honestly, what a comeback story. I held off for a while because of all the launch drama, but playing it now with the massive 2.1 updates and Phantom Liberty... itï¿½ï¿½ï¿½s basically a completely different game. Night City is probably the most immersive open world I've ever just wandered around in. If you've got the hardware to push the settings, it is an absolute visual treat (putting my RTX card to the test, and it looks insane). The combat feels super punchy, the skill tree overhaul makes your builds actually matter, and driving through the cityï¿½ï¿½ï¿½especially weaving through traffic on a motorcycleï¿½ï¿½ï¿½is weirdly satisfying. But the real highlight is the story and the characters. They hit way harder than I was expecting. If you're still holding a grudge from 2020, let it go. CDPR actually cooked with these final patches. 100% worth it, especially if you can","['story', 'graphics', 'combat', 'price']","['story', 'graphics', 'combat', 'controls', 'price']","[""graphics"", ""combat"", ""story"", ""price""]"
1.0915E+15,Cyberpunk 2077,combat,"This is probably the best WRPG I've played since Oblivion. The gunplay is satisfying, there's lots of variety in character builds, and tons of side content to do. I enjoyed this game far more than I was expecting, and thoroughly recommend it. 9/10","['combat', 'story', 'controls']","['combat', 'story']","[""combat"", ""story""]"
1.0915E+15,Cyberpunk 2077,combat,"I've heard great things about the game. Wanted to like it. Put in the time, thought that it would get better, but no. Everything's somewhat floaty. Guns don't feel like they have predictable patterns, moving feels like you're 300 pounds. The driving is painful, the cars are not responsive at all and all of them are slow. 150 kph does not feel like 150kph as well. The storyline is a lot of dialogue that failed to grab me. Can't skip all of it. It released in 2020. Yet controls/combat feel worse than games released in the 90's. Overall? 5/10. Can't even push myself to finish it.","['controls', 'combat', 'story']","['combat', 'controls', 'story']","[""combat"", ""controls"", ""story""]"
1.0915E+15,Cyberpunk 2077,combat,"Great narrative that pulls you in quick, but its the world that really keeps you engaged. Very immersive and filled with consequences. Gameplay is very tight and responsive.","['story', 'controls']","['story', 'controls']","[""story"", ""graphics"", ""combat"", ""controls""]"
1.0915E+15,Cyberpunk 2077,combat,"hot garbage. do not recommend combat is ass. weapons feel like ï¿½ï¿½ï¿½ï¿½ï¿½ï¿½ï¿½ï¿½ï¿½ï¿½ï¿½ï¿½ story is boring af. 0 optimization city is a ghostwon nothing to do driving is ass, cars are a ractangle on wheels with 0 physics police does not exist level scaling is useless half the builds are bland and borin need to mod the ï¿½ï¿½ï¿½ï¿½ï¿½ï¿½","['combat', 'story', 'graphics', 'controls']","['combat', 'story', 'graphics', 'controls']","[""combat"", ""story"", ""graphics"", ""controls""]"
1.0915E+15,Cyberpunk 2077,combat,"Ultimately, everything you do in the game does not matter. There is a conversation you have in the main story about not being able to choose your fate in Night City, as it chooses for you. To include, stealth and non-lethal weapons do not add value or impact the end goal. The side quests allow final dialogue that mostly reveal Vï¿½ï¿½ï¿½s poor communication skills by keeping everyone in the dark. In a dark city full of punks, Viktor Vektor truly was a god among them and deserved better. Viktor Vektor is actually one of the living legends of Night City. Viktor Vektor is the only reason there was a story to tell. The story is not well-written. The story does not make the world feel alive; V does not have time to sit at a dinner or modify cars, which the game does not feature, regardless. Some bugs can soft-lock your character interactions, preventing progress. Vï¿½ï¿½ï¿½s dialogue options inaccurately or indirectly represent the word selections. None of these words, nor any other endings, were V. V wanted to bend only one ending is V.","['story', 'controls']",['story'],"[""story"", ""graphics""]"
1.0915E+15,Cyberpunk 2077,combat,Took me a couple of attempts to get into it but there is a solid game here. I liked the story but it does cause the first couple of hours to feel like a game on rails. Once you get past this you can ignore the main story if you like. I do recomend completing it at least once. 8/10,['story'],['story'],"[""story""]"
1.0915E+15,Cyberpunk 2077,combat,"My name starts with 'V' so I already knew I was gonna love this game. Night City is THE best city ever created for a Game, so much character, and the gameplay and combat of Cyberpunk 2077 does a great job to distract you from the fact that how dark and depressing the storyline of this game is by providing so much fun with the variety of ways you can kill/slice/blowup dudes or complete every mission. 10 out of 10 game honestly.","['combat', 'story']","['story', 'combat']","[""story"", ""combat""]"
1.0915E+15,Cyberpunk 2077,combat,"Of course I enjoyed CP2077, but I almost want to give it a negative rating to emphasize why I think it's merely a ""really good"" game as opposed to an ""incredible"" one. The storyline was a highlight (compelling and with choices that mattered), but there is very little mechanically in the game that hasn't been done before: GTA4/5 defined the standard for open worlds decades ago, and any mainline RPG has similar depth for character choices, skill trees, progression etc. So, does CP2077 differentiate with an immersive world that is truly novel? For me, not really. The map is expansive with some incredible artwork, but can feel samey within any given district. The characters, while memorable, are ultimately formulaic. The voice acting was surprisingly lacking in places (male V sounds like he's reading out instructions for a dishwasher). Towards the latter stages of the game, the combat starts to feel mundane due to a lack of enemy diversity. Despite playing with the latest patch (April 2026), the game is still super buggy: floating world items, stuttering animations, glitching quests, CTDs (all of which are perhaps to be expected for a game of this scale, but still no less annoying). I enjoyed my play-through, but don't see a reason to replay any time soon!","['story', 'graphics', 'combat', 'controls']","['story', 'graphics', 'combat', 'controls']","[""story"", ""graphics"", ""combat""]"
1.0915E+15,Cyberpunk 2077,combat,This game has been improved a lot from launch and now it feel wonderful from combat to how the whole world is desinged in an cyber apocalyptic universe. I am running this game in with an 4GB Vram card yet it performs well with around 60fps with the low settings and DLSS set to balanced. But the only big con I still feel that the NPC interaction could have been more better in the base game like the phantom liberty DLC.,"['combat', 'graphics', 'controls']","['combat', 'graphics', 'story']","[""combat"", ""graphics""]"
1.0915E+15,Cyberpunk 2077,combat,"This is one of the best RPG games I've ever played. It's very immersive and I feel like I'm living again in the game. I highly recommend this game to anyone with a decent computer configuration. My computer configuration is too low, playing Kaka, but it does not prevent me from experiencing the difference between the game characters and the social background in the process of playing. I really hope to play the next game soon. When I change to a better configuration, I must revisit the old place. I strongly recommend playing.is an amazing game.","['story', 'graphics']","['story', 'graphics']",[]
1.0915E+15,Cyberpunk 2077,combat,"This game is straight preem, no question. The city feels alive, choomï¿½ï¿½ï¿½like every streetï¿½ï¿½ï¿½s got its own story running in the background. Combatï¿½ï¿½ï¿½s smooth, builds are flexible, and when everything clicks, you feel like a t","['combat', 'graphics']","['combat', 'graphics', 'story']","[""combat""]"
1.0915E+15,Cyberpunk 2077,combat,"heart-wrenching story with a lot of twists and turns. i am absolutely thrilled with the combat, the side quests, and, of course, the main story (including phantom liberty). it is also quite difficult not to be drawn to the graphics and the atmosphere of the locations, which one could admire for hours straight. p.s.: still pissed that i didn`t get one achievement i totally deserved. apparently, it wasn`t meant to be.","['story', 'combat', 'graphics']","['story', 'combat', 'graphics']","[""story"", ""combat"", ""graphics""]"
1.0915E+15,Cyberpunk 2077,combat,"Cyberpunk's a good game for the most part; it's definitely fun. While it does have more than a few bugs, most of them are just immersion-breaking rather than game-breaking. Only once did I have to reload a save to fix a bug that wouldn't let me progress. The game itself is just okay in my opinion. Combat is weird and is either trivialized with quickhacks or made very difficult if just relying on pure brute force. The crafting system isn't explained at all and I went about 10 hours without using it whatsoever. Even now I still haven't used it that much. The story is the main driver of the game, with everything I make V say seems to matter in some way. It's refreshing to have an impact on the story, where there is no illusion of choice. Overall I recommend, just not as highly as other games.","['combat', 'story', 'controls']","['combat', 'story', 'controls']","[""graphics"", ""combat"", ""story""]"
1.0915E+15,Cyberpunk 2077,combat,"Pros The game is- - very immersive (because of VFX, atmosphere and other design elements, like seeing your model in first person) - graphically very high quality - engaging in story and out of story interactions - INCREDIBLY SAD MAN WHAT IS THIS :( It tells one of the greatest stories I've seen in any media. The story interactions themselves as in what you say are actually the most difficult part of the game, rather than the combat. Making a wrong decision can lead to ruined connections or other, rather tremendous outcomes. I highly recommend playing it blind, the main part of the game is the story, knowing most of it already will make it less enjoyable. The content is very varying and plentiful, allowing pretty much anyone to do anything they could probably think of. Beating the mainstory alongside some two longer sidequests took me a total of 35 hours to complete. Cons The game requires a strong computor to run. It tends to crash at some points, which are all fixable by troubleshooting or loading 1 or 2 saves backwards from when it happened. The combat is mechanically not the most interesting and rather straight forward If you're not in the happiest of moods right now, maybe delay playing this game a bit - it can be quite unfair and sad regularly","['story', 'graphics', 'combat', 'controls']","['story', 'graphics', 'controls', 'combat']","[""graphics"", ""story"", ""combat""]"
1.0915E+15,Cyberpunk 2077,combat,"This is one of my favorite games of all time. Having played for over 800 hours on Xbox and then another 100 on Steam, its safe to say that I really enjoy this game. Night City is gorgeous and built very well (the walkable paths are surprisingly complex/diverse), and the surrounding area has tons of depth to it (hidden areas in the wasteland that are difficult to locate on repeat playthroughs). The combat is extremely smooth and diverse. Tons of gun / melee / hacking choices to utilize. All of them feel amazing. The character writing is beautiful too, Johnny Silverhand being an obvious standout. Growing closer to him (relationally and brain-meldingly) was super fun for all of my playthroughs. There is too much to compliment about on this game. Despite its rough launch (that I did experience on Xbox), this game has been a delight to play since 2024 onward. The recent updates have gone even further, and I can't recommend the game enough.","['graphics', 'combat', 'story', 'controls']","['combat', 'story', 'graphics', 'controls']","[""graphics"", ""combat"", ""story""]"
1.0915E+15,Cyberpunk 2077,combat,"The amount of easter eggs in this game blows my mind. It's not too difficult, lots of neat ways to handle things, city is enormous and detailed, always something to do. Story is pretty legit. 10/10 game for sure. They don't hide the nitty gritty of humanity, nor do they skimp on the political commentary. Totally worth it. Every last bit.","['story', 'graphics']","['story', 'graphics', 'price', 'combat']","[""story"", ""graphics"", ""price""]"
1.0915E+15,Cyberpunk 2077,combat,"I waited 6 years for the bugs to be smoothed out before playing, and they are still EVERYWHERE. It makes it difficult to be invested in an emotional scene when the character sinks half way into the ground and starts t-posing. With that being said, I am still enjoying the game. Although the story is way too convoluted, it is great. Not anywhere near the quality that I expect after playing the Witcher, but enjoyable nonetheless. 6.5/10","['graphics', 'story']","['graphics', 'story']","[""graphics"", ""story""]"
1.0915E+15,Cyberpunk 2077,combat,"Its really fun, the core gameplay loop is good, the combat is fantastic (though ive only done netrunner) and the story is decently interesting, the world is also fascinating and the environments of the game are great! 8/10","['combat', 'story', 'graphics']","['combat', 'story']",
1.0915E+15,Cyberpunk 2077,combat,"The graphics are stunning, the combat system is excellent, and the storyline is top-notch ï¿½ï¿½ï¿½ it's absolutely worth every ","['graphics', 'combat', 'story', 'price']","['graphics', 'combat', 'story', 'price']",
1.0915E+15,Cyberpunk 2077,combat,The game is just walking/driving to various waypoints and watching boring cutscenes with bad writing. The city is giant and mostly empty and lifeless. the combat is very repetitive.,"['story', 'combat', 'graphics']","['story', 'graphics', 'combat']",
1.0915E+15,Cyberpunk 2077,combat,"It's difficult to define a game as ""life-changing"" but Cyberpunk might as well be. From the vibe of Night City, to the well written NPCs, to the replayability, to the ability to mod the game and make it 'yours'... it's sooooo much fun. You want to be a sniper? Go, A ninja? Sure. Bersker? Fine. A hacker? no problem. So many ways to play. I TRUELY cannot get enough. edit: Phantom Liberty is not optional. it is the best DLC I have ever played. MANDATORY. Thank you CDPROJECT RED.","['story', 'controls']","['story', 'controls']",
1.0915E+15,Cyberpunk 2077,combat,"not nearly as good as the game because of which everyone bought this (maybe its the universe, the witcher is an epic fantasy fiction while this is a depressing science fiction, but witcher 3 is better made, and there is more than that that makes this mediocre), but still decent on sale. graphics are very nice. boss fights are bad. it is just a cool shooting game with some story, but for me it lacks the atmosphere, memorability and soul. 6/10","['story', 'graphics', 'combat', 'price']","['story', 'graphics', 'combat', 'price']",
1.0915E+15,Cyberpunk 2077,combat,"It's still broken, The AI is poor and can get stuck on corpses or walls, making boss fights Trivial. The AI driving cars hardly reacts to you. the Police AI will lose interest in hunting you down even if they see you in some instances. It Also doesn't have any meaningful RPG mechanics, it feels more like skyrim with guns. People who claim this game is fixed are the same people who buy skyrim everytime it re-releases thus driving down the quality of the games industry. A 30$ DLC should've been a nail in a coffin for this game after all it's BS.","['combat', 'price']","['combat', 'story', 'price']",
1.0915E+15,Cyberpunk 2077,combat,"It was okay, don't get me wrong I did have fun but I don't like is johnny, his character and story line is so boring. He reads his entire dialog in one tone so its easy to zone him out or straight up skip any scene hes in. I hate that you have to wait in game time for character to do recon or to start one. In between missions are boring but the missions with anything related to johnny sucks, In my personal opinion the game could have ended a lot sooner when jackie died or when we got shot and landed up in the junkyard.... also feel like its over hyped a bit, it was fun but in bits after you go through the boring bits. Most of fights even the boss battles was boring dont know how you can mess up combat...","['story', 'combat']","['story', 'combat']",
1.0915E+15,Cyberpunk 2077,combat,"I just finished a character I spent 30 hours bonding with die after doing a hell of a run with him. I won't spoil it. but damn, this game does story telling well. And it doesn't shy away from very -very- dark story elements. As in, I didn't have the nudity filter on when I went to meet (Spoilers) for a job interview in a seedy bar, and was distracted by actual holographic strippers between us while the client was laying out the details of the mission she wanted done. While I made what I call a ""US Marine"" character, which is to say I loaded up with machine guns, shotguns, heavy cyber armor and such, and my usual response is to kick in doors and go guns blazing, the game makes it perfectly easy to do the same missions, and even cyberpsycho boss fights a matter of stealth and hacking, or diplomacy (with the acception of the cyberpsycho fights) Even generalist builds are possible if you build yourself out right.","['story', 'combat', 'controls']","['story', 'combat', 'controls']",
1.0915E+15,Cyberpunk 2077,combat,"Starting with the graphics and music, everything is very good, but not breathtaking, except for Johnny Silverhand, of course. The gameplay is a lot of fun. My V was a gunslinger/stealth/hitman, a sort of hybrid between Agent 47 and the Ghoul from Fallout, and it was very effective and entertaining to play. I loved the variety of approaches you can take for all the gigs, even for cyberpsycho fights. You are rarely forced to a face to face boss fight. With the right cyberware your mobility is enhanced and it's even more fun. Characters are excellently written, even if the main plot is not that great with the stereotypical 'big corporations are bad' clichï¿½ï¿½. About the bad things: the driving system is quite bad, and there are a couple of very annoying and badly conceived quests, like 'Sinnerman'. But, in the end, this is a game everyone should ","['graphics', 'story', 'combat', 'controls']","['graphics', 'story', 'controls']",
1.0915E+15,Cyberpunk 2077,combat,"Bought it a while back and didn't play it till after purchased Phantom Liberty so probably have a different perspective than those who played it when it released. Great game, lots of choice on how you go about things and the decisions you make. Can focus on melee, guns, cyber attacks or combinations of those. A lot of variety of play available. Story is great and really hits the feels. Due to not playing the game till long after it was released there are very few bugs. Only significant bug I encountered is in one boss fight the boss got stuck in the air and couldn't move so made the fight laughable. Also the atmosphere in the game is great with all the little things happening around you plus all the little secret locations and happenings which is great for replayability just like Balders Gate 3.","['combat', 'story', 'controls']","['combat', 'story', 'graphics']",
1.0915E+15,Cyberpunk 2077,combat,"What an experience... Stunning visuals, unforgettable story and well-thought combat system. Thanks CDPR for this masterpiece. Just one thing - got almost all the bosses with glitches. Not sure if thats my system or the game, but nothing critical to me. Still the hardest boss for me was an elevator (how can you even press its buttons using gamepad?).","['graphics', 'story', 'combat', 'controls']","['graphics', 'story', 'combat', 'controls']",
1.0915E+15,Cyberpunk 2077,combat,The game play is great as is the video. The 'Boss' fights are challenging. It is necessary to choose the correct cyberware that suits your style of play or else you will struggle against strong adversaries. All in all an enjoyable experience.,"['combat', 'graphics']","['combat', 'graphics']",
1.0915E+15,Cyberpunk 2077,combat,"Under all the fancy abilities and weapons, behind all the slick kills and fights, the game always reminds you that there are no happy endings in Night city. I think the message is you can choose who you want to be and how your story ends even in a cruel and heartless world, and I'm sure countless other reviews can iterate far better than I can. My one complaint is that although I understand the message, a part of me is far too idealistic and prideful to accept the game without a NG+. My one regret will forever be the fact that I cannot save Jackie in NG+ and flatline Adam the first time we meet. That is not the point of Cyberpunk 2077, but that is how my ideal goes into that world.",['story'],['story'],
1.0915E+15,Cyberpunk 2077,combat,"Genuinely one of the greatest RPGs I've ever played. Bugs are a non-issue, main story and side quests are fantastic. Edit: Just finished Edgerunners. I gotta go ""talk"" to a certain final boss.","['story', 'combat']",['story'],
1.0915E+15,Cyberpunk 2077,story,"Best RPG ever made in my opinion,the story is engaging,the characters are well developed,the gameplay is FUN,one of my favorite games of all time.",['story'],"['story', 'combat']",
1.0915E+15,Cyberpunk 2077,story,Kudos to the devs. I've only encountered one visual bug on PC in my playthrough. Story is engaging and the sights are aplenty.,"['graphics', 'story']","['graphics', 'story']",
1.0915E+15,Cyberpunk 2077,story,"This game is incredibly made well. the story is pretty engaging, the only thing i really want is more diversity with the 3 different start points. if you like GTA and have a weird urge to have sex with robots while bending time with a chip this game is for you. also the game runs really nicely and is very well optimized","['story', 'graphics']","['story', 'graphics']",
1.0915E+15,Cyberpunk 2077,story,"This is hands down my favorite modern RPG. The world is simply incredible. Walking along the busy streets of night city carries a feeling like no other. The story is engaging, the gun play is smooth, and the hacking provides a rush of power! CDPR has gone through it to make this game what it is today and deserve every bit of kudos for what they've achieved here.","['story', 'graphics', 'combat']","['story', 'graphics', 'combat']",
1.0915E+15,Cyberpunk 2077,story,"Cyberpunk 2077 is honestly one of the best RPGs Iï¿½ï¿½ï¿½ve played. Night City looks amazing, the story is emotional and engaging, and the characters are unforgettable. The gameplay gives you a lot of freedom with different playstyles, and the updates made the game much better. Definitely worth playing if you enjoy open-world RPGs and futuristic set","['story', 'graphics']","['story', 'graphics']",
1.0915E+15,Cyberpunk 2077,story,"you need to invest a bit of time to set up your character, and it's worth doing the tutorials. But the story line is engaging, side missions great for boosting XP, eddies and adding interest.","['story', 'controls']","['story', 'controls']",
1.0915E+15,Cyberpunk 2077,story,Really really good game. The environment and story is engaging and really beautiful and it runs really well on my laptop on high-ultra graphics. Recommended,"['graphics', 'story']","['story', 'graphics']",
1.0915E+15,Cyberpunk 2077,story,One of the best RPGs I have ever played. Do yourself a favor and play Cyberpunk 2077 and get the expansion: Phantom Liberty. I'd argue that the DLC's story is far more engaging and interesting than the main plot. The only downside is I cannot romance the French girl or even Songbird. But you still have Panam and Keanu as your imaginary friend. 10/10,['story'],['story'],
1.0915E+15,Cyberpunk 2077,story,"Very engaging, extremely elaborate lore, enormous amounts of content, limitless customisation of your character and their personality, wide choice of replies to dialogues which genuinely influence the story and the ending. The characters have a deep psychology, their motives and emotion, which we can often choose to accept or criticise. Game's ambience is also top notch, and the atmosphere of the world of the future is great.",['story'],['story'],
1.0915E+15,Cyberpunk 2077,story,"After 100%, I can say this game has incredible atmosphere and combat. The dialogue is well thought out and the story is engaging (though the DLC is better in my opinion). Quickly become one of my favourite games of all time. Game got a little grindy when going for all the achievements due to the high volume of NCPD gigs but for a casual playthrough it wouldn't be an issue at all. Highly recommend.","['combat', 'story']","['combat', 'story', 'price']",
1.0915E+15,Cyberpunk 2077,story,"The game is so good it's got me playing it more than once, even during version 1.0 on the PS4. I never doubted this game. Night City makes me question if it's really a place you should leave behind when you really can't, with how addicting neon lights can be over you. I'm writing this review because 2020 reminded me how I grinded the hell out this game.",[],[],
1.0915E+15,Cyberpunk 2077,story,"One of the best games I've played. Incredibly good story writing. Thoroughful open world, the best graphics of any game I've ever played. Devs have paid attention to detail and everything is very coherent, you're able to make your own decisions and there seems to be endless possibilities to how you play the game with your own combat preferences based on what you want to level up and what cyberware you use. Arguably the best open world of all time.","['story', 'graphics', 'combat']","['story', 'graphics', 'combat']",
1.0915E+15,Cyberpunk 2077,story,one of the best games ive ever played graphics are stunning. the story writing is amazing and the characters are even better. johnny silverhand is the goat,"['graphics', 'story']","['graphics', 'story']",
1.0915E+15,Cyberpunk 2077,story,The game is just walking/driving to various waypoints and watching boring cutscenes with bad writing. The city is giant and mostly empty and lifeless. the combat is very repetitive.,"['story', 'combat', 'graphics']","['story', 'graphics', 'combat']",
1.0915E+15,Cyberpunk 2077,story,"The game is not what it was when it was released, Its now well polished and has more features than ever. BUT the most important thing is the writing. The story in both the main game and the DLC is incredible and problably among the best of the best. Combinding this with stellar graphics and good preformance (played the game on my old 2060 super) i cannot recomend this game enough. P.s The gunplay and RPG elements are alright but now a main selling point.","['story', 'graphics', 'combat']","['story', 'graphics', 'controls']",
1.0915E+15,Cyberpunk 2077,story,"5 years ago, I didn't really have an fun time with the game. Dropped it midway without any real reason. I gave it a new chance in big 2026, and wow, how much did I miss. The lore behind Night City really is something else. The messages behind the universe are strong, the characters' writing is on point. And I was really surprised by Phantom Liberty, where everything seems to ba a choice, one way or another. The game is not for everyone, but if you let Night City speak and want to listen what it has to say, you're in for a wild trip.",['story'],['story'],
1.0915E+15,Cyberpunk 2077,story,"This is a very good game, took me by suprise how well the story is not sure if the RPG have enough choises, buts eather way its a good game",['story'],['story'],
1.0915E+15,Cyberpunk 2077,story,"This is one of the very few games where the visuals put it over the top for me. I don't love the combat or traversal, and the writing is fine, but Night City is just so good-looking. In fact, I started the game on a less powerful rig and just couldn't get into it; I got a slightly better laptop that runs Cyberpunk on high settings with ray tracing, and now I'm hooked. Still, for such a visual game, the character animations can be pretty cringy.","['graphics', 'combat', 'story']","['graphics', 'combat', 'story']",
1.0915E+15,Cyberpunk 2077,story,"Firstly, it's a perfectly fine game. In fact, I'm planning on doing a second playthrough. So why the downvote? Because in order to roleplay a character effectively in this game, you kinda need to know who V is first. V very much feels like a predetermined character that can go down a few different paths. For me, that worsened my first playthrough a LOT. If that's not a concern for you, then I Recommend the game. The writing is good, the level-up options are good, the gameplay is slightly better than par for the genre. Get it for $35 or less.","['story', 'price']","['story', 'price']",
1.0915E+15,Cyberpunk 2077,story,"I've had this game laying around in my library for some time now and I've been playing it on and off ever since. The writing and the gameplay always managed to captivate me in more ways than I could imagine. It is one of its strongest points I'd argue and the amazing voice acting just adds onto that. I finally got around finishing it and... there are no words to describe how empty I felt afterwards. In a good way I suppose. It made me fall in love with the game even more. So, to anyone who's thinking of giving it a try, I highly recommend it.","['story', 'controls']","['story', 'controls']",
1.0915E+15,Cyberpunk 2077,story,"Disregard the bugs from when the game launched, they don't exist anymore, the game as it is NOW is fantastic, the story is solid, the characters are memorable, the game is a rock solid hit.",['story'],['story'],
1.0915E+15,Cyberpunk 2077,story,"Man insane work!what a gameee!!! Undoubtedly one of the most visually impressive open world.The city is so alive, characters are memorable.After all the updates,this game finally feels like the masterpiece it was meant to be!Crazy work by the devs..","['graphics', 'story']","['graphics', 'story']",
1.0915E+15,Cyberpunk 2077,story,"A masterpiece. The storytelling is phenomenal. The characters are distinct and memorable. Movement and combat are fluid and engaging. Character customization options are significant, allowing for different specs to be equally fun to play. The graphics are excellent. Night City and the surrounding areas are detailed and immersive. Choices have consequences. Finally, lots of vehicles and clothing options to buy and discover. A truly remarkable creation.","['story', 'combat', 'graphics', 'controls']","['story', 'combat', 'graphics', 'controls']",
1.0915E+15,Cyberpunk 2077,story,"This game just blows my mind. Even after 6 six years its release the game looks fresh and made with love. Exciting lore, elaborated characters, memorable dialogues, stylish and interesting level design, and decent optimization. The only problems are bugs and graphics artifacts, but against the backdrop of all the spectacularity of this game I don't think that is a big problem. I don't regret about single second spent on this game PLAY SICK SOLO ï¿½ï¿½ï¿½ï¿½ï¿½ï¿½ï¿½ï¿½ ï¿½ï¿½ï¿½ï¿½ï¿½ï¿½ï¿½ï¿½ï¿½ï¿½ï¿½ï¿½ ï¿½ï¿½ï¿½ï¿½ï¿½ï¿½ï¿½ï¿½ï¿½ï¿½ï¿½ï¿½ï¿½ï¿½ï¿½ï¿½ ï¿½ï¿½ï¿½ï¿½ï¿½ï¿½ï¿½ï¿½ï¿½ï¿½ï¿½ï¿½ï¿½ï¿½ï¿½ï¿½ï¿½ï¿½ï¿½ï¿½ï¿½ï¿½. ï¿½ï¿½ï¿½ï¿½ï¿½ï¿½ï¿½ï¿½ ï¿½ï¿½ï¿½ï¿½ï¿½ï¿½ï¿½ï¿½ï¿½ï¿½ï¿½ï¿½ 6 ï¿½ï¿½ï¿½ï¿½ï¿½ï¿½ ï¿½ï¿½ï¿½ï¿½ï¿½ï¿½ï¿½ï¿½ï¿½ï¿½ ï¿½ï¿½ï¿½ï¿½ï¿½ï¿½ï¿½ï¿½ï¿½ï¿½ï¿½ï¿½ ï¿½ï¿½ï¿½ï¿½ï¿½ï¿½ï¿½ï¿½ ï¿½ï¿½ï¿½ï¿½ï¿½ï¿½ï¿½ï¿½ï¿½ï¿½ï¿½ï¿½ï¿½ï¿½ï¿½ï¿½ ï¿½ï¿½ï¿½ï¿½ï¿½ï¿½ï¿½ï¿½ï¿½ï¿½ï¿½ï¿½ ï¿½ï¿½ ï¿½ï¿½ï¿½ï¿½ï¿½ï¿½ï¿½ï¿½ï¿½ï¿½ï¿½ï¿½ï¿½ï¿½ï¿½ï¿½ï¿½ï¿½ ï¿½ï¿½ ï¿½ï¿½ï¿½ï¿½ï¿½ï¿½ï¿½ï¿½ï¿½ï¿½ï¿½ï¿½ï¿½ï¿½. ï¿½ï¿½ï¿½ï¿½ï¿½ï¿½ï¿½ýýýýýýýýýýýýýýýýý ýýýýýýýýýýýý ýýýýýýýý ýý ýýýý ýýýýýýýýýýýý ýýýý ýýýýýýýýýý ýýýý ýýýýýýýýýýýýýýýýýý. ýýýý ýýýýýýýýýý ýýýý ýý ýýýýýýýýýýýý ýýýýýýýýýýýýýýýýýýýýýý ýý ýýýýýýýý ýýýýýýýý.","['graphics', 'story']","['story', 'graphics']",
1.0915E+15,Cyberpunk 2077,story,"Good stuff, like Witcher 3 but in a futuristic 2077 setting. Although Witcher 3 carries its magic. Same strong storytelling, memorable characters, and side quests that often feel more important than the main plot. Instead of kingdom and monsters, you get megacorporations and streets glowing in neon and stunning effects. Both are epic. Reccommend +18","['story', 'graphics']","['story', 'graphics']",
1.0915E+15,Cyberpunk 2077,story,"Absolute masterpiece of CPDR! One of the best game I have ever played. All the characters are memorable, the story is freaking amazing and NC is the best game map to be ever created. Everything feels alive and real. You can also see the lines between Bladerunner and this all the way through so it comes with a decent heritage. yeah it can be a bit repetitive at times but I'm just enjoying it and with all the mods out there that makes the game more fun and challenging, makes me even want to play more.","['story', 'graphics']","['story', 'graphics']",
1.0915E+15,Cyberpunk 2077,story,"Cyberpunk 2077 is easily one of the best game i've ever played, the story the characters is really well written. The world of Night City feels so alive everywhere i go, almost every side activities you can do in the game can hook you into it for hours. And the dlc, is probably one of the best out there that i've played, right there with The Witcher 3 Blood and Wine, memorable story and emotional ending. 10/10","['story', 'price']","['story', 'graphics']",
1.0915E+15,Cyberpunk 2077,story,"I thoroughly enjoyed the story and characters, both in the base game and its DLC. The experience often feels like an interactive movie, driven by strong writing and memorable performances. The characters are well-written, each with a distinct personality and clear motivations, turning even simple dialogue into engaging moments. That said, I expected more from CD Projekt Red when it comes to the gameplay mechanics and skill tree. While functional, these systems donï¿½ï¿½ï¿½t introduce many standout ideas for a game released in 2020 and feel somewhat conventional compared to the strength of the narrative elements. In terms of content, however, the game offers a substantial amount to explore. Customization options are solid, and the world itself is visually impressive, especially on high-end PCs where the presentation truly shines. For players looking to immerse themselves in a rich cyberpunk setting with a compelling story, this is still an experience well worth t","['story', 'graphics', 'controls']","['story', 'graphics', 'controls']",
1.0915E+15,Cyberpunk 2077,story,"Iï¿½ï¿½ï¿½ve spent around 160 hours in Cyberpunk 2077, which is a lot for me when it comes to single-player games and honestly, I donï¿½ï¿½ï¿½t regret a single minute of it. The game has come a long way and turned into a really great experience. The world feels alive, the story is engaging, and the characters are memorable. Night City is the kind of place that just pulls you in and makes you want to keep exploring. I truly enjoyed my journey with this game, and I hope Iï¿½ï¿½ï¿½ll come back to it again someday. Definit",['story'],['story'],
1.0915E+15,Cyberpunk 2077,story,"Cyberpunk 2077 is now the game it was always meant to beï¿½ï¿½ï¿½a visually stunning, story-driven RPG with a rich world and memorable characters. What stands out immediately is Night City. Itï¿½ï¿½ï¿½s one of the most detailed and immersive open worlds ever createdï¿½ï¿½ï¿½alive with neon lights, dense crowds, and a gritty atmosphere that truly sells the cyberpunk fantasy. Every district feels distinct, and just walking or driving around can be an experience on its own. The story and characters are where the game really shines. Vï¿½ï¿½ï¿½s journey is emotional and engaging, with strong writing and standout performancesï¿½ï¿½ï¿½especially from Keanu Reeves as Johnny Silverhand. The choices you make feel meaningful, and the narrative sticks with you long after you finish. If you skipped it at launch, now is absolutely th","['graphics', 'story']","['story', 'graphics']",
1.0915E+15,Cyberpunk 2077,story,"The best game i've played. without a single doubt. the narrative of the game, the stories, the music on top of it, masterpiece. the DLC even make it better. it's a must to play the DLC as well. it's the game that make me want to play it over again to find the altenatives story, to find the diffrent dialouge, scene, and mission. it's peak. 10/10","['story', 'price']","['story', 'price']",
1.0915E+15,Cyberpunk 2077,story,"90% Of the glitches are from vehichles, although it does ruin the imersion i think there funny and make for some good clips and are jsut part of the fun lol",['graphics'],['graphics'],
1.0915E+15,Cyberpunk 2077,story,"I discuss the story. The story is very weak. You're motivated by 'becoming a legend' and then by just surviving. And what are you trying to survive? A completely contrived situation. The entire story was built around one dumb decision that no rational person would make (putting the chip in their own head). Johnny does nothing and is just a hitchhiker the whole game. The dialogue options are so limited, you have very little freedom with regard to narrative story decisions. And that's a big deal too because this game makes you spend so much time on the story. Many hours of dialogue options that mostly lead to the same outcomes anyway and cutscenes and walking with super slow NPCs or being a passenger in their car. I do actually have fun with the gameplay when the game lets me play. But everything to do with this story, V's motivations or personality and my inability to make any real decisions in the story made me so bored. I finished the main storyline and wasn't a fan of any part of it. It also annoys me that you can't fully turn off music in this game. I don't like the music and wanted it off but it kept playing from multiple sources throughout the whole game.","['story', 'controls']","['story', 'controls']",
1.0915E+15,Cyberpunk 2077,story,"I heavily debated refunding this game and I wish I had. I stuck it out because I hadn't even gotten into the full story and decided to push forward. It is still a glitchy mess. Bad rendering issues, glitches and bugs. AI sometimes doesn't make any sense, especially the driving AI. Overall its a mid to low rating for me.","['graphics', 'combat']","['story', 'graphics', 'combat']",
1.0915E+15,Cyberpunk 2077,story,"Ultimately, everything you do in the game does not matter. There is a conversation you have in the main story about not being able to choose your fate in Night City, as it chooses for you. To include, stealth and non-lethal weapons do not add value or impact the end goal. The side quests allow final dialogue that mostly reveal Vï¿½ï¿½ï¿½s poor communication skills by keeping everyone in the dark. In a dark city full of punks, Viktor Vektor truly was a god among them and deserved better. Viktor Vektor is actually one of the living legends of Night City. Viktor Vektor is the only reason there was a story to tell. The story is not well-written. The story does not make the world feel alive; V does not have time to sit at a dinner or modify cars, which the game does not feature, regardless. Some bugs can soft-lock your character interactions, preventing progress. Vï¿½ï¿½ï¿½s dialogue options inaccurately or indirectly represent the word selections. None of these words, nor any other endings, were V. V wanted to bend only one ending is V.","['story', 'controls']",['story'],
1.0915E+15,Cyberpunk 2077,story,Such a beautiful game. An absolute gem to play with a vr headset. I can spend forever riding the bike around and taking in every single detail. The npcs are buggy and sometimes the cars especially are not so fun to drive cause the handling isn't ideal and npc's suck so in that sense its no GTA. A very fun and lore heavy experience. I hope they polish it to make it truly one of the best games of the decade. I had the pirated version but I bought this either way cause its so good.,"['graphics', 'controls', 'story']","['graphics', 'controls', 'story']",
1.0915E+15,Cyberpunk 2077,story,"Recommended I only really started playing seriously after the 2.0 update, and the game feels fantastic in its current state. The graphics are outstanding and Night City is one of the most impressive environments Iï¿½ï¿½ï¿½ve seen in an RPG. The progression system, combat mechanics, and overall build variety are excellent. You can approach fights in many different ways and experimenting with builds is genuinely fun. In that sense, itï¿½ï¿½ï¿½s easily one of the reference titles in the modern RPG scene. My only small criticism is that the game can be a bit heavy on dialogue at times. Some players will love that level of narrative depth, but personally I found a few sections a bit too talkative. Fortunately, most of it can be skipped if you prefer to keep the pace up. Overall, after 2.0, Cyberpunk 2077 is an outstanding RPG and absolutely wo","['graphics', 'combat', 'story']","['combat', 'story', 'graphics', 'controls']",
1.0915E+15,Cyberpunk 2077,story,"After 515 hours, Night City is a permanent headspace. Itï¿½ï¿½ï¿½s the ritual of a 3:00 AM Sandevistan-fuelled slaughter followed by the sensory overload of **Afterlifeï¿½ï¿½ï¿½s** neon grime. Youï¿½ï¿½ï¿½ve mastered the lethal choreography of high-tier chrome, yet the real pull remains that atmospheric hostilityï¿½ï¿½ï¿½the way the strobe lights in **Totentanz** blur with the cityï¿½ï¿½ï¿½s indifference. Itï¿½ï¿½ï¿½s a masterful, terminal simulation where the high-octane violence and sleek, corporate cynicism collide. Even wi""live fast, die young"" nightlife and visceral combat make this digital dystopia an inescapable, post-human mood. Absolute peak immersion.","['combat', 'story']","['story', 'combat']",
1.0915E+15,Cyberpunk 2077,story,This game is confusing and doesn't make much sense. Not a great game. Not a good game. It's ... a game.,['story'],[],
1.0915E+15,Cyberpunk 2077,story,"hot garbage. do not recommend combat is ass. weapons feel like ï¿½ï¿½ï¿½ï¿½ï¿½ï¿½ï¿½ï¿½ï¿½ï¿½ï¿½ï¿½ story is boring af. 0 optimization city is a ghostwon nothing to do driving is ass, cars are a ractangle on wheels with 0 physics police does not exist level scaling is useless half the builds are bland and borin need to mod the ï¿½ï¿½ï¿½ï¿½ï¿½ï¿½","['combat', 'story', 'graphics', 'controls']","['combat', 'story', 'graphics', 'controls']",
1.0915E+15,Cyberpunk 2077,graphics,"This game has the best graphics ive ever seen in my life path tracing is honestly insane it completely changes how everything looks especially if you add some graphics mods too .But the main thing isnt even the graphics its the story its actually amazing the characters feel real and are really well written and it pulls you in the whole time. The gameplay is also really addicting the combat feels great and theres so many different builds and playstyles you can try with all the perks so it never really gets boring, the side quests are also really good some of them feel just as important as the main story which surprised me a lot .The endings are cool too very interesting but i wish there was an actual good ending for V but i guess theres no good in Night City [spoiler] Goodnight Valerie [/spoiler]","['graphics', 'story', 'combat']","['graphics', 'story', 'combat']",
1.0915E+15,Cyberpunk 2077,graphics,"I was hyped for this game since 2009 when I saw the first trailer for this game. I remember it was such a beautiful trailer and I reflect now on how I used to think, ""yeah, it looks good now, but when they release it, the graphics and the game play are going to not be nearly what was reflected in the trailer. Years later, when it finally released, the graphics looked good, but just bugged out all the time. I can now gladly say that with all of the updates and patches from the developers, it is EXACTLY what I hoped it would be years after that first trailer release as well as one of my all time favorite GOATS.",['graphics'],['graphics'],
1.0915E+15,Cyberpunk 2077,graphics,"Probably one of the best games ever created. The story is, in my opinion, an 11/10. The graphics are great. The characters are so developed and there's just too much to say about this game for how good it is. There are bugs, yes. Every game has it's flaws. This game has seriously picked itself back up after the horrible launch it had. I only started playing because of the anime, and that's one of the greatest decisions of my life. Best purchase I've made. Perfect replay value. Changed my outlook on life.","['story', 'graphics', 'price']","['story', 'graphics', 'price']",
1.0915E+15,Cyberpunk 2077,graphics,"Hands down best game ever. S tier storyline, preem graphics, and tons of action. Also love how many alternate beginning and endings there are. Worth the price for CP2077 and the DLC.","['story', 'graphics', 'price']","['story', 'graphics', 'price']",
1.0915E+15,Cyberpunk 2077,graphics,Honestly simply my favorite game ever playing it on a good monitor really drives those graphics. I played the ps5 version when it came out and coming back to it almost 5 years later is almost like a whole new game played it twice and currently playing it a third time. If you want the ultimate visual experience this is the best game by far. The side characters are some of the best more deeply filled characters of any game I ever played and the city well the entire setting of the game feels like a character with deep emotions incredible game words cannot even describe how good this game is.,"['graphics', 'story']","['graphics', 'story']",
1.0915E+15,Cyberpunk 2077,graphics,very good quality graphics and worth even the full price and the story being S tier and Keanu Reeves was the best actor to choose for the Silverhand but this is generally for those who like the gameplay of red dead redemption 2 but in the future but also mixed with choosing your own playstyle on how you fight and choose what to upgrade,"['graphics', 'story', 'price', 'combat', 'controls']","['graphics', 'price', 'story', 'combat']",
1.0915E+15,Cyberpunk 2077,graphics,"Absolutely Fantastic game, on par with how great GTA 5 was in its first 5 years. Insanely addictive, graphics are wild. LOVE IT and cant wait for the next one!",['graphics'],['graphics'],
1.0915E+15,Cyberpunk 2077,graphics,"7.8/10 The story is clichï¿½ï¿½ and short but the graphics and the world are very good. *Until I set up everything, three quarters of the game has pa","['story', 'graphics']","['story', 'graphics']",
1.0915E+15,Cyberpunk 2077,graphics,"most of the game is locked behind linear story progression. story is okay, graphics are good, not too much freedom though. just watching a movie gives the same effect","['story', 'graphics']","['story', 'graphics']",
1.0915E+15,Cyberpunk 2077,graphics,try should it pretty is good it you game the ten tenths beautiful are ten tenths buggy really not graphics,['graphics'],['graphics'],
1.0915E+15,Cyberpunk 2077,graphics,"Cyberpunk 2077 is more than just a video game; it is a deep dive into a fascinating and complex world. Playing this game feels like stepping into a living, breathing city where every street has a history. Night City is built with incredible detail, and the game does an amazing job of showing how advanced technology changes everyday life. One of the best parts of the game is the rich lore and the detailed in-game technology. The game explores how the physical world connects with advanced digital systems, which makes the setting feel very grounded and realistic. Learning about how the cyberware works and mapping out the history of the different corporations is incredibly engaging. The game puts a lot of effort into explaining the technical side of its universe, making it a joy to explore for anyone who appreciates well-thought-out digital and physical networks.","['story', 'graphics']",['story'],
1.0915E+15,Cyberpunk 2077,graphics,"first person only view. would not recommend if you don't like first person view, especially as its not even realistic , if i look forward from my firs person view i still see some of my body in my peripheral vision this game just makes you feel like a head in less you look downwards , terrible",['graphics'],"['controls', 'graphics']",
1.0915E+15,Cyberpunk 2077,graphics,"Best game on mac right now, the graphics are unparalelled , just too good, and they really improved on the story line, another thing would be their first person combat, highly satisfying and realistic,","['graphics', 'story', 'combat']","['graphics', 'story', 'combat']",
1.0915E+15,Cyberpunk 2077,graphics,"Technical: 7/10 Still a handful of bugs, but the game does seem a lot more stable these days. Story: 10/10 The grit of this game and having to choose between true moral dilemas is one thing that makes this game GOLD. Aftermath of consequences, the toll a corporate-run world takes on the soul and psyche. For Jackie, for Evelyn, for So Mi. Visuals: 9/10 Takes a pretty good engine to not get any lag on even medium quality, my first game lagged pretty heavily once I got into Act 2 at times. But man, with the right hardware, the place is so realistic looking! Sound: 10/10 Hot damn what a jam. So many tracks on the radio made by talented artists. And the soundtrack is lit as well! Gameplay: 9/10 The shooting can feel a tad clunky at times, but once you hone in and get used to them, it's not bad. Stealth missions were exciting, especially the one from Phantom Liberty with one certain robot named after the guardian to hell...","['graphics', 'story', 'controls']","['combat', 'story', 'graphics', 'controls']",
1.0915E+15,Cyberpunk 2077,graphics,"Played with mods, hours distorted. A bloody masterpiece, and a cautionary tale. CD Projekt Red obviously felt the pressure on this one. Probably the most anticipated game of the last decade, torched by the launch. And one of the if not the most incredible comeback story from any game (no man's sky comes to mind as well!). Every issue that plagued this game at launch has been resolved, and what's left is the initial vision of a gritty, realistic, immersive futuristic world that takes your breath away. Buy it. You won't regret a single second.","['story', 'graphics']","['story', 'graphics']",
1.0915E+15,Cyberpunk 2077,graphics,"What an adventure ! Really recommend this game don't think people need reviews as the game speak for himself. It's so disturbing as it is so much realistic to what our world will look like like in the near future. Some missions are really what we experience today but with some cybernetics implants along the way. More than just a game some time feeled like a critic to the society don't know if it was meant to. The mechanics are really cool as you can choose which type of weapon you wanna play and max it out by the perks tree some specified builds looks really cool. For my self never shooted with a gun done the whole playthrough with 3 throwing knives so funny to feel like a ninja on cyber-steroids, with the cyber hacking thing the possibilities are infinite. When you are near the endgame you just feel pretty invincible with all the perks and Cyberware. Didn't liked the driving's mechanics feel pretty sluggish and robotic but there's a mod on nexus that fixed it really well. Talking about mods the game as strong community of moding that really change the experience in game such as better overhaul quality to, my favorite and without trying to spoil, a mod that let you change when Johnny appears and you can set it so he appears every time he can.","['combat', 'story', 'controls']","['story', 'combat', 'controls', 'graphics']",
1.0915E+15,Cyberpunk 2077,graphics,"First of all, made me cry several times. Second, I thought this game was gonna be trash after all the past reviews in early 2020s. Overall, Cyberpunk's a great game, I got a lot out of it and it really immersed me into the monster that is Night City. All the characters, everything, they're top tier. Cyberpunk 2077 in the early 2020s used to make every other game look like its worth the GOTY, but now, Cyberpunk 2077 makes every other game look like it was made by 5 year olds.",['story'],"['story', 'price']",
1.0915E+15,Cyberpunk 2077,graphics,"It's not hard to say that Cyberpunk is one of if not the best game I have played full stop, even after playing games such as Elden ring, Red Dead Redemption 2 and Detroit: Become Human. Unlike some games, after completing the story even if I enjoyed it there is a good chance I won't touch that game's story again, I am yet to find that with this game, the variety of ways you can play this game and all the different outcomes, just the amazing story that the game holds its self keeps bringing me back. Before touching this game it seemed unappealing to me because of the cyber feel which can be seen in Watch Dog: Legion (worst game ever made), but after playing cyberpunk it was so different to my expectations in the best way possible and is a somewhat realistic portray to what life would look like if we carry on the same root we are already heading with technology and because of this I think it makes this game so much more immersive. While playing I have experienced a whole rollercoaster of emotions, and for a game to be able to achieve such a thing is an instant tick in my book, the only other games I have found this in is both RDR2 and Detroit: Become Human. If you have played games such as Red Dead Redemption or Detroit: Become Human and enjoyed it, I couldn't recommend this game to you more.",['story'],['story'],
1.0915E+15,Cyberpunk 2077,graphics,Game keep surprising me over and over with revamps and updates to the gameplay. still needs some tweaking here and there but the game runs and look pretty.,"['graphics', 'controls']","['graphics', 'combat']",
1.0915E+15,Cyberpunk 2077,graphics,"Actually figured out why I love this game so much!! It has some amazing feels from classic spy/dystopian future games like Deus Ex: Human Revolution and Mankind Divided with the stealth/hacking vibes, and it does the hacking way better than Watch Dogs ever did (Ubisoft tried I guess). Also from movies like Demolition Man and Judge Dredd. Honestly if you were born in the 80s or early 90s and grew up in the 90s/00s you will find something to like about this game! I have around 100 hours in total (GOG+Steam) and I have just started the DLC! PS. I really don't need to say this, but the graphics are just incredible on my Zotac 5080!! Feel free to take a look at some of my screenshots I've taken. :D","['story', 'graphics']","['story', 'graphics']",
1.0915E+15,Cyberpunk 2077,graphics,"What stood out to me most is the look and feel of the game. The graphics are seriously impressive, and the futuristic art style is done really well. The city feels dense and detailed, and just exploring it is enjoyable on its own. The story is also strong. It kept me engaged the whole way through, and the characters are written well enough that you actually care about what happens. My only real complaint is that the main story feels a bit short. I wouldï¿½ï¿½ï¿½ve liked it to go on longer, especially since everything else is so well put together. Overall, itï¿½ï¿½ï¿½s definitely worth playing if you like cyberpunk settings and story-d","['graphics', 'story']","['graphics', 'story']",
1.0915E+15,Cyberpunk 2077,graphics,"Maybe the game's launch wasn't good, but everyone makes mistakes. I acknowledge their efforts. Beautiful and unique gameplay and art style",['graphics'],['graphics'],
1.0915E+15,Cyberpunk 2077,graphics,"If you like 3 or more of the following things in any game then get CP2077... - Fluid gameplay with plenty of options to perfectly suit your style of playing - RPG mechanics that are fun and rewarding - Great graphics and amazing Art-Direction - An immersive open world - An engaging storyline that isn't overdone just for the sake of content, but... - ...a good number of sidequests that are well written and NOT of the fetching kind - on top of that sidequests that may surprise you - believable characters and some really heartfelt moments - Great Art-Direction and Art-Design - the most amazing gunplay there is - replayability just because the gameplay is great - great cut-scenes - surprisingly fun vehicle-physics for a game of that kind - tense moments - colours I really dislike words like ""masterpiece"" or ""one-of-a-kind"" and you are to decide if CP2077 is one of those to you... But to me that game is a ï¿½ï¿½ï¿½ï¿½ï¿½ï¿½ï¿½ï¿½ï¿½ï¿½ï¿½ï¿½ï¿½ï¿½ï¿½ï¿½ï¿½ï¿½ï¿½ï¿½ï¿½ masterpiece that sticks with you even after the credits rolled. And to add to this: This is the first game that made me write a review on steam. That's how much ","['combat', 'story', 'graphics', 'controls']","['combat', 'story', 'graphics', 'controls']",
1.0915E+15,Cyberpunk 2077,graphics,"The best game that I have ever played in my whole life. I dont like playing story or rpg games usually but this is not a game...This is literally art. -Firstly game still has bugs (They are not effecting gameplay , minor bugs mostly). -Musics , conversations , translations , graphics , story , side missions , side missions quantity , diversity of improvement , the style that you can change , the map...You have to give this piece of art a chance. -As an extra , I am thinking that the reason why I like this game so much is being fall in love with kinda utopia like this.The future theme.It shows humankind's future if we gonna continue like this. -Also as an fps addict , you gonna have lot of fun from fighting , going sneak and neutralize your targets or completing your duties. -Speechless about environment already. -Everything doubled that I said so far in DLC. Thanks.","['story', 'graphics', 'combat']","['combat', 'story', 'graphics', 'controls']",
1.0915E+15,Cyberpunk 2077,graphics,"i got the game during release. i played a bit but then i think i got sucked into a different game. i recently came back to this game and i really wish i had sooner. this game is amazing. im not normally a dialog person. in most games i skip through it as fast as i can, but i actually ENJOY the dialog in this game. the art style is amazing, with a lot of variety. the gameplay is so open it is wild. i had started just bruteforcing my way through things, then i evolved into a netrunning sneakysneak. either everyone dies without knowing what happened then gets stuffed into a box, or while they are stammering about i pop out and let my smart weapon go BRRRRRR into their head and its over.","['story', 'graphics', 'controls']","['story', 'graphics', 'controls']",
1.0915E+15,Cyberpunk 2077,graphics,The only game to change my outlook on life with the dlc somehow being better then the original which is already hard to do so somehow beating the already great story out of the water is honestly impressive 10/10 will cry again,"['story', 'price']","['story', 'price']",
1.0915E+15,Cyberpunk 2077,graphics,"Cyberpunk 2077 is one of the most impressive open world RPGs I have ever played. The world is so in depth, and feels like a living city. The devils in the details, and the detail in character development and world building is astounding. The story is captivating, following V, the protag. I am only getting started but everyday i look forward to logging back in and playing cyberpunk.","['story', 'graphics']","['story', 'graphics']",
1.0915E+15,Cyberpunk 2077,graphics,The game play is great as is the video. The 'Boss' fights are challenging. It is necessary to choose the correct cyberware that suits your style of play or else you will struggle against strong adversaries. All in all an enjoyable experience.,"['combat', 'graphics']","['combat', 'graphics']",
1.0915E+15,Cyberpunk 2077,graphics,"this was the first Story Rich game I ever played, and it was quite impressive, but even after 6 years, it still has a lot of bugs despite the ""Just don't forget, the game is fixed"" sloganï¿½ï¿½ï¿½","['story', 'graphics']","['story', 'graphics']",
1.0915E+15,Cyberpunk 2077,graphics,"Man insane work!what a gameee!!! Undoubtedly one of the most visually impressive open world.The city is so alive, characters are memorable.After all the updates,this game finally feels like the masterpiece it was meant to be!Crazy work by the devs..","['graphics', 'story']","['graphics', 'story']",
1.0915E+15,Cyberpunk 2077,graphics,Kudos to the devs. I've only encountered one visual bug on PC in my playthrough. Story is engaging and the sights are aplenty.,"['graphics', 'story']","['graphics', 'story']",
1.0915E+15,Cyberpunk 2077,graphics,"One of the best games I have ever played. Mods can make it even more immersive, combat more strategic, and even add extra quests, cars, clothes, cyberware, etc. There is no game on the market right now that matches how gorgeous this game is and how smooth the combat is (for the most part). You will still run into some visual glitches every now and then, but it is few and far between. This game goes on sale pretty often so I would wait for that to buy the game and its incredible DLC.","['combat', 'graphics', 'price']","['combat', 'graphics', 'price']",
1.0915E+15,Cyberpunk 2077,graphics,"I played the game on release (on a release model PS4). Back then the game was nearly unplayable. They fixed it up a bit, but that hardware just couldn't handle it. Constant crashes, single-digit fps, insane pop-in, long load times--it was awful. I stuck with it and finished the game though. Now I'm back to try out the DLC on a pc that can handle it. I don't have any of the aforementioned problems, except for the occasional crash (2 at the time of this review). This review is mostly to share my PC specs and settings. 1440@60 (VSync set to 60) - I get a smooth 60fps without jitter Resolution Scaling: DLSS - Quality Texture Quality: High Frame Gen: OFF Ray Tracing: OFF Crowd Density: Medium DOF: OFF All other advanced settings to high or max numerical value","['graphics', 'controls']",['graphics'],
1.0915E+15,Cyberpunk 2077,graphics,"I havenï¿½ï¿½ï¿½t completed Cyberpunk 2077 yet, but my experience so far has been very positive, especially in terms of visual presentation. The graphics are outstanding. Night City feels incredibly detailed and immersive, with impressive lighting, reflections, and environmental design that make exploration genuinely enjoyable. Even during casual gameplay, the visual quality consistently stands out and enhances the overall experience. While Iï¿½ï¿½ï¿½m still progressing through the story, the world-building and atmosphere have already made a strong impression. If the gameplay and narrative continue at this level, I can see why the game has received much more positive feedback in recent years. Looking forward to f","['graphics', 'story']","['graphics', 'story']",
1.0915E+15,Cyberpunk 2077,graphics,very good quality graphics and worth even the full price and the story being S tier and Keanu Reeves was the best actor to choose for the Silverhand but this is generally for those who like the gameplay of red dead redemption 2 but in the future but also mixed with choosing your own playstyle on how you fight and choose what to upgrade,"['graphics', 'story', 'price', 'combat', 'controls']","['graphics', 'price', 'story', 'combat']",
1.0915E+15,Cyberpunk 2077,graphics,"First played on the PS5 , loved it so much I bought it on PC too. The story is incredible and very meaningful. The best part of this game is just how immersive it is. Night City just feels so real. One of the best games ever made and my personal favourite of all time. 100/10","['story', 'graphics']","['story', 'graphics']",
1.0915E+15,Cyberpunk 2077,graphics,Honestly simply my favorite game ever playing it on a good monitor really drives those graphics. I played the ps5 version when it came out and coming back to it almost 5 years later is almost like a whole new game played it twice and currently playing it a third time. If you want the ultimate visual experience this is the best game by far. The side characters are some of the best more deeply filled characters of any game I ever played and the city well the entire setting of the game feels like a character with deep emotions incredible game words cannot even describe how good this game is.,"['graphics', 'story']","['graphics', 'story']",
1.0915E+15,Cyberpunk 2077,graphics,"VERY true to the Cyberpunk 2077 Universe. Visually unbelievable! the attention to detail is ON POINT. However, it's a little ""Visual Novel"" heavy for my taste. I won't site that as a negative though. Overall Impression: VERY POSITIVE","['graphics', 'story']","['story', 'graphics']",
1.0915E+15,Cyberpunk 2077,graphics,"how can you not like this game. I played day one on a ps4, came back for the rerelease of ps5, and finally got to play it on pc. and its been amazing every time. I can't believe people are still saying they've played this game but it was at launch and have no idea how great the game actually became the every frame is is like a work of art and ive never been so in love with a game world and setting",['graphics'],"['graphics', 'story']",
1.0915E+15,Cyberpunk 2077,graphics,"This is one of the very few games where the visuals put it over the top for me. I don't love the combat or traversal, and the writing is fine, but Night City is just so good-looking. In fact, I started the game on a less powerful rig and just couldn't get into it; I got a slightly better laptop that runs Cyberpunk on high settings with ray tracing, and now I'm hooked. Still, for such a visual game, the character animations can be pretty cringy.","['graphics', 'combat', 'story']","['graphics', 'combat']",
1.0915E+15,Cyberpunk 2077,price,Best game I played so far the dlc is 100% worth it ending is so good makes you empty there are some bugs but I dont think others will have much bugs as I do just enjoy the game price is 100% worth it worst part for me making hard choices in the game,"['story', 'price']","['story', 'price']",
1.0915E+15,Cyberpunk 2077,price,"Absolutely Amazing Game, it runs really great and looks incredibly good. The story is really immersive and has some replayability with the diffrent endings- especially with the DLC. Thats really all to say. Its worth its price, buy it!","['graphics', 'story', 'price']","['graphics', 'story', 'price']",
1.0915E+15,Cyberpunk 2077,price,"Not bad but not great. Being a video game based on a rpg I was expecting more RPG choices, but the best RPG based video game remains VtM Bloodlines. CP 2077 would have looked cooler in 3rd person too. And single player only? What's up with that? I would have understood if certain missions were solo only... but the game is based on a game you play with at least one other friend so what's up with that? The graphics are quite good. I was expecting more choices for the character looks. Cyberpunk is all about the looks! The whole theme is ""Style before substance""!!! They took a concept with limitless possibilities and made an average quality game. This game is a 6/10 at best. Worth playing but it is certainly not worth full price!","['story', 'graphics', 'price', 'controls']","['story', 'graphics', 'controls', 'price']",
1.0915E+15,Cyberpunk 2077,price,"Surely one of the best games i ever played ! thank you CD Project RED ! the graphics are amazing, the Story is good (me i like it a lot but its not the best u can find) Story development is peak, charachters are good. ive played the game before on xbox gamepass but decided to get it on a steam deal with the DLC for 37 bucks. worth the price for a + 100H game. just a bit disapointed because of the crashes, but its not a big deal","['graphics', 'story', 'price']","['graphics', 'story', 'price']",
1.0915E+15,Cyberpunk 2077,price,"Cyberpunk is definitely on the same story arc as NMS- ""like a phoenix born from the ashes"". I do think there is room for improvements and criticism when it comes to certain limitations with builds/cyberware, but it feels like pointing out the crumbs on an otherwise spotless kitchen. This is a great game, worth the price many times over - and any potential improvements are all but available through mods.","['story', 'price']","['story', 'price']",
1.0915E+15,Cyberpunk 2077,price,"Cyberpunk 2077 had a rough launch, but is nothing like it was back then. Yeah, there are still a few bugs here and there, but I haven't been experiencing any gamebreaking bugs the past year or so of playing on and off. The DLC is also amazing and recommended if you like the base game. I'd say this game is 100% worth it at full price, but if if it's on sale it's a no-brainer!",['price'],"['price', 'story']",
1.0915E+15,Cyberpunk 2077,price,"The cutseens are garbage, combat flow sucks, plot is overly determinative so your basically just along for the ride , not worth the price unless its on a serious sale,","['combat', 'story', 'price']","['graphics', 'combat', 'story', 'price']",
1.0915E+15,Cyberpunk 2077,price,"This game is one of the Best RPG Future Based Game out in the Global Market. The graphics are insane, but the graphics cost pretty a price... In my PC with this specs, I got approx 100 fps with dlss frame generation and ultimate settings (without Ray Tracing). Overall the Game is outstanding...","['graphics', 'price']","['graphics', 'price']",
1.0915E+15,Cyberpunk 2077,price,"with so much to do in this game, and just how beautiful both the game and story is, there is no reason to not buy this game, except for maybe the price. But with how often the game is on sale, that's no excuse. this is, without a doubt, one of my favorite games of all time.","['graphics', 'story', 'price']","['story', 'graphics', 'price']",
1.0915E+15,Cyberpunk 2077,price,"Even 6 years after release this game is a buggy mess. In my first experience, in the literal intro to the game npcs were T-posing and A-posing, I got trapped inside my armoury once and the game refused to let me interact with the keypad to get out, npcs and enemies phase through walls and I had to stop using cars entirely because whenever you summon them there seems to be a 70% chance of them flipping onto their roof and becoming impossible to use. However whenever the game actually decides to work it's pretty solid and characterisation is good. It's not worth the fully price given how much of a buggy mess it is but if you can pick it up on sale then do it.","['graphics', 'price', 'story']","['graphics', 'story', 'price']",
1.0915E+15,Cyberpunk 2077,price,With over 230 hours at the time of writing this review I think it's safe to say that I quite like Cyberpunk 2077. Despite it's awful launch the game has become a proper release that actually feels like it's worth full price.,['price'],['price'],
1.0915E+15,Cyberpunk 2077,price,This is the best game i have ever played 10/10 gameplay. If this game is on sale you should buy it.,"['price', 'controls']","['controls', 'combat', 'story', 'graphics', 'price']",
1.0915E+15,Cyberpunk 2077,price,"Great game. I love cyberpunk games. Deus Ex was one of my favorite series. This is like Watchdog, GTA, and Deus Ex all combined. I'm playing this WAY after release so it's not quite as glitchy and I didn't pay full price. 30 hours in and it's a blast.","['story', 'price']","['story', 'price']",
1.0915E+15,Cyberpunk 2077,price,"Definitely one of the best open-world games Iï¿½ï¿½ï¿½ve ever played. The world, the story, and the combat, ï¿½ï¿½ï¿½ï¿½ï¿½ï¿½ï¿½ï¿½ï¿½ï¿½ï¿½ï¿½ï¿½ï¿½ï¿½ï¿½ï¿½ï¿½ï¿½ï¿½ï¿½ absolute perfection. If youï¿½ï¿½ï¿½re thinking about whether you should buy this game or not, YOU SHOULD! The only thing Iï¿½ï¿½ï¿½m disappointed about is that J","['story', 'combat', 'price']","['story', 'combat', 'price']",
1.0915E+15,Cyberpunk 2077,price,"it started off pretty cool! great graphics, cool characters, and uhm- let's just say a very 'detailed' customisation choices, but slowly it started to get boring, the story was kinda inconsistent, the gunplay got old fast, the gameplay is janky and the cars in this game drive terribly. i found myself skipping alot of the dialogue and cutscenes due to the jankiness and bugs, and honestly found it really boring and anticlimactic. i really would like to give a good review but with all the said issues plus the buggy cutscenes and glitches in the game, it's honestly gonna be a bad review on my end, 6.5/10 at most. if you like far cry games and cyber/neon cityscape, MAYBE you'd enjoy this, but i'd recommend to buy it on sale cuz it's just not worth the full price.","['graphics', 'story', 'combat', 'controls', 'price']","['graphics', 'story', 'controls', 'combat', 'price']",
1.0915E+15,Cyberpunk 2077,price,"i know for a fact i spent more time in settings than actually playing, not worth full price story is super mid lmao","['story', 'price']","['price', 'story']",
1.0915E+15,Cyberpunk 2077,price,"Really good game, this was the first game where I really focused on side quests because they were so damn good. The side quests were so engaging and had their own story that was separate from the main story. I bought this game not expecting for me to finish it, I had 0 expectations all I knew was that it was futuristic and set in 2077, I did not look at reviews or posts about this, I bought the game as a benchmark for my computer, the game is really pretty and runs fairly well on my computer, really amazing game and story was really really good, but what really made this game click was the immersion, this game is super immersive, gameplay was also amazing, but it is not perfection, I do wish the pacing of story was a bit slower, and that I could replay missions, there were still bugs but nothing crazy just minor inconvenience maybe just a quick reload of a save or a replay of a mission could fix, nothing crazy, I wish the game was 10 or so hours longer, it was just so good. Overall, it's worth all your time and you should really pay the full price for this peak. If you like open world or action RPG games, this is probably for you. :)","['story', 'graphics', 'controls', 'price']","['story', 'graphics', 'controls']",
1.0915E+15,Cyberpunk 2077,price,"Its good/really good, but not great. With the tech. and budget availible, it should have surpased older games like RDR2, Witcher3, GTA, etc. etc. It simply does not. Worth a play if its on sale 50% off or more. Not worth the full price.","['graphics', 'price']","['graphics', 'price']",
1.0915E+15,Cyberpunk 2077,price,Yes buy this game. But if you have a low end pc then might wanna wait for the marked down price.,['price'],"['price', 'graphics']",
1.0915E+15,Cyberpunk 2077,price,"This is absolutely the best game I have ever played. It's quickly shot up from a game I'm meh about to being one I'd willingly play 12 times over. With all the dialogue options, endings, and sheer emotions I felt while playing this, it is by far the best singleplayer game I've ever played. I play mainly multiplayer games with my friends so that's saying something. I wish I had more words to say how beautiful this game is. Aside from the couple crashes that only ever happened when playing for 3+ hours, this is a great game, and I 100% would have bought it for full price.","['story', 'graphics', 'price']","['story', 'graphics', 'price']",
1.0915E+15,Cyberpunk 2077,price,"TLDR: This is a great game but a weak RPG. Cyberpunkï¿½ï¿½ï¿½s incredible narrative, enhanced by its DLC, is undoubtedly worth playing, or at least trying. Thereï¿½ï¿½ï¿½s a lot to say about this gameï¿½ï¿½ï¿½s launch and subsequent redemption, but from someone who played it through multiple endings before 2.0, most of the best parts of the game were always there, if not just more accessible now. The story is great, tense and complex with interesting characters that pulls you along all the while you as V build your rep by taking on fun, if not short, gigs throughout Night City. Thereï¿½ï¿½ï¿½s some tastes of meaningful choice in the main story (and moreso in the DLC) but outside of that thereï¿½ï¿½ï¿½s little room for you to actually express yourself in this world, especially with how predetermined some aspects of your character are. Even basic features of expression like clothing, looks, and vehicles are seriously limited by a lot of modern RPG standards. More than that, one playthrough of the gameï¿½ï¿½ï¿½sgh most of the gameï¿½ï¿½ï¿½s side content, with about 5 non-repeatable hours of ï¿½ï¿½ï¿½postgame contentï¿½ï¿½ï¿½ (exclusively in the DLC). Sure, thereï¿½ï¿½ï¿½s always the other endings, but after that what are you left with? With how full Night City is Iï¿½ï¿½ï¿½m shocked by how dead the moment to moment exploration is. Night City is crowded, but hardly alive. It may be heretical to say, but outside of CD Projektï¿½ï¿½ï¿½s incredible curated content the transitory gameplay could be swapped with Starfieldï¿½ï¿½ï¿½s exploration. Its still well worth the money, ESPECIALLY recommended on sale, and mods can fill some of that empty space Iï¿½ï¿½ï¿½m dissatisfied with, but every so often Iï¿½ï¿½ï¿½ll stare wistfully at its icon before","['story', 'graphics', 'price', 'controls']","['story', 'price']",
1.0915E+15,Cyberpunk 2077,price,"Have more than 700 hours in this game(didn't have the money to buy previously). This is a masterpiece, even considering bad launch and amount of bugs early on. Now this is a pretty polished, very moddable game with insane amount of content and build variation. CDPR did really well. Cant imagine what they'll accomplish in their cyberpunk sequel","['price', 'graphics', 'story']","['graphics', 'story', 'price', 'controls']",
1.0915E+15,Cyberpunk 2077,price,"What a pile of garbage this game is. I played for a few days, then it stopped loading. Game just Crashes at startup. I tried all the suggestion ie; current drivers, verifying, shutting off overlay, and anything else I could think of. Looks like the company got enough of the bugs out to get player beyond return time frame. They got my money dont let them get yours...","['graphics', 'price']","['graphics', 'price']",
1.0915E+15,Cyberpunk 2077,price,"Im 130 hours into this game and yet i havent discovered everything this game has to offer, there is so much content for me to explore especially with the added expansion, the story is absolutely phenomenal and such a fulfilling experience",['story'],"['story', 'price']",
1.0915E+15,Cyberpunk 2077,price,"Cyberpunk at this state is easily a 10/10 game. Even more so, its a statement of a dev team making mistakes and redeeming on a promise to fix them. I did not buy the game for years, because we all know how 1.0 was. They promised to fix the game and so they did. The launch was a disaster, but through countless patches and additions to the game, they truly did create something special in the end. You can play the game with so many different builds and ways that its replaying value is very hight and most of all, the game is extremely fun to play. Storyline is fantastic. Its awesome, sad, atmospheric, thought provoking, depressing, epic and insane. Thereï¿½ï¿½s enough content here for hundreds of hours and many play throughs. Not to mention Phantom Liberty, which is a fantastic expansion, so definitely buy the ultimate edit","['story', 'price']","['story', 'price']",
1.0915E+15,Cyberpunk 2077,price,"One of the best games to spend your money on. The story is engaging and you make meaningful decisions that change things throughout, the gameplay can change significantly based on how you build your character, and the music really helps you feel the right emotions and appropriately sets the tone during gameplay. I HIGHLY recommend that you get the DLC Phantom Liberty with this game, wait until there is a sale for the two if need be, it really takes the game much further and is a high point for the already great game.","['story', 'price']","['story', 'price']",
1.0915E+15,Cyberpunk 2077,price,"Honestly one of the best games I've ever played. All I had heard about this game was a supposed bad launch, but whatever they did to fix it is good enough for me. Sure there are still a few bugs here or there, but with a game this detailed and large a bug every once in a while is no problem for me. You can tell the developers care about this game and the replayability is so good, most story driven games have game mechanics that aren't fun enough to keep playing once you're done with the main storyline, however the mechanics and side missions/just messing around in this game are legit.","['story', 'controls']","['story', 'controls']",
1.0915E+15,Cyberpunk 2077,price,one of the best games period there are not enough words to describe this game and the dlc is chef's kiss it is truly amazing and i would recommend this to almost anyone,['price'],[],
1.0915E+15,Cyberpunk 2077,price,"I was there at the start. Got my money back. Now I'm here giving it another chance. They fixed a lot of stuff, added new content and everything. This is how the game should've released. I still don't like how there's zero ambience in this city, i can't hear cars, the rain is nonexistent, everything just feels empty and boring. I expect a game like this to have at least a little verticality but we can only go in some places. The DLC tried to further increase the story. Which was good, but eventually failed at the end again. What I wanted from this game is not what I got. I can do whatever I want in the city, still no one recognizes me apart from some missions. Well I always play from the shadow as a netrunner so I guess why would anyone know who I am, but still. Frankly, I could only write all the negatives here all day long, But I won't do it. For the current price I recommend you to give a shot. It might suck you in.","['graphics', 'story', 'price']","['story', 'graphics', 'price']",
1.0915E+15,Cyberpunk 2077,price,"I'm not too far into it, but I came in not expecting that much, and I've been pleasantly surprised! The game is a little overwhelming with missions and its hard to tell if anything is time sensitive, I remember getting stuck because my car got destroyed by an unavoidable quest, and I couldn't do anything except walk until I got a new car waiting for the first one to get repaired but aside from occasional issues, the games been really addicting, especially the story! I finally saved up enough money to pay back vik, so I'm going to do that next time I get on","['story', 'controls']","['story', 'controls']",
1.0915E+15,Cyberpunk 2077,price,"Disregard the bugs from when the game launched, they don't exist anymore, the game as it is NOW is fantastic, the story is solid, the characters are memorable, the game is a rock solid hit.",['story'],['story'],
1.0915E+15,Cyberpunk 2077,price,"this game is goated, the story is amazing the dlc is amazing, i love the futuristic aesthetic of the game","['story', 'graphics']","['story', 'graphics', 'price']",
1.0915E+15,Cyberpunk 2077,price,"Most, if not all, of the game breaking bugs at launch are fixed. The game is in a good state now, and it runs pretty decent. The story is great, the gameplay is fun and unique, and the world is immersive. If you enjoy the cyberpunk aesthetic, this game is a must play.","['story', 'graphics']","['story', 'graphics']",
1.0915E+15,Cyberpunk 2077,price,"I'm sorry, but the only good thing in this game is the visuals, the aesthetics. The story is flat and uninteresting. There is nothing deep in this game. No groundbreaking gameplay mechanics. No amazing story. Yeah, they fixed the bugs, but it's, fundamentally, a mediocre game. A game afraid of daring, of risking. This game does not deserve the fame it has, and I guess it only has that fame because the visual aesthetics is indeed super beautiful and there is a lack of this type of game in the market.","['graphics', 'story']","['graphics', 'story']",
1.0915E+15,Cyberpunk 2077,price,I WOULD 100% RECOMMEND THIS GAME TO ANYONE. THIS IS MY ABSOLUTE FAVORITE GAME OF ALL TIME. THE STORY IS GOATED THE DLC IS AMAZING THE GRAPHICS ARE TOP TEIR AND I LOVE THE GAME PLAY.,"['story', 'graphics']","['story', 'graphics', 'price', 'controls']",
1.0915E+15,Cyberpunk 2077,price,"This is the best game ever made, the base games story is good, the graphics are good, Night City is the best open world. But the DLC story is another lvl. The driving physics is mid but it never advertised itself as a racing game, and the human NPC AI is disappointing if compared to older games, even Assassin's Creed Unity... And the RPG elements aren't that good either (exception the DLC) But its still my favorite video game.","['story', 'graphics', 'combat']","['story', 'graphics', 'combat']",
1.0915E+15,Cyberpunk 2077,price,"this is honestly one of the best games ive ever played, the story, the characters, the environment, everything about this game is just perfection, and ofc the soundtrack, i have watched edgerunners before i played this game, this game is truly phenomenal, the dialoige just feels too real and human, amazing game 100/10 truly recommend it",['story'],"['story', 'graphics']",
1.0915E+15,Cyberpunk 2077,price,"The game is very different from what it was in 2020, now it has a better optimization and most bugs are fixed by now. Even though the game may still have some bugs, it looks very very polished in comparison to the first version that came out. Anything other than that, the story, the world building, the music, everything is PERFECT. The game gives you the chance to play the way you like with almost zero limits, the world is alive and the game makes you feel like the characters are real people. This game is absolute peak.","['graphics', 'story']","['graphics', 'story']",
1.0915E+15,Cyberpunk 2077,price,"Cyberpunk 2077 is the best game I've ever played. The story is amazing, gameplay is really good, visually it looks stunning and the city itself, Night City, is one of the best cities in gaming. Also, Phantom Liberty is a masterpiece, the best DLC of all time. Overall, this game is a masterpiece.","['story', 'graphics']","['story', 'graphics', 'price']",
1.0915E+15,Cyberpunk 2077,price,"I have completed the game with more than 250 quest completed. I find the game enviroment is quite big but at the same time, feels so empty. Story is quite liner and predictable. No really feel the emotion between V and Jonny. I tried to force myself to like the game due to all the commeting/review saying the game is good but i think in the end. I don't really find it fun to play it. Maybe it is just me. Overall i give the game 2.5/5. Would only recommend to buy on big discount.","['story', 'price']","['story', 'price']",
1.0915E+15,Cyberpunk 2077,controls,"I've heard great things about the game. Wanted to like it. Put in the time, thought that it would get better, but no. Everything's somewhat floaty. Guns don't feel like they have predictable patterns, moving feels like you're 300 pounds. The driving is painful, the cars are not responsive at all and all of them are slow. 150 kph does not feel like 150kph as well. The storyline is a lot of dialogue that failed to grab me. Can't skip all of it. It released in 2020. Yet controls/combat feel worse than games released in the 90's. Overall? 5/10. Can't even push myself to finish it.","['controls', 'combat', 'story']","['combat', 'controls', 'story']",
1.0915E+15,Cyberpunk 2077,controls,Its a great game took a while but I finally snagged it for 20$ the controls are horrible and the tutorial sucks to play but it's pretty fun,"['price', 'controls']","['controls', 'price']",
1.0915E+15,Cyberpunk 2077,controls,"Great narrative that pulls you in quick, but its the world that really keeps you engaged. Very immersive and filled with consequences. Gameplay is very tight and responsive.","['story', 'controls']","['story', 'controls']",
1.0915E+15,Cyberpunk 2077,controls,"absolutely amazing game there is so much to do, ive played over 600 hours and still havent discovered things. the graphics are also beautiful even on low settings it looks good. the combat is extremely fun and if you get used to the controls there are some pretty creative ways of killing enemies. holy glaze but i love this game a lot","['combat', 'graphics', 'controls']","['combat', 'graphics', 'controls']",
1.0915E+15,Cyberpunk 2077,controls,"Thrilling and action-packed narrative. Couldn't put it down once I started! Controls are easy to pick up, and my only gripe is with the inventory system. It's not clear to me how some mods like a ""ranged weapon"" mod can be equipped. Also, let's say I put on an outfit (entire clothing set and saved it) in my apartment; then I find a new jacket in the wild and equip it; the new jacket is equipped but doesn't show in preview; jacket in preview is still the jacket from the outfit at the apartment; this is confusing to me. Neither are dealbreakers though. MUCH love to the devs for supporting the Mac!","['story', 'controls']","['story', 'controls']",
1.0915E+15,Cyberpunk 2077,controls,"The game is simply amazing. The options, the RPG elements, the atmosphere, everything is immersive. You can either play regular or download some Nexus mods like my friend did to change it up like Biosculpted Exotics Expanded to add exotic animal models. Supposedly the game alludes to exotics but does not actually have them. My only complaint is that the controls seem overwhelming at first because there are too many button assignments that can be placed and it'd be nice if things could be more consolidated. Looking at the menus and actions in the game, the button consolidation would definitely make the game easier to jump back into after playing other games or after taking a break from this one. I see many areas where there are just needlessly extra assignments to other keys that can just be simplified. Definitely an awesome game regardless. Huge props for this game and I'm looking forward to the next installment in the future.",['controls'],"['controls', 'story']",
1.0915E+15,Cyberpunk 2077,controls,"Where do I begin, I started playing this game because I saw some friends play it and it instantly caught my attention. I was worried that this game wouldn't run on my Steam Deck but it worked like wonders. The default controls are perfect, the text is legible, the graphics run smooth and the battery lasts around 3-4 hours (depending on your brightness). I then upgraded to a PC and I swear it bumped the game from top 5 to the best game ever made. I want to give a round of applause to the development team for making the achievements of this game. It is one of my favorites by far, some are easy and quick, some take a few good hours to achieve (depending on the grind) and others you have no clue because its a hidden achievement you unlock once you complete it. I highly recommend Cyberpunk 2077 if you want an on-the-go or at-home game. P.S- If I fell in love so will you<3","['controls', 'graphics']","['controls', 'graphics']",
1.0915E+15,Cyberpunk 2077,controls,"This game is spectacular. It is beautiful, emotional and heavy. I was lucky to have this game gifted to me by a Twitch friend, and I've loved every second of playing it. The learning curve was a bit steep to begin with, but I started to really get the hang of the controls and gameplay around 2-3 hours in. At just over 50 hours, I am still just as invested in the story and characters as I was when I met them day 1. I absolutely recommend everyone visit Night City. It'll change you!","['graphics', 'story', 'controls']","['story', 'graphics', 'controls']",
1.0915E+15,Cyberpunk 2077,controls,"Are you 60+ years old wishing your heydays were not behind you? Do you still use outdated punk slang while thinking that smoking, drugs and alcohol is what will give you access to the cool kids club? Do you think the system is rigged and everything revolves around your idea of the world? Then this is the game for you. Man, do I feel dirty after rolling in this mudpile. It is visually stunning, controls are easy to learn and there are times that you are having fund, but that wears out fairly quickly. I logged 80 hours because I nearly made it through a first playthrough and got bored near the end. Started from scratch thinking things would be better just to be reminded of how bland the actual storyline is. You max out your stats way before even making a sizeable dent in the main plotline. NONE of your decisions make any difference (replayability is 15/100). Most characters are straight out of the lost-and-found box and the creators pushed a great deal to prove that it is possible to cram so much nonsense narrative into a single game. Pretentious and pointless. Clearly too much effort went into polishing and not enough into making a good core.","['graphics', 'controls', 'story']","['story', 'graphics', 'controls']",
1.0915E+15,Cyberpunk 2077,controls,"Do you like big, open-world games and bleak, dystopian science fiction films? Do you like good storylines where decisions affect the outcomes? Do you like to spend a lot of time killing people and driving/racing many vehicles with very different handling characteristics? Are you into body modifications, nudity, sex scenes and extreme profanity? Do you want to lose weeks of your life in a deeply immersive environment that keeps bringing you back for more? If so, you've found the right game. Blending elements of Blade Runner, Mad Max (game and movies), Brazil, GTA, Fallout, Read Dead Redemption it is a visual treat from start to finish. You'll need a fairly decent PC if you want to have all the graphics settings maxed out but it's definitely worth it. The storylines are good and most of the main characters are well-developed and interesting enough to make you care about their survival. There were a few minor glitches evident in my first play through (e.g. candles burning under water and cops spawning out of thin air) but most seem to have been fixed in subsequent patches. The Phantom Liberty expansion adds a few hours of gameplay and more variety to the storytelling and is a worthy addition to the main game. Explore vast areas and experience many different settings, each with their own clans and vibes. Gameplay varies from relaxed and serene to full on madness, so there's something for everyone. Well, not everyone. With sex, nudity, violence, drugs and a lot of very strong language, this is a game best played when there are no young kids around. If you value your job and/or family time, you may want to set the alarm on your phone to drag you back into the real world every now and then. I played this on a Windows PC using an Xbox controller and that worked fine, although the controls could sometimes be a little fiddly. I have completed it twice, exploring different storylines and experiencing two very different endings. After 188 hours in the game I'm ready to play something else for while, but I will revisit this in the future. It's absolutely brilliant and highly addictive. 9/10. It lost a point for the occasionally frustrating controls.","['story', 'graphics', 'controls']","['story', 'graphics', 'controls']",
1.0915E+15,Cyberpunk 2077,controls,"I've fully platinumed this game on XBOX and bought it again on Steam purely for the smoother gameplay as well as the mod support. I'm still in the introduction part of the game 4 hours in, and am enjoying it very very much.","['controls', 'graphics']","['controls', 'graphics']",
1.0915E+15,Cyberpunk 2077,controls,"Def love the modding support on this game, it's really a great game. If you want a home away from home this is def the game to mod",[],[],
1.0915E+15,Cyberpunk 2077,controls,"I have finished this game a few times on *box. It's a great game, the story is very engaging, the fighting is also well-made whether you're going melee or gun running. I also played the expansion on my console ""Phantom Liberty"". It raised the bar even more. Although the launch was an utter disaster, if your PC can run this game by it's requirements and you got the eddies, (especially if there's a sale), buy in. It's an unforgettable game with a cyber-city defining atmosphere where corporate greed, violence and body implanatation is shown off fully fledged. The many updates that were added years after as post-launch support really helped this game become even better as well. And throughout this game's story and narrative, one thing is made clear, expect the unexpected.","['story', 'combat', 'price']","['story', 'combat', 'price', 'graphics']",
1.0915E+15,Cyberpunk 2077,controls,good game has good story and mod support (needs good drivers tho and doesnt run at all if you have a old computer) if you like fps games this is for you. if the price makes you unsure to buy it or not remember that steam has its ways to emptying your pockets so it might as well go to this game.,"['story', 'graphics', 'price']","['story', 'price', 'graphics']",
1.0915E+15,Cyberpunk 2077,controls,"It's a pretty great game, and came a far way from the buggy mess of launch. It's certainly a favorite of mine. I would say though, once you finish the story, the mod support of the game will keep you going for sure.",['story'],['story'],
1.0915E+15,Cyberpunk 2077,controls,"This game is fantastic, I hear the launch was horrible... but looks like they fixed it... if this were to get multiplayer support, if not the sequel at least... even better.",[],[],
1.0915E+15,Cyberpunk 2077,controls,"I find myself returning to this game constantly. Everything about it is just top notch, and the modding support is just brings it to another level. One of the best examples of open world gaming of the generation.",[],[],
1.0915E+15,Cyberpunk 2077,controls,"It's a good game, but not a good RPG. However I'd say the same for CDPR's other games, so if you enjoyed Witcher 3, the mechanical depth and amount of choices/roleplaying opportunities should satisfy you. In terms of structure and gameplay, I'd compare it more to Grand Theft Auto than anything else. Writing is solid, and the acting is especially great. The story is dramatic and memorable, but it isn't particularly deep. Don't go in expecting it to dive into the philosophy of the cyberpunk genre, or expand on its themes very much. The atmosphere is pretty incredible though, nothing beats driving through Night City in the rain, blasting Refused on the in-game radio. Combat is fun, there's a lot to think about due to the quick hacks, and there's a good amount of weapon variety as well. Feels great on both mouse/keyboard and controller. Overall an above average game. I enjoyed it.","['story', 'combat', 'controls']","['story', 'combat', 'controls']",
1.0915E+15,Cyberpunk 2077,controls,"(A few hundred hours through GOG as well) One of the best open world RPG's ever made. Yes it launched in a bad state. But today, that's irrelevant. Today it's amazing. Story and more importantly great characters. Those are the reasons I play games, and this game does it best. Biggest negatives in this game are things that are not as good as GTA. Well GTA is literally the best in the world at those things. And I don't care that the cops are not as good as GTA. That's irrelevant to me. Which, for me means I actually come back to play this game multiple times unlike GTA.",['story'],"['story', 'controls']",
1.0915E+15,Cyberpunk 2077,controls,"Despite all the crap I am going to say about it- I simply love this game. This game is throughout quite an immersive and fun experience, that is ocasionally ruined a little bit with the hicups caused by some tedious issues. The story, while it explores tropes that are typical to this genre - it does it quite well. Colorful (maybe too much during daytime) yet dark, near altfuture, urban dystopia. Society indulged, obsessed and drained both with consumerism and sex. Uploading the very soul to the net. Exploring the topics of afterlife, leaving a mark in the world, identity and fighting with the system. Characters are well written, they fit in perfectly and so does the dialogue. There is a lot of memorable quests and peeps, especially among the main cast. I love both Johnny's and V's characters, their relationship and how they interact with eachother. Kudos to English female V voice actress, her performance was amazing. Graphically it is stunning. The lights, effects, sounds, atmosphere, weapons, buildings and especially car models - all of this builds up the world almost flawlessly. Night City does look and feel authentic. The music is spot on, both in the game's soundtrack and it's radio track selection - they literally did a 10/10 job here, especially with the Samurai bits. But... Sadly this whole immersive experience can be broken by the bugs that persisted in this game over the years. You can spot civilians phasing through walls, multiple car models being stuck on top of or inside each other, enemies shooting you through some walls, animations/scripted events not playing correctly or at all. One of the more annoying bugs that I remember from when I first played the game ~5 years ago was ""clown boots"" - the game loops the sound of the crushing bottles as your footsteps when you first walk on them in specific area during the Evelyn questline and it doesn't stop unless you restart the game... Luckily I didn't run into anything that was game breaking or soft locking my progress. The game also flatlined like two times for me. Yet it is still disappointing seeing that those old issues weren't fixed, despite devs supporting the game and pushing new updates over the years. Bugs are very rare, yet they are there. It also feels that the further you go from the start of the game, there is less of them. AI could also be better as it is very basic. Civilian behaviour feels mostly like an ""A"" than an ""I"". On top of everything the police is not a threat at all. You can lose a tail in mere seconds and it feels like they are not even interested in chasing you. Whats also a bit wild is that pedestrians tend to jump under your wheels for no reason, as if they were trying to avoid your vehicle... in the wrong direction.., even if you were not a threat to them to begin with. And then, there is a Sinnerman quest - an absolute joke... I would still strongly recommend getting this game. It's not without its flaws, but it is truly a great experience. It also does hold a replayability value with the build variety, some choices you make during the story and it has a mod support. Just keep in mind that you will eventually encounter bugs that will make the world of the game less believable to you. Would bomb Saka tower again tho.","['story', 'graphics', 'controls']","['story', 'graphics', 'controls']",
1.0915E+15,Cyberpunk 2077,controls,"Peak game, basically 4 playstyles to pick and a lot of weapons to chose from. Personally I find playing as a netrunner kind of like playing the game on easy mode no matter what difficulty you pick, you can kill enemies from far away while staying undetected (unless you have some mentall illness or an additional chromosone, but I'm pretty sure those people can also stay undetected). If you want some difficulty but also don't want to screw yourself over, use the sandevistan and use throwing knives, it's fun, requires aiming but rewards a lot for hitting headshots. The hardest way to play the game is probably just using gorilla arms and the berserker implant. Also I pre-ordered the dlc and regretted nothing. Peak game, buggy on launch but after that it was still buggy, but in a fun way. 10/10","['combat', 'price']","['combat', 'controls']",
1.0915E+15,Cyberpunk 2077,controls,GAME FKIN SUCKS I HATE EVERYTHING ABOUT IT THE UI IS TRASH IT HAS TOO MANY OPTIONS U GOT SKILLS AND THEN MORE SKILLS YOU CAN ALSO CRAFT WHICH IS DUMB IN THIS GAME WHY DO I NEEED TO IT DOESNT EXPLAIN THE BACKBACK IDK IF ANYTHING I PICK UP MATTERS THE CYBERWARE IS JUST TOO MUCH AND DIDNT EXPLAIN ANYTHING I HATE THIS GAME WITH A PASSOIN I DONT UNDERSTAND HOW PPL LIKE MUCH LESS PLAY THIS GAME,"['controls', 'story']","['controls', 'story']",
1.0915E+15,Cyberpunk 2077,controls,"Fun game, I like just driving arround and the story is good to. The game itself is pretty easy and the ai is verry dumb, dont play it if you are looking for intense gunfights.","['story', 'combat']","['story', 'combat', 'controls']",
1.0915E+15,Cyberpunk 2077,controls,"Are you 60+ years old wishing your heydays were not behind you? Do you still use outdated punk slang while thinking that smoking, drugs and alcohol is what will give you access to the cool kids club? Do you think the system is rigged and everything revolves around your idea of the world? Then this is the game for you. Man, do I feel dirty after rolling in this mudpile. It is visually stunning, controls are easy to learn and there are times that you are having fund, but that wears out fairly quickly. I logged 80 hours because I nearly made it through a first playthrough and got bored near the end. Started from scratch thinking things would be better just to be reminded of how bland the actual storyline is. You max out your stats way before even making a sizeable dent in the main plotline. NONE of your decisions make any difference (replayability is 15/100). Most characters are straight out of the lost-and-found box and the creators pushed a great deal to prove that it is possible to cram so much nonsense narrative into a single game. Pretentious and pointless. Clearly too much effort went into polishing and not enough into making a good core.","['graphics', 'controls', 'story']","['story', 'graphics', 'controls']",
1.0915E+15,Cyberpunk 2077,controls,"We are in 2026, 5years after launch and binding keys is still a headache apparently !!! I play on a french AZERTY keyboard, I've paid to play on PC, not on PC+controller. Despite good reviews I do not want to risk having to deal with bad UI & gameplay or take wrong decision simply because it is ""QWERTY"" in menu. I can solve this using mod or changing inputUserMappings.xml by myself but they have already wasted 2h of my time. Life is too short, so why spending it making the work of lazy people (or greedy seing the game launch mess). I sincerly hope they will manage to correct this bad trajectory on Witcher 4.",['controls'],"['controls', 'price']",
1.0915E+15,Cyberpunk 2077,controls,Easy 10/10. Love the game. The only drawback I am having is some achievements from my ps5 did not crossover once I redid them on the same save. I assume that means I will have to just replay the game to get those achievements.,"['controls', 'price']",[],
1.0915E+15,Cyberpunk 2077,controls,"Gameplay is decent, but not unique. The main plot is just boring. A lot of annoying dialogues you forced to listen to unless turn off sound completely or use mods. Also lacks other QoL features, need a lot of mods to play comfortably. Overall, does not worth its cost unless on big discount.","['story', 'price', 'controls']","['story', 'price', 'controls']",
1.0915E+15,Cyberpunk 2077,controls,"truly awful game. this is a story driven game where the story is told through 20-30 minute dialog sessions with a NPC, not joking on the 20-30 dialog, oo ya that's just the first NPC you'll have to talk to, then another when your done... then you'll have to explain it yourself to another NPC. 3 hours of game play the majority of my key strokes where ""F"" key and scroll wheel for conversations. you wanna tell a story use cut scenes with some directing, THIS IS JUST LAZY. the AI pathing is awful, people running in circles, cars piling up in the roads. game is just trash. they may have fixed the bugs from launch but the game will always be dog****","['story', 'controls']","['story', 'combat', 'controls']",
1.0915E+15,Cyberpunk 2077,controls,"I have always loved watching others play the game and now that I have gotten over thinking it would be too hard for me to play, I love playing it too. It is not as hard as I thought and it is real easy to get submerged into the game and lose time.","['combat', 'controls']","['combat', 'controls']",
1.0915E+15,Cyberpunk 2077,controls,"Boring ""typa guy"" story that tries too hard to be bad ass and cool. Crappy borderlands combat where 20 headshots dont kill an enemy, had to play with a combat mod to make the game more fun. The only redeeming quality of this game is the world and city, super fun to walk around and experience it. If you do get this game, use the combat mod to fix this games awful combat system.","['story', 'combat']","['story', 'combat']",
1.0915E+15,Cyberpunk 2077,controls,"Iï¿½ï¿½ï¿½m not that far in the game yet but so far cyberpunk is incredibly fun. Iï¿½ï¿½ï¿½m playing on the steam deck and though the frame rate might not be top of the line it still looks really good and Iï¿½ï¿½ï¿½m surprised I can get even a consistent 40 fps before any frame gen. Truly amazing. I would say if youï¿½ï¿½ï¿½re playing on a computer with an outdated gpu and you really care about frame rate maybe hold off, but if you donï¿½ï¿½ï¿½t care about a little bit of artifacting then you can use lossless scaling or the in built frame gen for better frame rates. One other criticism is if you like to play on keyboard and mouse, just know the driving on keyboard and mouse is about as bad as driving on keyboard and mouse is in any game; so not great. I like to keep a controller connected specifically for the parts where Iï¿½ï¿½ï¿½m driving and play keyboard and mouse anywhere else. Other than those cr","['graphics', 'controls']","['graphics', 'controls']",
1.0915E+15,Cyberpunk 2077,controls,"This my 2nd run through on the Mac, previous on the PS5. 5 years later it's a polished product and im enjoying the new run through as a different class as Nomad/Female with mouse/keyboard, recommend it!",['controls'],"['controls', 'graphics']",
1.0915E+15,Cyberpunk 2077,controls,"vastley underwelming, people love janky games. this game could be awsome but left as a playable game not even good. iv played on ps5 and its better even thought im not even good on controller and reason why is not regestring on keys. im pressing space to jump and its not doing it and pressig ctrl to dodge and not doing it im having to spam them to jump and dodge and its annoyingly fristratingly mouse and keyboard breakly bad. this game is very underwelming and bummed by alot of people. a.i terrilbe and i could go into a 5 page paragraph for all the issues but not going to im just going to point out whats bad. so a.i, story is great untill the end and when very bad, the story is basicly a 4 set desiner wedding cake thats the story the ending is someone just popped over and peed, puked and shat all over it, well done, no registraion for keys and thats mouse and keyboard only, the price for the game and dlc is way to much, 10 for game and 5 for dlc due to very bad mechanics. for a game is 2020 plays more like a game from the early 2000 with movement even being abit old, iv actualy played 2000 games better than this, alot of love has been put into this but lost love for it and crapped on it at the end like they got bored. shame as could be my fave game if they sorted it which as we all know would happen as their deluded and people are wierd and like janky games so you know. i could deal with the rest but the keys on mouse and key not regestring and having to spam each on to jump and dodge is the one thing thats making me hate this game with a pation, its monitor breaking, mouse and keyboard breaking red faced anger inducing annoyingly bad. my advice is not waste your money untill a massive discount and even then id say no as wont get fixed, very very very very dissapointed in the state of this thing. having an ar is pointless as thier a medium to long range gun and when your shooting you can see 80% of the bullets miss due to the spread its a crap game with crap mechanics wasnt thought out propley, its like having a shotgun that when shot blows out bubbles so very bad also you would think shooting would be better on pc but its far worse than controller due to the settings not working propely, aint sensativity only goes from 0 to 2 and the lower the number the lower the sens bu tnope this pc version its the higher the number the lower the senc and its not even by much trying to hit headshots is annoying because its still high as hell but the console version actualy works its aloud of crap this pc version the only 2 things i prefer on pc is fov and graphics thats it everything else is a down side and doesnt work propley","['controls', 'combat', 'story', 'price', 'graphics']","['combat', 'controls', 'story', 'price', 'graphics']",
1.0915E+15,Cyberpunk 2077,controls,"It's a good game, but not a good RPG. However I'd say the same for CDPR's other games, so if you enjoyed Witcher 3, the mechanical depth and amount of choices/roleplaying opportunities should satisfy you. In terms of structure and gameplay, I'd compare it more to Grand Theft Auto than anything else. Writing is solid, and the acting is especially great. The story is dramatic and memorable, but it isn't particularly deep. Don't go in expecting it to dive into the philosophy of the cyberpunk genre, or expand on its themes very much. The atmosphere is pretty incredible though, nothing beats driving through Night City in the rain, blasting Refused on the in-game radio. Combat is fun, there's a lot to think about due to the quick hacks, and there's a good amount of weapon variety as well. Feels great on both mouse/keyboard and controller. Overall an above average game. I enjoyed it.","['story', 'combat', 'controls']","['story', 'combat', 'controls']",
1.0915E+15,Cyberpunk 2077,controls,"My, my, myï¿½ï¿½ï¿½this game is truly stunning. Visually, itï¿½ï¿½ï¿½s absolutely beautiful, and the storyline is far more emotionally impactful than you might expect. It never really gets boring, and I found myself consistently engaged; in fact, scratch that I am STILL engaged. Story-wise, this is easily one of the bestï¿½ï¿½ï¿½if not the bestï¿½ï¿½ï¿½games Iï¿½ï¿½ï¿½ve ever played. I highly recommend it, especially if you enjoy narrative-driven games. Overall, the game feels like playing a more sophisticated version of GTA, with deeper storytelling and a more immersive world. That said, the police system isnï¿½ï¿½ï¿½t nearly as advanced, which makes it pretty darn easy to escape during chases. Of course, this isnï¿½ï¿½ï¿½t meant to be GTA, so itï¿½ï¿½ï¿½s not a dealbreaker, but nonetheless, it would make the game feel more polished. On the technical side, Iï¿½ï¿½ï¿½m running the game on a Mac with an M2 chip. It performs smoothly at around 30 frames per second, which makes it very playable. The only issue Ihereï¿½ï¿½ï¿½s some input lag, which makes it less smooth and honestly not very enjoyable without a controller. Nice thing is though, with a controller comes haptic feedb","['story', 'graphics', 'controls']","['story', 'graphics', 'controls']",
1.0915E+15,Cyberpunk 2077,controls,"I bought Cyberpunk at launch. It was an unfinished nightmare of bugs, unbalanced gameplay, and horrific instability. I was pretty sure I'd hate it forever but after coming back to it last year and beating it twice it's both one of the best fps games ever made and one of the best open world games ever made. The world feels densely packed like Sleeping Dogs while having the scope of something like Red Dead or Ghosts of Tsushima. The universe is absurdly well thought out and brought to life so vividly its hard to believe this is the mess I played years ago. Side quests are divided into jobs and gigs and while the gigs feel like a relic of late 2000s/early 2010s open world games the side jobs are almost all phenomenal and have a cinematic feel that many main stories in other games don't have. Gunplay and melee combat are snappy and satisfying, hacking is a blast and elevates fights in such a fun way, the driving isn't great but it's good enough I can play with a mouse and keyboard without wanting to grab a controller and through my PC through a wall. It's made better by the fact that there's some really fun vehicles, especially for people who are fans of the movies this is influenced by (yes of course I want to park the Akira bike next to the Blade Runner noodle shop). CD Projekt Red deserves all the grief they got for this game at launch but I've loved the story, characters, world, and gameplay that Cyberpunk has become now that it's. You know. A finished game.","['combat', 'story', 'graphics', 'controls']","['combat', 'story', 'graphics', 'controls']",
1.0915E+15,Cyberpunk 2077,controls,good game has good story and mod support (needs good drivers tho and doesnt run at all if you have a old computer) if you like fps games this is for you. if the price makes you unsure to buy it or not remember that steam has its ways to emptying your pockets so it might as well go to this game.,"['story', 'graphics', 'price', 'controls']","['story', 'graphics', 'price']",
1.0915E+15,Cyberpunk 2077,controls,"I find myself returning to this game constantly. Everything about it is just top notch, and the modding support is just brings it to another level. One of the best examples of open world gaming of the generation.",[],[],
1.0915E+15,Cyberpunk 2077,controls,"Such a beautiful and well-crafted story. Amazing modding support, amazing characters, and meaningful opportunities. This will forever be my favorite game of all time, there is truly no other game more cinematic, more vast, more complex, and has better written characters than Cyberpunk 2077.",['story'],"['story', 'controls']",
1.0915E+15,Cyberpunk 2077,controls,"The most beautiful game I've ever played with max settings and path tracing turned on. Also, really well optimised! I get the same or higher base fps with this game on path tracing as compared to some games with only ray tracing. And if you know how much more intense path tracing is as compared to ray tracing, you will know how insane that is. I'm a sucker for graphics and this game is one of the only few games that will still surprise and amaze me everytime I turn it on. Everything is amazing, from the story, the graphics, the gore, the alive city. It is beautiful enough as the base game but once you add on texture mods, npc mods and reshaders, it reaches a whole new level. Best thing is that the developers actually enabled and support mods for this game. Truly the best game as of now. I usually can't complete single player games but I actually completed the main story in this one. Still have yet to complete the DLC and the loads of side missions. Also haven't fully explored all the mods I added in this game. Will be playing this game alot more for a long time!","['graphics', 'story']","['graphics', 'story']",
