review_id,game,true_aspect,llm_zeroshot,llm_fewshot,zero_correct,few_correct,review_text
1091500224849175,Cyberpunk 2077,graphics,"['story', 'graphics']",['story'],True,False,"Cyberpunk 2077 is more than just a video game; it is a deep dive into a fascinating and complex world. Playing this game feels like stepping into a living, breathing city where every street has a history. Night City is built with incredible detail, and the game does an amazing job of showing how adv"
1091500220722604,Cyberpunk 2077,graphics,"['combat', 'story', 'controls']","['story', 'combat', 'controls', 'graphics']",False,True,What an adventure ! Really recommend this game don't think people need reviews as the game speak for himself. It's so disturbing as it is so much realistic to what our world will look like like in the near future. Some missions are really what we experience today but with some cybernetics implants a
1091500219769084,Cyberpunk 2077,graphics,['story'],"['story', 'price']",False,False,"First of all, made me cry several times. Second, I thought this game was gonna be trash after all the past reviews in early 2020s. Overall, Cyberpunk's a great game, I got a lot out of it and it really immersed me into the monster that is Night City. All the characters, everything, they're top tier."
1091500223209821,Cyberpunk 2077,graphics,['story'],['story'],False,False,"It's not hard to say that Cyberpunk is one of if not the best game I have played full stop, even after playing games such as Elden ring, Red Dead Redemption 2 and Detroit: Become Human. Unlike some games, after completing the story even if I enjoyed it there is a good chance I won't touch that game'"
1091500224284037,Cyberpunk 2077,graphics,"['story', 'price']","['story', 'price']",False,False,The only game to change my outlook on life with the dlc somehow being better then the original which is already hard to do so somehow beating the already great story out of the water is honestly impressive 10/10 will cry again
1091500221399207,Cyberpunk 2077,graphics,['graphics'],[],True,False,"One of the games ever made. I played it on release and it was cool, i had no performance issues or big bugs. Over time it got better with updates and stuff. Today it's a great game."
1091500220696260,Cyberpunk 2077,graphics,"['price', 'graphics']","['story', 'price']",True,False,"I’ve been a fan of CD Projekt Red since 2009, when I couldn’t stop playing The Witcher 1. Ever since then, they’ve been my favorite studio. Cyberpunk 2077 has always been a masterpiece in my eyes, even back at launch, when people criticized it for bugs and performance issues. Honestly, the glitches "
1091500219707626,Cyberpunk 2077,graphics,"['story', 'controls']","['story', 'controls']",False,False,"i have probably played close to 160 hours of this game in total, roughly 80 something on PS5 and another 80 on PC as of writing this this game is arguably one of the best games to come out of 2020s and while i'm annoyed at myself for avoiding it for so long; the launch of this game was infamously ba"
1091500221356227,Cyberpunk 2077,graphics,"['combat', 'story', 'graphics']","['combat', 'story']",True,False,"Its really fun, the core gameplay loop is good, the combat is fantastic (though ive only done netrunner) and the story is decently interesting, the world is also fascinating and the environments of the game are great! 8/10"
1091500224849175,Cyberpunk 2077,graphics,"['story', 'graphics']",['story'],True,False,"Cyberpunk 2077 is more than just a video game; it is a deep dive into a fascinating and complex world. Playing this game feels like stepping into a living, breathing city where every street has a history. Night City is built with incredible detail, and the game does an amazing job of showing how adv"
1091500222701887,Cyberpunk 2077,combat,"['story', 'controls']","['story', 'controls']",False,False,"Great narrative that pulls you in quick, but its the world that really keeps you engaged. Very immersive and filled with consequences. Gameplay is very tight and responsive."
1091500222943562,Cyberpunk 2077,combat,"['story', 'controls']",['story'],False,False,"Ultimately, everything you do in the game does not matter. There is a conversation you have in the main story about not being able to choose your fate in Night City, as it chooses for you. To include, stealth and non-lethal weapons do not add value or impact the end goal. The side quests allow final"
1091500223890971,Cyberpunk 2077,combat,['story'],['story'],False,False,Took me a couple of attempts to get into it but there is a solid game here. I liked the story but it does cause the first couple of hours to feel like a game on rails. Once you get past this you can ignore the main story if you like. I do recomend completing it at least once. 8/10
1091500221240449,Cyberpunk 2077,combat,"['story', 'graphics']","['story', 'graphics']",False,False,"This is one of the best RPG games I've ever played. It's very immersive and I feel like I'm living again in the game. I highly recommend this game to anyone with a decent computer configuration. My computer configuration is too low, playing Kaka, but it does not prevent me from experiencing the diff"
1091500222367192,Cyberpunk 2077,combat,"['story', 'graphics']","['story', 'graphics', 'price', 'combat']",False,True,"The amount of easter eggs in this game blows my mind. It's not too difficult, lots of neat ways to handle things, city is enormous and detailed, always something to do. Story is pretty legit. 10/10 game for sure. They don't hide the nitty gritty of humanity, nor do they skimp on the political commen"
1091500224845834,Cyberpunk 2077,combat,"['graphics', 'story']","['graphics', 'story']",False,False,"I waited 6 years for the bugs to be smoothed out before playing, and they are still EVERYWHERE. It makes it difficult to be invested in an emotional scene when the character sinks half way into the ground and starts t-posing. With that being said, I am still enjoying the game. Although the story is "
1091500221126312,Cyberpunk 2077,combat,"['story', 'controls']","['story', 'controls']",False,False,"It's difficult to define a game as ""life-changing"" but Cyberpunk might as well be. From the vibe of Night City, to the well written NPCs, to the replayability, to the ability to mod the game and make it 'yours'... it's sooooo much fun. You want to be a sniper? Go, A ninja? Sure. Bersker? Fine. A hac"
1091500224529824,Cyberpunk 2077,combat,"['graphics', 'story', 'combat', 'controls']","['graphics', 'story', 'controls']",True,False,"Starting with the graphics and music, everything is very good, but not breathtaking, except for Johnny Silverhand, of course. The gameplay is a lot of fun. My V was a gunslinger/stealth/hitman, a sort of hybrid between Agent 47 and the Ghoul from Fallout, and it was very effective and entertaining t"
1091500223881770,Cyberpunk 2077,combat,['story'],['story'],False,False,"Under all the fancy abilities and weapons, behind all the slick kills and fights, the game always reminds you that there are no happy endings in Night city. I think the message is you can choose who you want to be and how your story ends even in a cruel and heartless world, and I'm sure countless ot"
1091500221316739,Cyberpunk 2077,combat,"['story', 'combat']",['story'],True,False,"Genuinely one of the greatest RPGs I've ever played. Bugs are a non-issue, main story and side quests are fantastic. Edit: Just finished Edgerunners. I gotta go ""talk"" to a certain final boss."
1091500220578293,Cyberpunk 2077,combat,"['story', 'graphics']","['story', 'graphics']",False,False,"Cyberpunk 2077 is an absolute masterpiece in terms of story, world-building, and visual detail. Even years after release, the world feels alive and immersive, and the level of freedom in gameplay is incredible. Driving through Night City on high settings, especially on Ultrawide, is breathtaking—the"
1091500219796562,Cyberpunk 2077,combat,"['price', 'graphics']","['price', 'graphics', 'controls']",False,False,"Amazing game, playing it now its 100% worth it, i didn't encounter any significant bugs and the gameplay was smooth on an 3060 12gb with everything set to high (without ray tracing, obviously)"
1091500222782862,Cyberpunk 2077,combat,"['story', 'graphics', 'controls']","['story', 'graphics', 'controls']",False,False,"Cyberpunk 2077 has turned out to be one of the most immersive and rewarding games I’ve played on Steam. Going in, I had heard mixed opinions, but my personal experience has been overwhelmingly positive—and honestly, it exceeded my expectations. The first thing that stands out is the world itself. Ni"
1091500222943562,Cyberpunk 2077,combat,"['story', 'controls']",['story'],False,False,"Ultimately, everything you do in the game does not matter. There is a conversation you have in the main story about not being able to choose your fate in Night City, as it chooses for you. To include, stealth and non-lethal weapons do not add value or impact the end goal. The side quests allow final"
1091500219663996,Cyberpunk 2077,combat,"['story', 'controls', 'price']","['story', 'controls', 'price']",False,False,"This game is a testament to the virtues of being a patient gamer. I got it on sale in a much more polished state. I had a lot of fun with this game on the SteamDeck, in constant amazement that I could play this game on a handheld! I had recently been frustrated by the ludonarrative dissonance of the"
1091500222026335,Cyberpunk 2077,combat,['story'],"['story', 'graphics']",False,False,"I won't lie this game was badly broken upon coming out but after the updates and fixes, this is hands down my favorite game. the customization, the soundtrack, the characters. I understand this game isn't up everyone's ally but this game is really fun and addictive."
1091500222776928,Cyberpunk 2077,combat,"['story', 'graphics', 'controls']","['story', 'combat', 'controls']",False,True,"Dear Cyberpunk, from the moment I chromed up with my first kiroshi optics, to getting fully chromed up and no ganic, I knew you were the one for me. Blazing the streets while being on the verge of cyberpsychosis, it really is a perfect game for all. Do you enjoy puzzle games? fighting? racing? farmi"
1091500219994161,Cyberpunk 2077,combat,[],[],False,False,"If you have a good PC, this game is a masterpiece. I played this game almost every single day for a while. It is just so immersive and fun."
1091500220529244,Cyberpunk 2077,combat,"['story', 'controls']","['story', 'controls']",False,False,"Honestly one of the best games I've ever played. All I had heard about this game was a supposed bad launch, but whatever they did to fix it is good enough for me. Sure there are still a few bugs here or there, but with a game this detailed and large a bug every once in a while is no problem for me. "
1091500224832689,Cyberpunk 2077,combat,"['story', 'graphics']","['story', 'graphics']",False,False,"I really love how CDPR built the story and world in Cyberpunk. They nailed the whole dystopian futuristic vibe, and the city looks amazing. Phantom Liberty is seriously so good!!! It’s even better than the main story. It blends in really smoothly to main game too. Gameplay wise, it’s solid overall, "
1091500224401963,Cyberpunk 2077,combat,"['controls', 'graphics', 'story']","['combat', 'story', 'graphics', 'controls']",False,True,"This game is great and is 10x the game it was launch. The mechanics are actually fun and reflect the world and lore. The same goes for the abilities and cyberware. To be brutally honest I'm biased towards this game. I was not impressed 5-6 years ago when I first played it on my Xbox, but after the 2"
1091500221422353,Cyberpunk 2077,story,[],[],False,False,"The game is so good it's got me playing it more than once, even during version 1.0 on the PS4. I never doubted this game. Night City makes me question if it's really a place you should leave behind when you really can't, with how addicting neon lights can be over you. I'm writing this review because"
1091500223356645,Cyberpunk 2077,story,['graphics'],['graphics'],False,False,"90% Of the glitches are from vehichles, although it does ruin the imersion i think there funny and make for some good clips and are jsut part of the fun lol"
1091500225212142,Cyberpunk 2077,story,"['graphics', 'combat']","['story', 'graphics', 'combat']",False,True,"I heavily debated refunding this game and I wish I had. I stuck it out because I hadn't even gotten into the full story and decided to push forward. It is still a glitchy mess. Bad rendering issues, glitches and bugs. AI sometimes doesn't make any sense, especially the driving AI. Overall its a mid "
1091500223283791,Cyberpunk 2077,story,['story'],[],True,False,This game is confusing and doesn't make much sense. Not a great game. Not a good game. It's ... a game.
1091500225040194,Cyberpunk 2077,story,['graphics'],['graphics'],False,False,"I love this game really, very few bugs in the 100+ hours I invested into it. My hardware is limited but it managed to get 60+ FPS in Hight settings and it still looked beautiful."
1091500222413696,Cyberpunk 2077,price,"['story', 'graphics', 'controls', 'price']","['story', 'graphics', 'controls']",True,False,"Really good game, this was the first game where I really focused on side quests because they were so damn good. The side quests were so engaging and had their own story that was separate from the main story. I bought this game not expecting for me to finish it, I had 0 expectations all I knew was th"
1091500220846881,Cyberpunk 2077,price,['story'],"['story', 'price']",False,True,"Im 130 hours into this game and yet i havent discovered everything this game has to offer, there is so much content for me to explore especially with the added expansion, the story is absolutely phenomenal and such a fulfilling experience"
1091500220529244,Cyberpunk 2077,price,"['story', 'controls']","['story', 'controls']",False,False,"Honestly one of the best games I've ever played. All I had heard about this game was a supposed bad launch, but whatever they did to fix it is good enough for me. Sure there are still a few bugs here or there, but with a game this detailed and large a bug every once in a while is no problem for me. "
1091500223948871,Cyberpunk 2077,price,['price'],[],True,False,one of the best games period there are not enough words to describe this game and the dlc is chef's kiss it is truly amazing and i would recommend this to almost anyone
1091500223218962,Cyberpunk 2077,price,"['story', 'controls']","['story', 'controls']",False,False,"I'm not too far into it, but I came in not expecting that much, and I've been pleasantly surprised! The game is a little overwhelming with missions and its hard to tell if anything is time sensitive, I remember getting stuck because my car got destroyed by an unavoidable quest, and I couldn't do any"
1091500225324019,Cyberpunk 2077,price,['story'],['story'],False,False,"Disregard the bugs from when the game launched, they don't exist anymore, the game as it is NOW is fantastic, the story is solid, the characters are memorable, the game is a rock solid hit."
1091500224428746,Cyberpunk 2077,price,"['story', 'graphics']","['story', 'graphics', 'price']",False,True,"this game is goated, the story is amazing the dlc is amazing, i love the futuristic aesthetic of the game"
1091500223378038,Cyberpunk 2077,price,"['story', 'graphics']","['story', 'graphics']",False,False,"Most, if not all, of the game breaking bugs at launch are fixed. The game is in a good state now, and it runs pretty decent. The story is great, the gameplay is fun and unique, and the world is immersive. If you enjoy the cyberpunk aesthetic, this game is a must play."
1091500220286079,Cyberpunk 2077,price,"['graphics', 'story']","['graphics', 'story']",False,False,"I'm sorry, but the only good thing in this game is the visuals, the aesthetics. The story is flat and uninteresting. There is nothing deep in this game. No groundbreaking gameplay mechanics. No amazing story. Yeah, they fixed the bugs, but it's, fundamentally, a mediocre game. A game afraid of darin"
1091500220320547,Cyberpunk 2077,price,"['story', 'graphics']","['story', 'graphics', 'price', 'controls']",False,True,I WOULD 100% RECOMMEND THIS GAME TO ANYONE. THIS IS MY ABSOLUTE FAVORITE GAME OF ALL TIME. THE STORY IS GOATED THE DLC IS AMAZING THE GRAPHICS ARE TOP TEIR AND I LOVE THE GAME PLAY.
1091500221647776,Cyberpunk 2077,price,"['story', 'graphics', 'combat']","['story', 'graphics', 'combat']",False,False,"This is the best game ever made, the base games story is good, the graphics are good, Night City is the best open world. But the DLC story is another lvl. The driving physics is mid but it never advertised itself as a racing game, and the human NPC AI is disappointing if compared to older games, eve"
1091500222864233,Cyberpunk 2077,price,['story'],"['story', 'graphics']",False,False,"this is honestly one of the best games ive ever played, the story, the characters, the environment, everything about this game is just perfection, and ofc the soundtrack, i have watched edgerunners before i played this game, this game is truly phenomenal, the dialoige just feels too real and human, "
1091500221793510,Cyberpunk 2077,price,"['graphics', 'story']","['graphics', 'story']",False,False,"The game is very different from what it was in 2020, now it has a better optimization and most bugs are fixed by now. Even though the game may still have some bugs, it looks very very polished in comparison to the first version that came out. Anything other than that, the story, the world building, "
1091500221081081,Cyberpunk 2077,price,"['story', 'graphics']","['story', 'graphics', 'price']",False,True,"Cyberpunk 2077 is the best game I've ever played. The story is amazing, gameplay is really good, visually it looks stunning and the city itself, Night City, is one of the best cities in gaming. Also, Phantom Liberty is a masterpiece, the best DLC of all time. Overall, this game is a masterpiece."
1091500224144631,Cyberpunk 2077,price,"['story', 'graphics']","['story', 'graphics']",False,False,"Furturistic dystopian GTA. deep and emmersive world with plenty of replay value. Incredibly pretty, enjoyable characters and a story that is just the right length. get around it."
1091500222135503,Cyberpunk 2077,price,['story'],['story'],False,False,"Rough release, but a truly amazing game once it all got ironed out. A fantastic and immersive story, with no shortage of content and an abundance of replay value. Highly recommend."
1091500225313369,Cyberpunk 2077,price,"['story', 'graphics']","['story', 'graphics', 'price']",False,True,"Probably one of the best games ever created. It has come a long way as you can see in the comments with mainly how buggy it was, but this game will make you feel some strong emotions and that alone is worth the try. There's more than enough gameplay and replay value to switch things up on multiple p"
1091500219745304,Cyberpunk 2077,price,"['price', 'graphics']","['story', 'graphics']",True,False,"Lots of content, decent replay value from different storylines or different playstyles. Didn't encounter crashing, bugs or any noticeable issues while playing."
1091500224049562,Cyberpunk 2077,price,"['combat', 'graphics', 'story']","['combat', 'story', 'graphics', 'controls']",False,False,"100% unique shooter title. Interesting blend of RTS, FPS, and RPG. First play through is an unmatched experience, while replay value isn't as high. 8.5/10"
1091500225435072,Cyberpunk 2077,price,[],[],False,False,Loved it so much I'm doing a full replay of the entire game for each ending instead of just reloading a save
1091500223266227,Cyberpunk 2077,controls,[],[],False,False,"Def love the modding support on this game, it's really a great game. If you want a home away from home this is def the game to mod"
1091500219707874,Cyberpunk 2077,controls,"['story', 'combat', 'price']","['story', 'combat', 'price', 'graphics']",False,False,"I have finished this game a few times on *box. It's a great game, the story is very engaging, the fighting is also well-made whether you're going melee or gun running. I also played the expansion on my console ""Phantom Liberty"". It raised the bar even more. Although the launch was an utter disaster,"
1091500223875581,Cyberpunk 2077,controls,"['story', 'graphics', 'price']","['story', 'price', 'graphics']",False,False,good game has good story and mod support (needs good drivers tho and doesnt run at all if you have a old computer) if you like fps games this is for you. if the price makes you unsure to buy it or not remember that steam has its ways to emptying your pockets so it might as well go to this game.
1091500225367066,Cyberpunk 2077,controls,['story'],['story'],False,False,"It's a pretty great game, and came a far way from the buggy mess of launch. It's certainly a favorite of mine. I would say though, once you finish the story, the mod support of the game will keep you going for sure."
1091500219735566,Cyberpunk 2077,controls,[],[],False,False,"This game is fantastic, I hear the launch was horrible... but looks like they fixed it... if this were to get multiplayer support, if not the sequel at least... even better."
1091500225120244,Cyberpunk 2077,controls,[],[],False,False,"I find myself returning to this game constantly. Everything about it is just top notch, and the modding support is just brings it to another level. One of the best examples of open world gaming of the generation."
1091500220683834,Cyberpunk 2077,controls,['story'],"['story', 'controls']",False,True,"(A few hundred hours through GOG as well) One of the best open world RPG's ever made. Yes it launched in a bad state. But today, that's irrelevant. Today it's amazing. Story and more importantly great characters. Those are the reasons I play games, and this game does it best. Biggest negatives in th"
1091500225305431,Cyberpunk 2077,controls,"['combat', 'price']","['combat', 'controls']",False,True,"Peak game, basically 4 playstyles to pick and a lot of weapons to chose from. Personally I find playing as a netrunner kind of like playing the game on easy mode no matter what difficulty you pick, you can kill enemies from far away while staying undetected (unless you have some mentall illness or a"
1091500220200570,Cyberpunk 2077,controls,"['story', 'combat']","['story', 'combat', 'controls']",False,True,"Fun game, I like just driving arround and the story is good to. The game itself is pretty easy and the ai is verry dumb, dont play it if you are looking for intense gunfights."
1091500223119775,Cyberpunk 2077,controls,"['controls', 'price']",[],True,False,Easy 10/10. Love the game. The only drawback I am having is some achievements from my ps5 did not crossover once I redid them on the same save. I assume that means I will have to just replay the game to get those achievements.
1091500220770942,Cyberpunk 2077,controls,"['story', 'combat']","['story', 'combat']",False,False,"Boring ""typa guy"" story that tries too hard to be bad ass and cool. Crappy borderlands combat where 20 headshots dont kill an enemy, had to play with a combat mod to make the game more fun. The only redeeming quality of this game is the world and city, super fun to walk around and experience it. If "
1091500223875581,Cyberpunk 2077,controls,"['story', 'graphics', 'price', 'controls']","['story', 'graphics', 'price']",True,False,good game has good story and mod support (needs good drivers tho and doesnt run at all if you have a old computer) if you like fps games this is for you. if the price makes you unsure to buy it or not remember that steam has its ways to emptying your pockets so it might as well go to this game.
1091500225120244,Cyberpunk 2077,controls,[],[],False,False,"I find myself returning to this game constantly. Everything about it is just top notch, and the modding support is just brings it to another level. One of the best examples of open world gaming of the generation."
1091500224645971,Cyberpunk 2077,controls,['story'],"['story', 'controls']",False,True,"Such a beautiful and well-crafted story. Amazing modding support, amazing characters, and meaningful opportunities. This will forever be my favorite game of all time, there is truly no other game more cinematic, more vast, more complex, and has better written characters than Cyberpunk 2077."
1091500223164698,Cyberpunk 2077,controls,"['graphics', 'story']","['graphics', 'story']",False,False,"The most beautiful game I've ever played with max settings and path tracing turned on. Also, really well optimised! I get the same or higher base fps with this game on path tracing as compared to some games with only ray tracing. And if you know how much more intense path tracing is as compared to r"
1091500224713344,Cyberpunk 2077,controls,"['story', 'graphics', 'controls']","['story', 'graphics']",True,False,"Absolute masterpiece of a game. I have always been a fan of huge open world games with tons of story and quests (>600 hrs FO4, >600hrs on Skyrim, 500 hrs on BG3 - no I have no life). This game checks all the boxes for me. Gorgeous visuals, fun and intuitive gameplay, interesting characters, quests a"
1091500220756828,Cyberpunk 2077,controls,"['story', 'combat', 'controls']","['story', 'combat', 'graphics']",True,False,"This game still has a lot of problems, I won't pretend like it doesn't. BUT I still highly recommend it. Although clunky at times, the story has great moments. The gunplay is mostly great, and the skill trees actually feel rewarding enough to warrant different playthroughs trying out different build"
1091500223890971,Cyberpunk 2077,controls,['story'],['story'],False,False,Took me a couple of attempts to get into it but there is a solid game here. I liked the story but it does cause the first couple of hours to feel like a game on rails. Once you get past this you can ignore the main story if you like. I do recomend completing it at least once. 8/10
1091500221240449,Cyberpunk 2077,controls,"['story', 'graphics']","['story', 'graphics']",False,False,"This is one of the best RPG games I've ever played. It's very immersive and I feel like I'm living again in the game. I highly recommend this game to anyone with a decent computer configuration. My computer configuration is too low, playing Kaka, but it does not prevent me from experiencing the diff"
1091500224465303,Cyberpunk 2077,controls,"['graphics', 'story', 'combat']","['story', 'graphics']",False,False,"This was pretty bad. Going through the tutorial, I was pretty excited to finally hit the streets. When I did, and tried to get my character properly attired so I could FEEL like a cool cyberpunk character, I see the most tiny and fugly assortment of clothes I've ever seen in a sandbox game. The clot"
1091500222943562,Cyberpunk 2077,controls,"['story', 'controls']",['story'],True,False,"Ultimately, everything you do in the game does not matter. There is a conversation you have in the main story about not being able to choose your fate in Night City, as it chooses for you. To include, stealth and non-lethal weapons do not add value or impact the end goal. The side quests allow final"
1091500219624086,Cyberpunk 2077,controls,"['story', 'combat']","['story', 'controls']",False,True,"one word 'PREEM' I'm one of those people who had no love lost over CDPR for fumbling the game at launch. I wasn't hyped and was not in the mood for buggy mess. Fast forward 5 years, similar like many many other, my trajectory of introduction to night city was through this little netflix show called "
1091500225437362,Cyberpunk 2077,controls,"['graphics', 'controls']","['graphics', 'combat']",True,False,The world is very detailed and gunplay is smooth making the game immersive. It's fun to explore as every square inch looks lived in and tells a story. Also the volume of people and traffic are well balanced.
1091500222118694,Cyberpunk 2077,controls,"['graphics', 'combat', 'story']","['combat', 'story', 'graphics']",False,False,"The game is like an adrenaline punch. A super smooth breathtaking graphics punched with combats, techs and a gripping storyline."
1091500219967114,Cyberpunk 2077,controls,"['story', 'combat', 'graphics']","['story', 'graphics', 'combat']",False,False,"This is hands down my favorite modern RPG. The world is simply incredible. Walking along the busy streets of night city carries a feeling like no other. The story is engaging, the gun play is smooth, and the hacking provides a rush of power! CDPR has gone through it to make this game what it is toda"
1091500223033314,Cyberpunk 2077,controls,"['combat', 'story', 'graphics']","['combat', 'story', 'graphics']",False,False,"Absolute master-class game compared to how it was at launch. The environment is artistically detailed, the combat is smooth, the progression feels natural. The dialogue and story is exceptional. Bugs are still present (as in all programs) but I found them to be minor inconveniences or straight up fu"
1091500223102197,Cyberpunk 2077,controls,"['combat', 'graphics']","['combat', 'graphics', 'story']",False,False,"This game is straight preem, no question. The city feels alive, choom—like every street’s got its own story running in the background. Combat’s smooth, builds are flexible, and when everything clicks, you feel like a total nova operator"
1091500224357002,Cyberpunk 2077,controls,"['story', 'graphics', 'controls']","['story', 'graphics']",True,False,"Cyber is basically the definition of “went from disaster to redemption arc”. Night City is insane — neon, chaos, style everywhere. You either love it or get lost in it. The world itself is the real star here, not just the story. You play as V, and everything around you is about choices, upgrades, an"
1091500224796486,Cyberpunk 2077,controls,['graphics'],['graphics'],False,False,I've really come to like this game. The graphics looks great and it is silky smooth. I'm getting max fps and it just looks absolutely amazing. It's been a top-tier experience. I could not ask for anything more. Cannot wait for The Witcher 4!!!
1245620222713133,Elden Ring,graphics,"['combat', 'story']","['combat', 'story']",False,False,"Do not expect this to be ""open-world Dark Souls"". It has excellent soulslike levels, with a vast emptiness between - the rest is between Skyrim and Shadow of the Colossus. Combat speed sometimes goes overboard, and some monsters are beyond grotesque (giant ants. Whose idea was it to make them this r"
1245620217913839,Elden Ring,graphics,"['story', 'price']",[],False,False,"One of the best games of all time. You can sink hundereds of hours into it and still keep finding new things about it. It really does feel like it has endless content at times. And sure, this game can be annoying as hell in some spots. But there's always 500 different ways to overcome whatever issue"
1245620217788761,Elden Ring,graphics,[],[],False,False,"I can honestly say I think it's probably the best game ever made. The last time I played a game literally the whole day without stopping was more than 20 years ago, that's what this game does to you. Elden Ring is a special game and will go down as one of the best if not the best game ever made."
1245620217735509,Elden Ring,graphics,"['combat', 'controls']","['combat', 'controls']",False,False,"It's hard for the sake of being hard. No, it's not fair. No, it doesnt get better with time. The controls are the biggest boss in the game. Look, dont mind me. If you like a good challenge, you will like this game. Just not my kind of game."
1245620225268906,Elden Ring,graphics,['story'],['story'],False,False,The fallen leaves 🍂🍂🍂 tell a story 📣📖‼️ 物語が始まる 😱 الحكاية تبدأ الآن‼️ Of how a Tarnished 😵‍💫⚔️ この無名が⁉️ became Elden Lord 👑🔥 REY DEL ANILLO 👑 HOW DOES THIS EVEN HAPPEN⁉️ In our home 🏰 across the fog 🌫️🌫️ VISION ZERO 霧の向こう側 في الضباب in the Lands Between 🌍⚔️ THE FIGHT IS HERE‼️ Our seed 🌱🌱 will look ba
1245620221183148,Elden Ring,graphics,[],[],False,False,Elden Ring is the kind of game that makes you look at all the other games in your Steam library with subtle disgust.
1245620218835759,Elden Ring,graphics,['combat'],"['combat', 'controls']",False,False,"I play offline because eac is cringe so I probably miss out on a lot of fun multiplayer stuff. Aside from that, the game is a lot of fun. I enjoy the challenging fighting style"
1245620222563699,Elden Ring,graphics,['story'],[],False,False,"I think everyone knows this game is great, and to those who actually DON'T like it, either don't like action games, or games without a strong narrative, which is fair enough. For the rest of the 90% of the population that doesn't dislike those things, Elden Ring is a must try. The souls game that go"
1245620217888050,Elden Ring,graphics,['controls'],['controls'],False,False,pc version is just a disgrace. There is no acceptable reason to have such a truely ♥♥♥♥♥♥♥ ui on the pc version. even a vibe coding intern should have been able to do better. game itself seems ok but the low quality of the ui just drags it down.
1245620219682198,Elden Ring,graphics,['controls'],['controls'],False,False,worsted controls on the planet and absolutely no way to change 75% of the controls without having to literally google how to do basic basic ♥♥♥♥ like how to 2 hand on pc you cannot find it anywhere after the tutorial cave unless you google it. wild that the game is very positive on steam with the mo
1245620223880406,Elden Ring,graphics,['story'],[],False,False,FromSoft were already a revered studio but with this game they've really managed to outdo themselves. The shear volume and quality of content that is on offer here is truly astounding. It's the usual beloved FromSoft formula but dialed up to an 11. Without a doubt this will go down as one of the gre
1245620223127241,Elden Ring,graphics,['price'],['price'],False,False,"No cap, this game is worth the money. You are getting more game than what you are paying for. Even if you think it is expensive, this is game is amazingly huge and good quality."
1245620224790813,Elden Ring,graphics,"['combat', 'controls']","['combat', 'controls']",False,False,"Great game, BUT I came from Playstation. IF you plan on doing PVP, the PVP is considerably WORSE on PC. Latency is through the roof. It is noticably different, if you are coming right over from over 1.5K hours of Elden Ring PVP on Playstation. Everthing you think you know about latency and dodge tim"
1245620224660351,Elden Ring,graphics,['price'],"['price', 'graphics']",False,True,should maybe fix the issues that are still there since launch instead of a dlc with more used assest's then every game you've made.
1245620223672701,Elden Ring,graphics,"['combat', 'story', 'controls']","['combat', 'story', 'controls']",False,False,"Very fun and balanced, boss attacks are well-telegraphed and dodgeable, there are some pain points where you'll want help, but overall the game is designed to be a hard challenge so it feels super rewarding when you finally conquer it. This is the best soulslike game for getting new players into the"
1245620221988148,Elden Ring,graphics,"['combat', 'story']","['story', 'combat']",False,False,WHY DOES NO ONE I TELL TO PLAY THIS GAME ACTUALLY PLAY THIS GAME THEY JUST RUN STRAIGHT TO GODRICK AND THEN SAY IT WAS BORING OR HAD NOTHING TO DO ARE WE SO SERIOUS BRO AND THEY TAKE LIKE 15 HOURS TO KILL HIM AND WONDER WHY THEY GET SO BORED LIKE LITERALLY JUST EXPLORE AND NOT JUST SLAM YOUR HEAD AG
1245620221242418,Elden Ring,graphics,['combat'],"['combat', 'controls']",False,False,"Easily the best game next to Rocket League. No need for a long detailed comment. The game will test you, its very rewarding."
1245620222505172,Elden Ring,graphics,[],['combat'],False,False,This game is so detailed and intense that it has caused me to have high blood pressure and has caused heart palpitations due to the high stress this game causes. extremely fun and would highly recommend
1245620219983961,Elden Ring,combat,['graphics'],['graphics'],False,False,Good but my main monitor (AOC Q27G3XMN) was pretty much unplayable without Nvidia App Smooth Motion enabled. Because the game is locked to 60hz it must have been outside the range my main monitor supports which is max 180hz making the game feel terrible. Luckily Nvidia App has a setting called Smoot
1245620221219341,Elden Ring,combat,"['controls', 'combat']","['controls', 'story']",True,False,"The main issue I have with this game is that there's simply no (good) tutorial or even a guide on how to do anything. They just show you how to move the camera and expect you to understand how to fight large bosses and how everything works. It also feels like there are so many bugs, but I don't know"
1245620221666932,Elden Ring,story,"['combat', 'graphics']","['combat', 'graphics']",False,False,Elden Ring has some of the most engaging combat and exploration loops in gaming. The music and visual design combine with the enviornments to create one of my favorite world to experience
1245620222965386,Elden Ring,story,"['combat', 'price']",[],False,False,This is such A GOOD GAME the moment i picked it up i thouht it wasnt even going to be to good and then when i actually started exploring around and realised it was CRAZY GOOD at the time of writing this review i have just beaten the main game (i hope i hadnt rushed) and to fight every boss and enemy
1245620218908057,Elden Ring,story,[],[],False,False,"The game is fun but constantly having your saved data deleted and having to restart constantly is a very off putting experience, no matter how good the game is"
1245620222543811,Elden Ring,story,[],[],False,False,"Exploration is amazing—everywhere I go looks important, dangerous, or both… and most of the time it is both. Also love how the game just: “Here’s the world. Good luck.” No directions. No hand-holding. Just vibes and suffering. 10/10 experience. I may be late— but the pain is still very current."
1245620220511162,Elden Ring,story,['combat'],"['combat', 'story']",False,True,"The gameplay is really good and fun, I was surprised by the mini-boss “The Tree Sentinel” when I first stepped into the open world. xD It’s kind of funny how many people died there. ִ ࣪𖤐.ᐟ"
1245620224483241,Elden Ring,story,"['controls', 'combat', 'price']","['controls', 'price']",False,False,"This is genuinely not a good game, it is poorly designed with quite a few flaws in the gameplay. It constantly punishes you, and makes it difficult to enjoy yourself. I did not buy the game, it was a gift, and now knowing how flawed and troublesome this game is, I wouldn't go through the trouble of "
1245620223185231,Elden Ring,story,['combat'],[],False,False,"My first ""souls"" game, it took a while to start actually realising how good the game is but I got there eventually. 10/10"
1245620222753933,Elden Ring,story,"['controls', 'combat']","['controls', 'combat']",False,False,"The Crimson Ritual PvP is completely pointless because the matchmaking is fundamentally broken. A level 200+ endgame build should never be matched with a level 30 beginner. It destroys any sense of balance and ruins the experience for both sides. Lords of the Fallen patched this exact issue, but the"
1245620221903920,Elden Ring,story,['controls'],"['controls', 'combat']",False,False,This is the first game that I have played that does not hold your hand. The scaling is very good for leveling. My only complaint is that there are not enough resources to make multiple strong weapons if you want to do something like that
1245620219021194,Elden Ring,story,"['combat', 'controls']","['combat', 'controls']",False,False,"Was extremely worried about the game before trying it, Having heard the usual ""Souls games are very difficult"" but after a pretty rough start the game started to make sense to me and now i'm enjoying myself, it can definitely be challenging in parts, especially some bosses but once you learn how to "
1245620219417683,Elden Ring,story,"['combat', 'graphics', 'controls']","['combat', 'graphics', 'story']",False,True,"Masterpiece. Early on there's a bit of a learning curve, and a few times you'll get hardstuck. Eventually you'll get the hang of how everything works, and then you can kiss dozens of hours goodbye as the game does not take the foot off the pedal. The interiors and architectural layouts make no pract"
1245620223335491,Elden Ring,story,['combat'],"['combat', 'controls']",False,False,"if i could sue this game for trillions i would and i would do it with a smile, and by definition, this game is malware, as it takes an entire pc shutdown to close the game otherwise it refuses to close. edit, make that hundreds of trillions, also, you dont make a boss harder by making him have infin"
1245620223170675,Elden Ring,story,['combat'],"['combat', 'story']",False,True,"This was my first Souls game and it was a truly amazing experience. The combat and boss design is top tier, challenging and yet fun to play. The world is massive with caves, interesting enemies and bosses all around the map, with secrets all over the place. A 10/10 must play for any gamer."
1245620217454298,Elden Ring,story,"['price', 'story']",[],True,False,"Have patience. and then, have the time of your life as a videogames' fan. Elden Ring is a must play for anyone really invested in games. it's so good I bought it twice."
1245620225359961,Elden Ring,story,"['combat', 'price']","['combat', 'price']",False,False,"this game is the best game i have ever played in my life, and a very emotional for me.I recommend this game for those who life adventures and fighting games and bosses, freestyle games.Thank you soo much Elden Ring,Really worth that money"
1245620224900214,Elden Ring,price,"['price', 'story']",[],True,False,"I started this with low hopes because I am not really a souls person but THIS is peak, one of my FEW 10/10 games ever. If you are wondering if you should buy it get the game immediately and BEAR WITNESS the PEAK."
1245620218713176,Elden Ring,price,[],['price'],False,True,I have 235 hourss on my xbox and YES YOU SHOULD BUY AND PLAY THIS GAME.If you need any help / pointers on xbox thensend me a dm on reddit user name : doublexmas3d
1245620221903920,Elden Ring,price,"['combat', 'story']","['combat', 'price']",False,True,This is the first game that I have played that does not hold your hand. The scaling is very good for leveling. My only complaint is that there are not enough resources to make multiple strong weapons if you want to do something like that
1245620223482632,Elden Ring,price,['graphics'],"['price', 'graphics']",False,True,"This game is TRASH super buged and doesn't want to run. I lost 5 hours of my life trying to fix this stupid game, it doesn't want to run, ""SCREEN FROZE"" problem. I gave rtx 5060 ti 16gb, 32gb ram ddr5, 4tb storage m2 so shut the ♥♥♥♥ up with ""your pc is not good enough"". Good luck playing this trash"
1245620224456788,Elden Ring,price,[],[],False,False,Second full playthrough and I'm just as enthralled as the first time. There is just so much to discover with content around every corner.
1245620220438098,Elden Ring,price,"['graphics', 'story', 'combat', 'controls']","['story', 'graphics', 'combat', 'controls', 'price']",False,True,"Tl;dr Elden Ring is the best Souls game so far, it is very replayable thanks to its Ash Of War based gameplay. Elden Ring, which has an eye-catching art style, has greatly increased replayability by making it feel different every time it is played, thanks to the many Ash of War content it contains. "
1245620218802623,Elden Ring,price,"['combat', 'story']","['combat', 'graphics']",False,False,"I like the game quite a lot. Plenty of content, and the exploration is honestly pretty great. Some of the bosses are pushing it a bit, and the game is a bit too long, so content gets reused, but it is still a great and neat game."
1245620221522902,Elden Ring,price,['combat'],"['story', 'graphics', 'combat']",False,False,"cracked the game first, got trojan and malware bought the game even though i finished the game.The replayability is the best the open world is jaw dropping the lore is peak crushing your enemies down with enormous weapons is so gratifying best game ever"
1245620218321202,Elden Ring,price,"['combat', 'story', 'graphics']","['combat', 'story', 'graphics']",False,False,"This game is one of the best games ever created. The world is beautiful, the combat is insanely good and the bosses are definetly the highlight of the entire game. The only thing this game suffers from like every soulslike is the very confusing story. The story in this game is amazing... If you can "
1245620224091670,Elden Ring,price,"['story', 'graphics', 'combat']","['story', 'graphics', 'combat']",False,False,"This is my first Souls-like game and....I'm in love. There is no game in all time that could replace Elden Ring, and SotE as my favourite game of all time. The atmosphere, the art direction, the music, the mystery, the enemy design, the infintely deep lore... This game has it all, and does not hold "
1245620222965847,Elden Ring,price,"['story', 'graphics', 'controls']","['story', 'combat', 'graphics']",False,False,"This game is outstanding, I truly do not think I have played a better game (that doesn't mean it is my favorite game just the best) The lore is peak, every weapon in the game feels amazing and it is so cool that you can make any overpowered, making any build you want a build that you can beat the ga"
1245620220779068,Elden Ring,price,"['graphics', 'controls']","['graphics', 'controls', 'combat']",False,False,"Beat this game a long time ago, and I got a new monitor that wasn't 2560x1440 and tried to play it. I have no idea how I even managed to play this game. My mouse is off center, so in the menus I have to calculate where my mouse really is, because the cursor is a liar. Then there is the fact that the"
1245620218802623,Elden Ring,price,"['combat', 'story']","['combat', 'graphics']",False,False,"I like the game quite a lot. Plenty of content, and the exploration is honestly pretty great. Some of the bosses are pushing it a bit, and the game is a bit too long, so content gets reused, but it is still a great and neat game."
1245620224549576,Elden Ring,price,"['graphics', 'story']","['graphics', 'story']",False,False,TRULY A MASTERPIECE From the game the game art to the story this game is truly perfect. And the game is not that demanding( in performance) i've played on a steam deck oled and it ran perfectly also on my pc I play on maximum graphics and It still run perfectly. Anyways this game is my favourite gam
1245620217465502,Elden Ring,price,"['combat', 'story']","['combat', 'story']",False,False,"I love this game, even though I have died more than 13 Trillion times. This game is not for the weak if you like easy bosses and fast paced story games this is not the game for you. On the contrary, if you like games like with hell as a core component then this is the game for you. P.S. Heavy build "
1245620224164813,Elden Ring,price,"['story', 'graphics', 'combat']","['combat', 'story', 'graphics', 'price']",False,True,"Possibly the best game I have ever played. Gameplay is amazing, the story is grandiose and leaves so much to the imagination, it looks stunning, and there is definite replay value both storywise and gameplay wise. There's so much hidden stuff to find and so many areas you can stumble across that you"
1245620222751212,Elden Ring,price,"['story', 'combat', 'graphics']","['story', 'combat', 'graphics']",False,False,"10/10 game, 100%'d it and I would do it again. Beautiful story, amazing gameplay, insanely challenging bosses and infinite replay value. Aside from all of it my GTX 1060 runs this game at solid 60fps."
1245620220042236,Elden Ring,price,[],['price'],False,True,"One of the best games ever man. I loved it. Played it so much. Unfortunately, I do think that after the first thousand hours or so it kind of lost some replay-ability. However, that's probably just because I've played through pretty much every build twice, but I 100% still recommend it lol"
1245620222975962,Elden Ring,price,"['story', 'controls']","['story', 'controls']",False,False,"very good. few eccentricities that are weird i.e. quest order, what to do, or even tracking them (which for a large open world is quite jarring) but it's very fun. feels like it's got a lot of replay value with different builds and styles etc."
1245620224781701,Elden Ring,price,"['combat', 'graphics']","['combat', 'story', 'graphics']",False,False,"One of the most challenging and rewarding gaming experiences of my life, with ton of replay value. I just have to take a breath before trying to engage it again (turns out I missed two complete hidden areas and still finished). I was really hesitant to start this game as Sekiro had turned me off of "
1245620221816088,Elden Ring,controls,"['graphics', 'price']","['price', 'controls']",False,True,very bad after sell services the game keeps crashing and i am trying to reach to the game support and nobody response!!
1245620222382269,Elden Ring,controls,['graphics'],['graphics'],False,False,"Warning everyone, Elden ring does not support wide screen (anthing above 16:9) and puts artifical corners to crop the screen ratio. This is a choice they made and god knows why."
1245620219223084,Elden Ring,controls,"['graphics', 'controls']","['graphics', 'price']",True,False,"Man ♥♥♥♥ this ♥♥♥♥ the ♥♥♥♥ you mean I cant play with a ultrawide monitor, it give you some ulgy ass black bars on the side, for no reason mind you, ♥♥♥♥♥♥♥ half life 2 released in 2007 has widescreen support but this doesnt? litterally mods to add it, devs just add stuff to make it a pain in the as"
1245620222943168,Elden Ring,controls,"['graphics', 'price']","['graphics', 'price']",False,False,"Not ultrawide friendly. It has support but the game deliberately hides it with black bars, while retaining the performance loss you get from the extended real estate. FPS is also locked to 60, regrettable purchase."
1245620218101490,Elden Ring,controls,"['combat', 'price']","['combat', 'story', 'price']",False,False,Elden ring is such an amazing game with a great big open world and tons of content i couldn't recommend it enough you could spend 100s or even 1000s of hour's on just 1 character alone the game is difficult and easy depends on how you play or what build you use it also has pvp semi forced its not li
1245620218692596,Elden Ring,controls,['combat'],"['combat', 'story']",False,False,Game was super easy but extremely boring until I figured out I could use the monoculars to look at maidens' feet 10/10
1245620222893126,Elden Ring,controls,['combat'],['combat'],False,False,"This game is really not that hard if u just level cheese it, make sure to use the right potions type ♥♥♥♥ and buff the ♥♥♥♥ outta ur guy. Also make sure u use a Mimic summon. Also use the blood katana or something. Don't be a cuck and just gank the enemies, use every advantage and cheese. Don't be l"
1245620225492059,Elden Ring,controls,"['combat', 'story']","['story', 'combat']",False,False,Brilliant adaptation of Lotr! Would recommend to anyone who enjoys a relaxing experience. Added bonus is how easy it is to beat the game once you get good
1245620225341755,Elden Ring,controls,"['combat', 'controls']",['combat'],True,False,"Fought Ulcerated Tree Spirit 10 times, died 10 times, on 11th time, controller died, and i swapped to mouse and keyboard. Killed Ulcerated Tree Spirit with MK, walked 10 feet, died to a random trash mob with a broken knife... 10/10"
1245620219232609,Elden Ring,controls,"['combat', 'controls']",['combat'],True,False,"Terrible timing on everything in this game, you feel locked to stupid animations instead of having any control during combat. Want to block? sorry your swing is already over, but your character has to scratch his balls during the end of the animation first. not to mention elevators and other environ"
1245620222507448,Elden Ring,controls,"['story', 'combat']","['story', 'combat', 'graphics']",False,False,A masterpiece from From software. Undoubtedly their best creation yet. The game does feel a bit too long and lacks the structure of Dark Souls where you follow a linear path. This is both good in the sense that you can level up and get stronger before facing difficult bosses and bad in the sense tha
1245620219983961,Elden Ring,controls,['graphics'],['graphics'],False,False,Good but my main monitor (AOC Q27G3XMN) was pretty much unplayable without Nvidia App Smooth Motion enabled. Because the game is locked to 60hz it must have been outside the range my main monitor supports which is max 180hz making the game feel terrible. Luckily Nvidia App has a setting called Smoot
1245620225342867,Elden Ring,controls,"['story', 'combat', 'controls']","['story', 'combat']",True,False,This is a fantastic journey through a broken world. I really enjoy the attention paid to the cosmology underpinning all of the dark and strange things you will come across in this world. The gameplay is solid and in many ways not as stiff as some of FROM's earlier titles. Your choices of progression
1245620221290271,Elden Ring,controls,"['combat', 'controls']","['combat', 'story']",True,False,"One of the best games I've ever played. Relatively easier than Dark Souls, yet the vibe is great and the gameplay is smooth. I HIGHLY recommend for anyone that likes Solo Leveling, Dark Souls, Bloodborn and Sekiro!"
1245620218474632,Elden Ring,controls,['price'],"['price', 'story', 'controls']",False,True,My play time is much less than Steam up time. I've had to leave it on the menu screen becuase of hotel setup issues. But like 70hrs. This is my first souls game. Reddit said to start with this. I love it. Best advice I got is to not use a guide. You only get to play it for the first time once and th
1245620224470629,Elden Ring,controls,"['combat', 'graphics', 'story', 'price']","['combat', 'graphics', 'story', 'price']",False,False,"First time ever playing any kind of Souls game and now I can't get off the game, I'm hooked!. Very challenging but in a great way. This game is a easy 10/10. Graphics are top notch beautiful. Gameplay smooth and story is a chef's kiss. Many hours of pure fun and enjoyment. Years of entertainment for"
1245620218673860,Elden Ring,controls,['combat'],['combat'],False,False,"i killed the beast of zarkand or whatever hes called on my first try, I thought it was gonna be smooth sailing from here on out It was in fact NOT smooth sailing from here on out"
1551360201264064,Forza Horizon 5,graphics,[],['price'],False,False,Ayo this game is prolly the BEST semi-realistic car game for having fun but also being realistic enough. You can also play with friends on Xbox so that's lit too
1551360221470397,Forza Horizon 5,graphics,"['combat', 'controls']","['combat', 'controls']",False,False,A great immersive game with an excellent soundtrack. I like that the difficulty settings are very flexible - you can make the game feel like an arcade game or a semi-realistic experience.
1551360216295448,Forza Horizon 5,graphics,[],['price'],False,False,The started a Microsoft style DRM that is hard to use. It's one thing if I have to sign in the first time and it remembers credentials. It is another entirely if it make sit impossible for my boys to play the game.
1551360208161569,Forza Horizon 5,graphics,[],[],False,False,One of the better racing/driving games out there. Tons of vehicles to match whatever your favorite style of driving is.
1551360224257773,Forza Horizon 5,graphics,[],[],False,False,"the most fun i think you can have in this game, is creating your own tunes to be able to drift next to others. its very rewarding being able to tandem up and down the volcan mountain next to like minded drfters with respect, speed and style. hoping the next game brings the same enjoyment"
1551360199280390,Forza Horizon 5,graphics,['controls'],['controls'],False,False,"My first driving game. Bad experience. Imagine a PC game where the mouse cannot be used to steer - have to steer using a keyboard. How clunky is that? Too clunky for me. The ""PC"" aspect of it feels like an afterthought. I don't own a controller, no intention of buying one. How can a PC game not use "
1551360207014757,Forza Horizon 5,graphics,['controls'],"['controls', 'price']",False,False,The Sign-In to Xbox thing that pops up at the start has been broken for months. The game wont start properly. Quality Assurance at Xbox is abysmal once more
1551360218673063,Forza Horizon 5,graphics,['controls'],"['story', 'controls', 'price']",False,False,"I like the game, but theres a lot of issues that I worry are going to carry over to the new game. No voice chat, (even though there's options for it) and many other issues that other people have said better than me. Its all avoidable, but the mistake is made and laziness made them stay."
1551360220865708,Forza Horizon 5,graphics,"['graphics', 'controls']","['controls', 'price']",True,False,"Does not run on Steam OS. Do not purchase if you plan on playing this on handheld. Cannot log in, no fixes are working. Was able to log in by downloading the Microsoft Authenticator on my phone."
1551360223701167,Forza Horizon 5,graphics,['price'],['price'],False,False,"10/10 Game However if you buy the ""Premium"" Edition, be aware that it does not contain everything. I am missing 11 Car Packs ... there for thumbs down. The Game is great tho"
1551360204764361,Forza Horizon 5,combat,"['graphics', 'controls']","['graphics', 'controls']",False,False,"I absolutely love this game. You can jump in and have 10 minutes of fun or play for hours without getting bored. So well designed, the driving is satisfying and fun, cars are beautiful, music is amazing the whole package is so satisfying. There is always something new to do and the rewards, upgrades"
1551360206272812,Forza Horizon 5,combat,"['graphics', 'controls']","['graphics', 'controls']",False,False,"From the moment you enter, the visuals captivate you. The Mexican landscape is incredibly detailed: the mountains beautify with fog racing through them, storm clouds dangling in the sun, the asphalt glistening after rain… All of this adds to the game's atmosphere. The map is massive, and you'll neve"
1551360214901093,Forza Horizon 5,combat,"['graphics', 'controls', 'story']","['graphics', 'controls', 'price']",False,False,"I’ve played Forza Horizon 5 for about 66 minutes, and my first impression is very positive. The game looks absolutely stunning — the Mexico map is vibrant, detailed, and feels alive. From deserts to roads and cities, everything feels well designed. The car handling is smooth and realistic, but still"
1551360222728454,Forza Horizon 5,combat,"['story', 'graphics']","['story', 'graphics', 'controls']",False,False,"Good for just messing around, story is kinda cheeks but graphics are good, plus the simcade style of driving is more satisfying than realistic or arcade imo. good range of cars and races, pretty good game, thou the map is kinda empty in some areas 7/10"
1551360205938423,Forza Horizon 5,combat,"['graphics', 'story', 'controls']","['story', 'graphics', 'controls']",False,False,"This is a really cool game, with a great mix of story and freedom. The world is amazing, and the forest is definitely my favorite place to explore. The physics are well-done, and driving feels really satisfying. I highly recommend this game – it's perfect for those random moments when you're not sur"
1551360207041173,Forza Horizon 5,combat,['graphics'],['graphics'],False,False,"The game is pretty chill. The scenery, the music and the content in general is really good. I love how much I can relax playing this game"
1551360213851363,Forza Horizon 5,combat,"['graphics', 'controls']","['graphics', 'story', 'controls', 'price']",False,False,"Forza Horizon 5 is an absolute joy for racing fans. The open-world Mexico setting is stunning and full of variety, from deserts to jungles to cities. Driving feels smooth and satisfying, and there’s tons of cars, events, and challenges to keep you busy. The game works well solo or with friends, and "
1551360207529389,Forza Horizon 5,combat,['controls'],['combat'],False,True,The game is over 4 years old and they still havent fixed how terrible the convoy system is. Its conviluted and almost never works.
1551360197299992,Forza Horizon 5,combat,"['graphics', 'controls']","['graphics', 'story', 'controls', 'price']",False,False,"Amazing open world racing game that never gets boring. The map is huge and beautiful, with deserts, jungles, cities and highways, and just driving around feels fun even without racing. The cars look and sound incredible, and there is a massive variety to choose from. The driving feels smooth and sat"
1551360206213797,Forza Horizon 5,combat,"['graphics', 'controls']","['graphics', 'controls']",False,False,"Forza Horizon 5 is an absolute blast from start to finish. The stunning open-world recreation of Mexico is vibrant and diverse, with beautiful scenery that makes every drive feel fresh and exciting. The car selection is massive, the driving feels smooth and responsive, and the sense of freedom is un"
1551360203728263,Forza Horizon 5,combat,"['graphics', 'controls', 'price']","['graphics', 'controls', 'price']",False,False,"Forza Horizon 5 on PC delivers a thrilling ride through a lush and exotic version of Mexico, with curves in all the right places—on both the roads and the cars. The visuals are undeniably seductive, and the sheer variety of vehicles is enough to satisfy even the most insatiable gearhead. Handling is"
1551360216716327,Forza Horizon 5,combat,"['graphics', 'controls', 'price']","['graphics', 'controls', 'price']",False,False,"The map is beautiful, the cars are great, the drive feel is nice, cars SOUND very nice, events are fun. Great racing game all around. It does feel grindy though in that it takes ages to earn credits to get good cars. Although by doing certain tasks and collecting cars you can get really good cars fo"
1551360225050266,Forza Horizon 5,combat,"['graphics', 'controls', 'price', 'story']","['graphics', 'controls', 'story', 'price']",False,False,"pros: - Super nice graphics, runs smoothly too. - Lots of cars, even without DLCs. d - Driving feels great, responsive, and the acceleration is sensitive (in a good way). - The seasons mechanic works very well cons: - Stories are kinda meh, I really don't like that Ramiro guy freaking annoying. I mi"
1551360203458663,Forza Horizon 5,combat,"['controls', 'price']","['controls', 'price']",False,False,"Positives+ ++Surpasses Forza Horizon 4 by Miles ++Driving was fun, accurate and responsive +Gives S2,S1,A,B,C,D car classes a fair chance. (doesn't force you to buy a car for an event) +Breathtaking environment Negatives- **Forces you to log into XBOX account **XBOX live and the app is utter trash, "
1551360208145144,Forza Horizon 5,combat,['price'],"['story', 'graphics', 'price']",False,False,"Best arcade racer; NFS is too arcadey, nitros make it feel comical, Crew is owned by Ubi so on principle don't want to support it, other options are too sim racey, this is at the perfect balance for me. Its not as lively as FH4, the larger map does mean player density is lower, I really hope FH6 has"
1551360198816301,Forza Horizon 5,combat,['price'],"['story', 'price']",False,False,"I feel like this follows a good formula for an open world game, you don't need to grind for hours you just do what you want and still gain money rather quickly. Racing is fun even for people who suck. the campaign does go by a bit quickly though"
1551360216162173,Forza Horizon 5,combat,"['controls', 'price', 'graphics']","['combat', 'price', 'graphics', 'controls']",False,True,"1. The driving model is strong. Cars feel responsive and consistent across asphalt, dirt, and rally stages. It’s easy to learn but still rewarding when you push harder. 2. Content quantity is one of its biggest strengths. With 700+ cars available without DLC, the variety keeps the experience fresh f"
1551360206602997,Forza Horizon 5,combat,"['graphics', 'price']","['graphics', 'price', 'controls']",False,False,"Basically everything you see that the game does, it does almost perfectly, besides some very expensive DLC content. Idk if this needs a review, if you just search a Youtube of the first hour it's just that amazing adrenaline rush of a game with great graphics & cool driving. The only thing thats rea"
1551360197455172,Forza Horizon 5,combat,"['controls', 'price']","['controls', 'price']",False,False,"Perfect handling is the key, especially for old-school gamer like me who is used to the keyboard. it is very difficult nowaday to get a game with handling as good and fun as forza horizon. everything else like graphics and sound is the flavoring. -minus: selling cars only through auctions is ridicul"
1551360197880249,Forza Horizon 5,combat,"['controls', 'graphics']","['combat', 'controls', 'graphics']",False,True,"5/10 Playing with friends online is such a difficult task, convoys rarely work, loading into races takes longer than the actual races themselves. Just takes way too long to do anything on the game."
1551360202147726,Forza Horizon 5,combat,"['controls', 'graphics']","['controls', 'story']",False,False,"Extremely confusing game. Objectives are not clear, map is impossible to understand and most importantly, the user interface is borderline impossible to understand. The driving experience is subpar, very arcade. EDIT to dev response: It's not just the map. The menus are very confusing. It's difficul"
1551360216588665,Forza Horizon 5,combat,"['graphics', 'controls', 'price']","['graphics', 'controls', 'price']",False,False,"Love this game so far. Graphics is amazing and the driving is very fun. Coming from NFS:Heat it was difficult getting used to the controls as they are much more Sim than arcade. But I honestly prefer it. While I do have a lot of stuttering issues that I can't seem to fix, it's not completely game-br"
1551360216829117,Forza Horizon 5,combat,['controls'],['controls'],False,False,This game is impossible on wheel and pedals. I don't mean that it's difficult. I mean that you literally can't make the absolute slightest amount of correctional driving without completely fishtailing. 4 hours I spent changing every setting under the sun to make this remotely playable and the best I
1551360199996969,Forza Horizon 5,combat,"['controls', 'graphics', 'price']","['controls', 'graphics', 'price']",False,False,"Very Buggy frequent crashes only in menus, crashed 3 times in an hour, was in the menus every time. and the menus are half baked it takes so long to navigate through the menus and the sorting system is absolute ♥♥♥♥♥♥♥, some cars have drift tires and playground wants you to waste your time looking t"
1551360224793410,Forza Horizon 5,combat,"['controls', 'price', 'graphics']","['price', 'controls', 'story', 'graphics', 'combat']",False,True,Forza Horizon 5 is great racing game not perfect the map is little lackluster compare to FH4 still good the controls have great the cars feel great to drive there a lot of cars to collect and love wheelspins I think they are fun to open. The Hot wheels and Rally Adventure are great dlc the best one 
1551360223291882,Forza Horizon 5,combat,['controls'],"['combat', 'story']",False,True,"This is really disappointing. I was banned despite playing fair, while repeated reckless ramming in FH5 online races often goes unaddressed. It feels like the system is punishing the wrong players. I’ve supported this series and even pre-ordered FH6, but experiences like this seriously shake my conf"
1551360205572532,Forza Horizon 5,combat,['price'],['price'],False,False,"The game is great, however, every time you are done with a race it tries to up sell the premium game to you. How annoying. Leave it to Microsoft."
1551360216270224,Forza Horizon 5,combat,"['graphics', 'controls']","['graphics', 'price']",False,False,Bought the game to play with some friends and it was awesome. I learned how to drift and many more. the graphics are awesome i have a mid end pc and i had 144fps on ultra graphics the car models are very realistic. 9/10 recommend
1551360202659627,Forza Horizon 5,combat,"['story', 'graphics']","['story', 'graphics']",False,False,"I wanted to enjoy this game so much, but it so boring, my eyes fell asleep during the game. The maps are empy The races are easy. The story is ♥♥♥♥♥♥♥♥ with annoing narrations, and constantly pausing the game to talk about ""how beatiful Mexico is"". Let the player enjoy the beauty and don't shove it "
1551360217406427,Forza Horizon 5,combat,"['graphics', 'price']",['price'],False,False,"I'm a car guy so I love cars and how this game has a huge selection of them. This is by far one of the most enjoyable car games I can say i've played, now heres the cons: the game crashes constantly and the sound of the cars arent THAT realistic but still good none the less those are my only gripes "
1551360202496533,Forza Horizon 5,combat,"['graphics', 'story', 'controls']","['story', 'graphics', 'price']",False,False,"after getting to play every one that comes before it, i can definetly say horizon 5 is the worst horizon and the only one i wouldn't call good (although it isn't bad)! the driving feels worse than every iteration before it and i would so easily take sub-30 frames on horizon 2's 360 version than this"
1551360211685992,Forza Horizon 5,combat,"['graphics', 'controls']","['graphics', 'controls']",False,False,Forza Horizon 5 has beautiful scenery and is immersive. The game play is peaceful when just driving around and exploring. Forza Horizon 5 is also a great racing game especially when you get a racing wheel and drift different cars. Although it is not realistic in the since that the driving and sounds
1551360199482857,Forza Horizon 5,combat,"['graphics', 'controls', 'price']","['graphics', 'controls', 'price']",False,False,+ nice graphics + very detailed cars + i personally like how the car handles - pretty expensive - the game´s physics arent the most realistic
1551360210060326,Forza Horizon 5,combat,"['controls', 'graphics']","['graphics', 'story', 'controls']",False,False,I like the map and the cars and the quest you can do and I dont like how I spin out alot.
1551360219580864,Forza Horizon 5,combat,"['controls', 'graphics', 'price']","['graphics', 'story', 'price']",False,False,"I’ve been a Forza fan for life, and Forza Horizon 5 absolutely lives up to the name. The Mexico map is huge and diverse, the driving feels smooth and perfectly balanced between arcade and realistic, and the variety of cars and customization options is incredible. It’s especially fun with friends — c"
1551360197461544,Forza Horizon 5,combat,['graphics'],['graphics'],False,False,"i recently been playing ts game i have to say i really enjoyed it. from the very beginning what impressed me the most was prob the graphics are absolutely stunning - cars look realistic and basically the effects, even small details like dust trails and reflections on the cars surface add a sense of "
1551360214901093,Forza Horizon 5,combat,"['graphics', 'controls', 'story']","['graphics', 'controls', 'price']",False,False,"I’ve played Forza Horizon 5 for about 66 minutes, and my first impression is very positive. The game looks absolutely stunning — the Mexico map is vibrant, detailed, and feels alive. From deserts to roads and cities, everything feels well designed. The car handling is smooth and realistic, but still"
1551360209127678,Forza Horizon 5,combat,"['price', 'graphics', 'controls']","['price', 'graphics', 'controls']",False,False,"Forza Horizon 5 is a great racing game that’s totally worth the price. The car selection is huge, the graphics are stunning, and the gameplay feels smooth and exciting. Every car handles differently, and exploring the massive open world never gets old. It’s one of the best racing experiences you can"
1551360214477682,Forza Horizon 5,combat,"['graphics', 'controls', 'story']","['graphics', 'story', 'controls', 'price']",False,False,"After a long wait, finally playing this game on my new PC feels absolutely worth it. Running Ultra settings at 1440p, the game looks stunning. The visuals are breathtaking, from the landscapes to the car details. I capped the FPS at 165 to match my 165Hz monitor, and it stays consistently smooth wit"
1551360219127050,Forza Horizon 5,combat,"['graphics', 'story', 'controls']","['graphics', 'story', 'controls']",False,False,"This would be a [b]neutral[/b] review if that option existed. The graphics are awesome, the cars in the game are awesome, and the customization is awesome. On the other hand, the silly storyline, unskippable cutscenes, cheesy voice lines, and campaign events are more annoying than fun - and ended up"
1551360202914549,Forza Horizon 5,combat,"['graphics', 'controls']","['graphics', 'controls']",False,False,"I hve been playing this game since day one completed it on Xbox when it first launched. The only thing I felt was missing back then was having it on Steam. So I grabbed it here and started replaying everything from scratch. Honestly, it still dsn’t feel outdated, boring, or repetitive. There’s alway"
1551360220353713,Forza Horizon 5,combat,"['graphics', 'controls', 'combat']","['graphics', 'controls', 'price']",True,False,"My overall experience has been extremely enjoyable and immersive. The game immediately stands out because of its beautiful open world set in Mexico, where driving through deserts, jungles, cities, and highways feels smooth and visually stunning. The graphics are impressive and the car models look ve"
1551360215268524,Forza Horizon 5,combat,"['controls', 'graphics']","['story', 'graphics', 'price']",False,False,"Almost ask for a refund because your FORCED to include useless pronouns for your avatar at the very beginning. Not much of a difference between Forza 4 and 5 gameplay wise. Ran smooth, solid gameplay. 3 out of 5, would have been a solid 4 or more but I cant get passed being forced to include pronoun"
1551360206580953,Forza Horizon 5,combat,"['controls', 'price']","['controls', 'price']",False,False,"This is genuinely one of the most awful, crappy, annoying and aggravating games i have ever tried to play with a friend. This game makes it LITERALLY IMPOSSIBLE TO PLAY WITH YOUR FRIENDS, After figuring out we had to add each other as friends on an external website, convoy invites did not show up on"
1551360205593977,Forza Horizon 5,combat,['price'],['price'],False,False,this game is incredibly good as a time passer and is just generally fun. I highly reccomend this game to anyone especially if it is on sale!
1551360199633859,Forza Horizon 5,combat,[],[],False,False,This is truly an amazing game with so much variety. There is nothing like it around. This is not your simulation! This is pure fun!!
1551360216348512,Forza Horizon 5,combat,['price'],['price'],False,False,"This is a fun game to play on your own or with friends, I personally would wait to buy Forza 6 with how close it is around the corner of dropping, but this is a fun game if you just can't wait."
1551360220656074,Forza Horizon 5,combat,"['graphics', 'price']","['controls', 'graphics']",False,False,this game was hella fun to play even tho i am on a 770 this game is fun i give it a 10/10
1551360200406847,Forza Horizon 5,combat,['controls'],"['combat', 'graphics', 'price']",False,True,"I recommend this game. Spent hours in this game and still not bored. The driving feels great, the map is huge and fun to explore, and there’s always something to do — races, events, car hunts, etc. The car variety is solid too. If you’re into cars or just want a chill/fun racing game, this one’s wor"
1551360197311351,Forza Horizon 5,combat,[],[],False,False,its amazing i cant stop playing this game evry thing in this game is amazing this game is perfect 10/10
1551360214358488,Forza Horizon 5,combat,"['graphics', 'controls']","['graphics', 'controls', 'price']",False,False,This game has awsome cars and it is very fun to play on a wheel but only thing i dont like about this game is the map i mean it is great but it is bad if we compare it to the map we had in forza horiozn 4.
1551360218991279,Forza Horizon 5,combat,[],[],False,False,it is a fun game for kids and grown ups if you like car this is a great game for you
1551360204138766,Forza Horizon 5,combat,['controls'],"['controls', 'price']",False,False,this game is amazing when you play on a steering wheel and its very fun with friends totally try it ive played this game 16 hours in ♥♥♥♥ 3 days
1551360197714165,Forza Horizon 5,combat,"['graphics', 'controls']","['graphics', 'story', 'price']",False,False,Forza Horizon 5 is a great racing game +Graphics(The graphics look so good that sometimes you don't know if it's a game or real.) +Gameplay(The gameplay mechanics are the same as the rest of the series with some improvements.) +Open World(The map is very large and there are many activities to do and
1551360224088545,Forza Horizon 5,combat,['controls'],['combat'],False,True,"My absolute biggest issue, the one thing preventing me from actually recommending this amazing racing game, is the awful tuning mechanics. You are fed no useful information in the tuning screen on what your car is doing, or what the tuning you've done is actually going to do. There are no graphs, th"
1551360198217816,Forza Horizon 5,combat,"['price', 'graphics', 'controls']","['price', 'graphics', 'story', 'controls']",False,False,"I bought the Premium Edition thinking it was the same as Forza Horizon 4 Ultimate Edition where you got all DLCs including those released later. This is not the case with Forza Horizon 5. When it comes to the game itself it is a decent game. The map looks good, but feels empty and bland. The graphic"
1551360221196834,Forza Horizon 5,combat,"['graphics', 'story']","['graphics', 'story']",False,False,"The optimization, mechanics, and graphics are on point per every horizon game. Those positives allow me to overlook the forgettable map, dialogue, characters, and nonexistent progression system. Hopefully FH6 improves on these."
1551360222752209,Forza Horizon 5,combat,"['graphics', 'controls']","['graphics', 'controls', 'story', 'price']",False,False,"This is one of the games where you just love experiencing every single bit of it, from the game mechanics, to the sound, some of the awesome best music tracks(a little questionable though), to the looks, customisations, with no end result or expectations at all. In the truest sense, a game, with no "
1551360216588665,Forza Horizon 5,combat,"['graphics', 'controls', 'price']","['graphics', 'controls', 'price']",False,False,"Love this game so far. Graphics is amazing and the driving is very fun. Coming from NFS:Heat it was difficult getting used to the controls as they are much more Sim than arcade. But I honestly prefer it. While I do have a lot of stuttering issues that I can't seem to fix, it's not completely game-br"
1551360199466847,Forza Horizon 5,combat,['controls'],"['controls', 'graphics']",False,False,"It's another Forza Horizon game, if you've played one, you've pretty much played them all. The map isn't as bad as some people make it out to be. The cars and driving mechanics are what it's all about and the game doesn't disappoint."
1551360212221083,Forza Horizon 5,story,['price'],"['story', 'graphics', 'price']",False,True,"Like it's honestly fun but it's not engaging. The cars are fun, the customization is alright (good tuning, meh cosmetic customization. GTA is better in cosmetic customization in recent updates) The horizon events/campaign missions are rad The community racing is ok Racing with friends is meh I do li"
1551360224106876,Forza Horizon 5,story,"['graphics', 'controls', 'price']","['graphics', 'controls', 'price']",False,False,"Gorgeous, arcade like, great with controller. 6 is set in Japan but this comes with more cars since its been out awhile. You get some nice cars right off the bat and makes it more engaging. If you can get this anywhere near the $25 mark its a solid win."
1551360208909374,Forza Horizon 5,story,"['graphics', 'controls']","['graphics', 'controls']",False,False,"Ignore the writing, just jump in one of the many cars available and drive around the huge map with lots of different events to complete. This game is great for short sessions as well as long gaming sessions."
1551360207041173,Forza Horizon 5,story,"['graphics', 'story']",['graphics'],True,False,"The game is pretty chill. The scenery, the music and the content in general is really good. I love how much I can relax playing this game"
1551360223784863,Forza Horizon 5,story,[],[],False,False,"I spent about 45 minutes writing a serious review for this game, then I dropped my phone on my keyboard and it erased everything so I'll just say that the game is fun and you should play it."
1551360218658811,Forza Horizon 5,story,"['combat', 'price']","['combat', 'price']",False,False,"This game is trash. Boring recycled ♥♥♥♥ from previous Horizons with the same crappy pvp penalties. You'll be taking a corner nice and clean and some dimwit will ram you to get around you which pushing you into the wall which penalties you. Or, you and a player will both hit a wall at the same time "
1551360206708893,Forza Horizon 5,story,"['graphics', 'controls']","['graphics', 'controls']",False,False,"Unplayable game. Crashes every 30 minutes. The The graphics are beautiful, driving is fun, the characters talking to you all the time are overwhelming and annoying."
1551360225426012,Forza Horizon 5,story,['price'],['price'],False,False,One of the best car games out there but if it doesnt make sense to but this one instead of its continuation FH6 unless it would be at a crazy discount or something.
1551360208967627,Forza Horizon 5,story,['combat'],['combat'],False,False,"Honestly, the game is super varied and there's a lot you can do, but when you try to play this damn Eliminator, none of your stats matter. Even if you're driving a level 9 car, you'll be beaten by a level 5 car, which just doesn't make sense, and the fact that you always know where the finish line i"
1551360214329902,Forza Horizon 5,story,"['controls', 'graphics']","['graphics', 'price']",False,False,"changed my review, doesn't make sense playing for the leadervoard when it crashes the whole ♥♥♥♥♥♥♥ PC Edit: even auction house is fully ♥♥♥♥♥♥ in this game, constant crashes. I hope this ♥♥♥♥ is fixed for 6. ♥♥♥♥ ass game. It's the microsoft equivalent of the crew. Own a vehicle can't enter the auc"
1551360219951402,Forza Horizon 5,story,['graphics'],"['combat', 'graphics', 'price']",False,False,"I just get so annoyed with this game. It is not fun, the physics don't make any sense and I would never participate in something so absolutely dumb. It is like everything that is cringe in car culture in one place. 10 hours to try to even make the game work with my fresh built sim rig that works wit"
1551360216499539,Forza Horizon 5,story,"['controls', 'graphics']",['price'],False,False,"Absolutely peak when you're bored but do make sure to take breaks because if you play it for too long it does get boring. The bast part imo is tuning the cars, then racing them. Also would recommend to play with friends because it makes it very fun to mess around and do stupid things."
1551360222752209,Forza Horizon 5,story,"['graphics', 'controls']","['graphics', 'controls', 'story', 'price']",False,True,"This is one of the games where you just love experiencing every single bit of it, from the game mechanics, to the sound, some of the awesome best music tracks(a little questionable though), to the looks, customisations, with no end result or expectations at all. In the truest sense, a game, with no "
1551360199222491,Forza Horizon 5,story,"['combat', 'controls']",['combat'],False,False,"this game is absolute garbage, game physics make no sense and when ever you try to race the cpu it just rams you of the road every single time. ive been trying to complete a single race for over an hour and havent been able to get past the first few corners without being hit off, im way faster than "
1551360201098970,Forza Horizon 5,story,['controls'],['price'],False,False,The game is great but i cant understand why one day it works fine and then suddenly im trying to fix microsoft login errors which dont make sense. Literally tried everything online and still no result. TY for making me pay for a game which i cant even play because of broken services. Have a great da
1551360205854482,Forza Horizon 5,story,['price'],"['story', 'price']",False,True,"Fun racing sandbox with a huge selection of cars and loads of different activities. Hopefully the next game has a more interesting setting though, Mexico just isn't that interesting and diverse. Also the progression system should be reworked, it is way too easy to get the rich and buy all the best c"
1551360215499851,Forza Horizon 5,story,[],[],False,False,"Very good game! I really recommend playing it. You can buy new cars, race, and create amazing photos. The gameplay is very interesting and fun!"
1551360204399989,Forza Horizon 5,story,"['combat', 'price']","['combat', 'price', 'controls']",False,False,"Hello friends, I have now reached a point where I can share the weaknesses of this game with you. 1- Strangely, the high difficulty level, like pro, was very difficult. But after hours of scrutiny, I realized that I could only win the race with certain cars. For example, the Porsche Taycan works wel"
1551360217275426,Forza Horizon 5,story,"['graphics', 'price']","['graphics', 'price']",False,False,"My favourite thing to do in this game is to take pictures of all the hundreds of cars that I have collected, and that never disappoints. Photo mode is very customizable, and very easy to use. Races are not that interesting to me, I much prefer collecting rare cars. Highly recommend for the game's am"
1551360218936754,Forza Horizon 5,story,['controls'],"['controls', 'graphics', 'price']",False,False,"Overall a great driving experience. Improved mechanics, car sounds and online play over FH4, Mexico is also a better drive than Great Britan imo and a lot more interesting activities to do overall. Easily one of the best racing games I've played in a while."
1551360222947664,Forza Horizon 5,story,"['controls', 'graphics', 'price']","['controls', 'graphics', 'price', 'story']",False,True,"After almost 300 hours I honestly can very much recommend this game The driving itself is honestly the strongest point of this game in my opinion, it perfectly balances itself between a sim and an arcade, which makes sense cos this is a simcade. Drifting for example comes naturally and is intuitive "
1551360203307283,Forza Horizon 5,story,"['graphics', 'combat', 'controls']","['story', 'graphics', 'price', 'controls']",False,True,"Has a lot of potential, but the game feels like homework. You're assigned tasks that may or may not be interesting, and good luck getting many cars you like if you aren't willing to sink a lot of time into tedious work. Feels like the game is a punishment for wanting to drive the cars. Nice graphics"
1551360216969088,Forza Horizon 5,story,"['controls', 'graphics', 'price']","['price', 'story', 'graphics', 'controls']",False,True,"Same game since 2016, lame ass festivals boring games with boring content horizon 5 has to be one of the worse stail titles, only good thing about the series is the car handling its not NFS trash arcade and is great to handle and predict cars great for drifting no other game besides maybe sims re-cr"
1551360206910051,Forza Horizon 5,story,"['controls', 'graphics']","['controls', 'price']",False,False,"Your experience will be best when using a controller, or a simulated steering wheel. The car experience will be a completely different experience, and better immersed. I play with KnM, so to do the ""trail brake"" techniques, or keep the throttle steady, shift gears, drift, etc. It will be much harder"
1551360206602997,Forza Horizon 5,story,"['graphics', 'price']","['graphics', 'price', 'controls']",False,False,"Basically everything you see that the game does, it does almost perfectly, besides some very expensive DLC content. Idk if this needs a review, if you just search a Youtube of the first hour it's just that amazing adrenaline rush of a game with great graphics & cool driving. The only thing thats rea"
1551360223558600,Forza Horizon 5,story,"['graphics', 'controls', 'combat', 'price']","['graphics', 'controls', 'price', 'story', 'combat', 'controls']",False,True,"Overview After 134 hours with Forza Horizon 5, it is clear this is a game that knows how to keep you hooked. It is smooth, polished, and easy to enjoy, but the longer you play, the more certain cracks start to show beneath the surface. Pros Visually Impressive World Mexico looks stunning. The enviro"
1551360222752209,Forza Horizon 5,story,"['graphics', 'controls']","['graphics', 'controls', 'story', 'price']",False,True,"This is one of the games where you just love experiencing every single bit of it, from the game mechanics, to the sound, some of the awesome best music tracks(a little questionable though), to the looks, customisations, with no end result or expectations at all. In the truest sense, a game, with no "
1551360198396450,Forza Horizon 5,story,['controls'],['price'],False,False,"The game is complete crap, you can not connect any good sim gear to it. Top tier sim gear like simucube does not work. Fanatec pedals does not work... Waste of time and money"
1551360202854932,Forza Horizon 5,story,"['controls', 'graphics']",[],False,False,i thought this game was going to be a fun platformer. it wasnt but it does have cars and i like cars so ill probably keep playing it we will see how it goes. will update after i learn how to drive.
1551360202599250,Forza Horizon 5,story,"['graphics', 'price']","['graphics', 'story', 'price']",False,True,"The game is undoubtedly amazing. Graphics, physics, music for every taste, a ton of cars and only two trucks (. However, after 400 hours it got boring. If it weren't for the temporary seasons I would have already completed all the races and stories and deleted the game. But the seasons keep me in th"
1551360207041173,Forza Horizon 5,story,['graphics'],['graphics'],False,False,"The game is pretty chill. The scenery, the music and the content in general is really good. I love how much I can relax playing this game"
1551360212432234,Forza Horizon 5,price,"['graphics', 'story', 'controls']","['graphics', 'story', 'controls']",False,False,"Beautiful, immersive open world — The game is set in a vibrant, varied version of Mexico: deserts, jungles, cities, beaches, mountains — the world design and environmental variety are frequently praised. Tons of content & driving variety — You get hundreds of roads, dozens of event types (street rac"
1551360209772594,Forza Horizon 5,price,"['graphics', 'controls']","['graphics', 'story', 'controls', 'price']",False,True,"Forza Horizon 5 is easily one of the most enjoyable open-world racing games I’ve played in a long time. The map, inspired by Mexico, is huge and packed with variety—dense forests, long beaches, desert areas, small towns, and even a volcano. No matter where you go, the world feels lively and full of "
1551360221684430,Forza Horizon 5,price,"['combat', 'graphics']","['combat', 'graphics']",False,False,"Don't read the others comments and think this is a great ""racing"" game. This is a game that is only good for driving around and gazing at the map. As soon as you start a race the AI of your opponent is either so fast that they almost break the physics of the game or slow as all hell. This is a thing"
1551360210677557,Forza Horizon 5,price,['graphics'],"['graphics', 'price']",False,True,The driving and physics feel great for an arcade racing game. The vehicles are very detailed and the car list is huge. The most important part is that the game is still constantly updated and the developers keep adding new events.
1551360204890360,Forza Horizon 5,price,['controls'],"['controls', 'price']",False,True,"if you are not prepared for the inferno process of logging in and you just want to get into the game and play solo... then this is not for you! The game is great, the login and handful of jumps into xbox and microsoft clients to get logged in only to be thrown out and locked out of the game is... ve"
1551360207041173,Forza Horizon 5,price,['graphics'],['graphics'],False,False,"The game is pretty chill. The scenery, the music and the content in general is really good. I love how much I can relax playing this game"
1551360210018499,Forza Horizon 5,price,"['graphics', 'story']","['controls', 'story', 'graphics']",False,False,"Absolute garbage, from the convoluted menus, to the overly flashy EVERYTHING. This game is a cringe fest from start to finish, the characters the dialogue the theme and overall world. The driving is decent but not worth going through all the garbage that is this game."
1551360205277992,Forza Horizon 5,price,[],[],False,False,One of my favorite games! Played around 100 hours on gamepass on Xbox before I bought it on steam. I wasn't sure how much I would replay this game but fell back in love with it!
1551360202854932,Forza Horizon 5,price,"['controls', 'graphics']",[],False,False,i thought this game was going to be a fun platformer. it wasnt but it does have cars and i like cars so ill probably keep playing it we will see how it goes. will update after i learn how to drive.
1551360201459282,Forza Horizon 5,price,"['graphics', 'controls']","['graphics', 'controls']",False,False,I do like this game but I hate how much it crashes. It mostly seems to happen when I try to take pictures in picture mode. Every time I think I figure it out it does it again so I'm not sure. I also don't think it's as well optimized as Forza Horizon 4 is but it's still fun to race and do all the si
1551360225322294,Forza Horizon 5,price,[],"['story', 'controls']",False,False,"It was my first forza game, so i have a very strong sentimental value to it. It has it short commings? yes. i've made great memories with it? hell yes its great to play with friends"
1551360203031288,Forza Horizon 5,price,"['graphics', 'controls']","['graphics', 'story', 'controls']",False,False,"Forza Horizon 5 is an absolute masterpiece of open-world racing. The vibrant landscapes of Mexico, combined with a massive roster of cars, make every drive feel unique and exhilarating. What I love: 🌎 Stunning, diverse open world that’s fun to explore by car, off-road, or on a cliffside. 🚗 Huge vari"
1551360213851363,Forza Horizon 5,price,"['graphics', 'controls']","['graphics', 'story', 'controls', 'price']",False,True,"Forza Horizon 5 is an absolute joy for racing fans. The open-world Mexico setting is stunning and full of variety, from deserts to jungles to cities. Driving feels smooth and satisfying, and there’s tons of cars, events, and challenges to keep you busy. The game works well solo or with friends, and "
1551360214544232,Forza Horizon 5,price,['controls'],"['price', 'controls']",False,True,"The game forcing you to sign in using passkey has made it unusable and has wasted my money. When I scan the qr code it does not let me sign in, and it doesnt tell me how to, and when I try to press ""sign in another way"" it just closes the whole menu as if to say, ♥♥♥♥ you"
1551360211291758,Forza Horizon 5,price,['graphics'],"['graphics', 'controls']",False,False,"This game holds up 4 years later. Everything from the visuals, to the gameplay, to the soundtrack is incredible. This game has unlimited replay ability, there is just so much you can do."
1551360202653408,Forza Horizon 5,controls,['price'],['price'],False,False,"No. Does not support Simagic wheel, pedals, or shifter. GTFO of here. Your game is $60 but you're not going to support one of the top wheelbases? Why should a third party program be necessary? Eat my shorts."
1551360217275426,Forza Horizon 5,controls,"['graphics', 'price']","['graphics', 'price']",False,False,"My favourite thing to do in this game is to take pictures of all the hundreds of cars that I have collected, and that never disappoints. Photo mode is very customizable, and very easy to use. Races are not that interesting to me, I much prefer collecting rare cars. Highly recommend for the game's am"
1551360197409733,Forza Horizon 5,controls,"['price', 'controls']","['story', 'price']",True,False,+Probably the fastest game I've gotten sucked into. +its easy to use +grinding is fun imo +so far i havent gotten bored nor run out of things to do +i like just scolling through the auction house and randomly bidding on things that seem like a good deal and finding out later i got a cheap car -WHY I
1551360216295448,Forza Horizon 5,controls,[],['price'],False,False,The started a Microsoft style DRM that is hard to use. It's one thing if I have to sign in the first time and it remembers credentials. It is another entirely if it make sit impossible for my boys to play the game.
1551360207659409,Forza Horizon 5,controls,[],[],False,False,"I can't open the game anymore, if I try to start it in the main menu it says I need to log in, I never logged into this game before nor does it give me the option to do so."
1551360208391913,Forza Horizon 5,controls,[],[],False,False,"I can't open the game, if I try to start it in the main menu it says I need to log in, I never logged into this game before nor does it give me the option to do so. please help me !."
1145360215686636,Hades,graphics,"['combat', 'story']","['story', 'combat']",False,False,"This game really does live up to the hype, it can be frustrating at times and it took me a long time to understand the build mechanics. I would say play a good 20 to 30 runs without consulting any guides and then look up some guides, learn the god pool mechanics and how to use keepsakes correctly. T"
1145360222049614,Hades,graphics,"['story', 'graphics']",['story'],True,False,The game introduces you to the world it has built. Bringing figures you may or may not have heard of and treats you to cycle that is so addicting you can't put it down. I played this on my mac and the legion go s. You look up and your already late for your shift. You look up again and your kids are 
1145360214371313,Hades,graphics,"['story', 'controls']","['story', 'controls']",False,False,first Rouge-like and honestly addicting. wasnt so sure at first but the game loop really does click at some point even if i do think the narrative does suffer from how this game works. no complaints otherwise
1145360206210764,Hades,graphics,[],[],False,False,"100% this on Xbox in 2021. Bought the game on steam just see if it still got the charm. Yes it does, one of the best, if not the best game in 2020's ."
1145360209741685,Hades,graphics,['story'],['story'],False,False,"One of my favorite parts is the sheer amount of voice acting. There is probably like 5 hours of VA total, which as someone who has been a nintendo fan for most of my life, is really impressive."
1145360219964243,Hades,graphics,['story'],['story'],False,False,"One of the most impressive aspects of Hades is its storytelling. Even though you repeat runs while trying to escape the Underworld, the dialogue and character interactions continue to evolve. Each attempt reveals new conversations, relationships, and bits of lore, keeping the experience fresh and en"
1145360216358268,Hades,graphics,[],[],False,False,"Peak roguelike/lite played on the xbox one, and now with hades 2 being released after the years of waiting im playing it again on pc just how good the game is."
1145360215798472,Hades,graphics,['combat'],"['combat', 'controls']",False,False,"First game i found myself frequently playing on my PC. The gameplay loop is properly taken care of by the multiple different boons and weapons,"
1145360217018909,Hades,graphics,"['story', 'controls']","['story', 'controls', 'price']",False,False,"game is so good but I bought a CD version for my PS5 and I forgot which controls work how on PC, so just letting it out that I have 6 more hours on my PS5 at the time of posting this review. So sad that you can't form a relationship with Charon. I bought this game with the thought I could, but sadly"
1145360216290833,Hades,graphics,['story'],['story'],False,False,"When daddy issues turn you into a badass English talking Greek demi-god hunting down his mom, you know the game is good."
1145360219227814,Hades,graphics,"['story', 'controls', 'price']","['story', 'combat', 'price']",False,False,"In short: Hades is a great game and a mediocre Rogue-like. there are a lot of issues with the game, many of them addressed in the sequel. However, this is still a very good game and well worth your time. Really fun characters, That Supergiant writing quality and whit, and when its going well it feel"
1145360216554002,Hades,graphics,"['combat', 'story', 'controls']","['combat', 'story', 'controls']",False,False,"Besides very specific personal issues, (I don't like getting poison spammed by giant new york rats) This is perhaps one of THE best roguelite games I've ever played. It is insanely solid, the movement, combat, and replayability with difficulty modifiers is great, just great. You can practically slap"
1145360205838577,Hades,graphics,"['price', 'combat']","['price', 'combat']",False,False,At $5 its a steal You are bound to die here and there since there isn't much healing but that's ok
1145360214371313,Hades,graphics,"['story', 'controls']","['story', 'controls']",False,False,first Rouge-like and honestly addicting. wasnt so sure at first but the game loop really does click at some point even if i do think the narrative does suffer from how this game works. no complaints otherwise
1145360206210764,Hades,graphics,[],[],False,False,"100% this on Xbox in 2021. Bought the game on steam just see if it still got the charm. Yes it does, one of the best, if not the best game in 2020's ."
1145360215686636,Hades,graphics,"['combat', 'story']","['story', 'combat']",False,False,"This game really does live up to the hype, it can be frustrating at times and it took me a long time to understand the build mechanics. I would say play a good 20 to 30 runs without consulting any guides and then look up some guides, learn the god pool mechanics and how to use keepsakes correctly. T"
1145360223780309,Hades,graphics,[],[],False,False,I’m barely through the game atm so I’ll probably write a detailed review when I beat it but I love the game so far!
1145360220155947,Hades,combat,"['story', 'price']","['story', 'price']",False,False,"[h3]TL;DR: Worth buying[/h3] I loved how the rougelike gameplay loop is tied to the story and how everything is connected, the story is decent, gameplay and atmosphere are great. However after finishing the first run the game's story starts to lose it's pace and advancing in it becomes unnecessarily"
1145360215713806,Hades,combat,['price'],"['price', 'combat']",False,True,"Love the game c:, it is very good and feels balanced in its own way and never gets too difficult with the God Mode feature. Doesn't crash too which is awesome! Worth the money! : D"
1145360223837343,Hades,combat,"['graphics', 'controls']",['graphics'],False,False,"This game is visual clutter monster and an accessibility nightmare. It is so difficult to track what's happening on screen, in and out of battle. I like the gameplay and completed the game, but absence of visual clarity ruins the experience. The second game is even worse btw"
1145360216059146,Hades,combat,"['story', 'graphics']","['story', 'graphics']",False,False,"GREAT GAME. fantastic voice acting that does not give you secondhand embarassment. smooth graphics and gameplay loop. engaging. the art is top tier. i'm still learning bits of the story, but it's captivating."
1145360213711457,Hades,combat,"['story', 'graphics', 'controls']","['story', 'graphics']",False,False,"⋆༺𓆩🍷🍇𓆪༻⋆ I've been sleeping on Hades for way too long, what a mistake! The Greek Mythology, stunning art style and insanely smooth gameplay makes every run feel exciting and rewarding. Fast, stylish and addictive in the best way! Absolute masterpiece."
1145360213529947,Hades,combat,"['combat', 'story', 'graphics']","['story', 'graphics', 'controls']",True,False,Hades is awesome and gay. The gameplay feels really good and smooth; the story is very good; the music is great; the character designs are sick; the vibes are immaculate.
1145360215731217,Hades,combat,[],['combat'],False,True,"Ah yes, fighting Greek mythological monsters on hell with a gun. But in all seriousness, this game is great. 8/10."
1145360205820587,Hades,combat,"['story', 'graphics', 'price']","['graphics', 'story', 'price', 'controls']",False,False,"this game runs kinda meh on my laptop so i'm gonna put it to the side for now. the storyline is good so far and i really like the concept of fighting thru the underworld as a demigod. i've always enjoyed greek mythology, so i thought why not give this game a shot; especially with it being on sale fo"
1145360218014992,Hades,combat,"['story', 'combat', 'graphics', 'controls', 'price']","['story', 'controls', 'graphics', 'price']",True,False,"I did not understand the game at start. I was overwhelmed. I played it for a few hours and dropped it from my gamin rotation. Then i came back and gave it a second go. Years later. Boy was it a good idea. I looked at mechanics of the game AGAIN and learned how to enjoy it. Even though ""I am too old "
1145360207279674,Hades,combat,"['story', 'controls']","['story', 'controls']",False,False,"Amazing game and an instant classic. No joke, it's made me re-evaluate how I think about failure. The gameplay and soundtrack feel closely connected which adds to the immersive and addictive experience. The characters, dialogue, and overall story are great and fit well with the game mechanics. Zagre"
1145360206689688,Hades,combat,"['story', 'graphics']","['story', 'graphics']",False,False,"I don't like dungeon crawlers, but I can't put this game down. I've never experienced a dungeon crawler that actually has a compelling story based off of you dying over and over. Not to mention they followed Greek mythology accurately. The most impressive thing about this game is how well it's put t"
1145360219701159,Hades,story,"['graphics', 'combat']","['combat', 'graphics']",False,False,"The gameplay is fun as hell... Pun intended. The art is absolutely stunning, the levels are engaging and difficult. The ones I've played anyway. I got distracted trying to get Thanatos to spawn at a certain point and... Yeah... Thanatos."
1145360210596282,Hades,story,[],[],False,False,"The amount of effort and love put into this gem are ostensively weaved into every corners of it. Truly, a memorable piece that stands out in the annals of the classics."
1145360212805164,Hades,story,"['combat', 'controls', 'graphics']","['combat', 'controls', 'story', 'graphics']",False,True,"The game starts hard and punishing, but gets better and better the more you play. The strategies start making sense, and movement is easier. Had to follow some online advice after constant deaths, to become more succesful (Athena's dash, some weapon aspects etc). Controller strongly recommended. Ign"
1145360222754078,Hades,story,[],['story'],False,True,"This game makes me horny, it makes me moan all the time (classically screaming). 10/10 experience for my emotional stakes."
1145360214950766,Hades,price,"['combat', 'graphics']","['combat', 'graphics', 'price']",False,True,"one of the best roguelike's out there, plenty of content and each run feels pretty rewarding. gameplay is smoooothhhh. can't get enough of it."
1145360221640181,Hades,price,"['story', 'graphics']","['story', 'graphics']",False,False,"This is the first game which I have purchased with my own money and marks the beginning of my journey as an avid gamer and therefore hades holds a special place in my heart. The story, animation, interactions make you push yourself to the limit and play on repeat. If you like to grind and win, while"
1145360213498095,Hades,price,"['story', 'graphics']","['story', 'graphics', 'controls']",False,False,Hades proved that a roguelite can tell a story through its progression system and also be good. The developers made sure that dying felt more like a reward than a punishment by giving the player crumbs of worldbuilding by talking to all the different characters. The game reacts to all sorts of thing
1145360208784484,Hades,price,[],[],False,False,"The game is good to play, it is good to play this game , because it is a good game ,when play this game it feel good to play,hence this game is good game to play.so to conclude the game is a good game and the game is good. Another point to add is that this game is a good game,The game so good it is "
1145360215143296,Hades,price,"['story', 'graphics']","['story', 'graphics']",False,False,"I've played many roguelikes, but this really is the pinnacle of the genre. Every single aspect of the game feeds into itself, making you want to experience everything the game has to offer. The story is incredible. The gameplay is fantastic. The art is phenomenal. The music is extraordinary. Play th"
1145360223962369,Hades,price,['story'],['story'],False,False,"One of the best rouge-likes out there. This is not a game, this is a work of art. The voice acting, story, narration, all of it is quite top tier. This game is interactive art. I've finished the game before and now I'm revisiting the game many years later. One of the best uses of the video game medi"
1145360222338251,Hades,price,"['story', 'graphics']","['story', 'graphics']",False,False,"Hades is one of the best roguelike/roguelite out there. The story is great, the art style is stunning, and the gameplay itself is really engaging. The character designs look incredible. This game got me into the roguelike genre. Overall, this game is a masterpiece."
1145360219722502,Hades,price,"['combat', 'graphics']","['combat', 'graphics']",False,False,"I got this game in December and I have to say it is an extremely fun game. the bosses are challenging (but not too hard so it is frustrating), the game (despite making you restart from the beginning every death) doesn't feel repetitive, the overall art is really cool, the weapons are all unique. ove"
1145360211038397,Hades,price,"['combat', 'graphics']","['combat', 'graphics']",False,False,"What a game! Those boss fights gave me the same adrenaline rush as a chapter 1 season 4 Fortnite win. The game is gorgeous, the artstyle looks phenomenal, and the soundtrack is pefect. This game is the gold standard of rougelikes! 9/10"
1145360223703100,Hades,price,"['story', 'combat']","['story', 'combat', 'controls']",False,False,"After 40 Hours put in and beating the game, the only thing I can say is that this game is INCREDIBLE. The first highlight is the gameplay loop, which is very addicting and always pulls me back in. With the various boons from Gods along with the different weapon selections you'll unlock throughout th"
1145360206432061,Hades,price,"['story', 'graphics']","['story', 'graphics']",False,False,"I loved this game. The game's voice acting is incredible, the art and the lore is matched. The voice acting is up there with dark souls 3 and which is especially amazing since this game is an indie one. I don't play many rouge likes but this game makes me wanna branch out and play more. The music, t"
1145360206310223,Hades,price,['price'],"['combat', 'story']",True,False,"It has a much higher replay value than Bastion imo - There is dying and ""failing"" So it's a good game to smudge your perfectionism"
1145360207204351,Hades,price,"['story', 'controls']","['story', 'controls']",False,False,"I have this on multiple platforms (Steam, Switch, PS5) and really enjoy it. I like the replay value very much and the procedural generated dungeons and the fact that you can build relationships with various characters along the way. My favorite part is that more than one escape is needed to complete"
1145360216622853,Hades,price,"['graphics', 'story', 'combat']","['graphics', 'story', 'controls', 'price']",False,True,"Amazing game! Great art, great story and great gameplay. Many weapons and variants allowing for multiple playstyles and runs are quick so it can be played briefly and still feel fun. Not to mention the replay-value. 10/10 game would recommend to everyone."
1145360214567443,Hades,price,"['combat', 'story']","['combat', 'story', 'controls']",False,False,"This game is the definition of ""easy to learn, hard to master."" Great replay value, love the characters. You can easily find something you like and grind using the same types of skills/fighting that you love, but it's encouraged to explore and try out new ways of beating the game. Full disclosure, I"
1145360222038932,Hades,price,"['story', 'graphics']","['story', 'graphics']",False,False,"Lots of fun, a good time waster with plenty of replay value. There is a lot of depth to this game that I did not expect going into it. Surprisingly good story to help keep you interested in completing more runs. Great art and brilliant music."
1145360214998833,Hades,price,['price'],[],True,False,I own 3 copies of this game across 2 consoles and my PC. I keep buying this game because it is simply one of the best rougelikes i've ever played. I've yet to play the sequel and while i'd still say i've played better this game is probably in my top 5 games of all time.
1145360223333105,Hades,controls,['price'],['price'],False,False,"i love putting hours of work into a game on epic games store then wanting to support the game more, buying a copy on steam as well and then it resets my save on BOTH versions, many hours of work, gone. note to self: dont buy steam versions of games itll just ♥♥♥♥ you over :)"
1145360214132146,Hades,controls,['story'],"['story', 'price']",False,False,"I may have a problem here. I just can't stop playing this game. Don't get me started about how I thought the storyline was going to take a right and it made a hard left on a dime. Some of the best character development and support I have ever witnessed in a video game (the game does the work here, n"
1145360216915287,Hades,controls,['graphics'],"['graphics', 'story']",False,False,"This is such a well-made game. From the variety of gameplay offered to the art and soundtrack, the details of this game were really thoughtfully-put together. I had put off trying it for a while despite all the positive acclaim I had heard about it, but after finally trying it, the game really does "
1145360222805037,Hades,controls,"['story', 'graphics']","['story', 'graphics']",False,False,Hades is the first rogue like game ive ever played and I got addicted so fast. I was hesitant to try the genre because it seemed repetitive but the gameplay mixes with the story incredibly well. The art in the game is beautiful and I wish more games had their own unique style like hades does. Overal
1145360222638642,Hades,controls,"['story', 'graphics']","['story', 'graphics']",False,False,"An amazing story and gameplay loop, the art style is beautiful, and the story and characters are well voiced well. 10/10 story of rebuilding a family and house of the underworld, and Hades does a great job at getting you invested into all the characters in the story. It's a 9/10 game for me."
1145360214293475,Hades,controls,"['story', 'controls', 'graphics']","['story', 'graphics', 'price']",True,False,"I can tell it's a good, well made game, but I think my issue is I may just not like the Roguelike loop. Even though I am making progress through upgrades, and the story is built around failing, it just feels to me when I get deep into a run and fail it was a waste of time. So far the only Roguelike "
1145360215201519,Hades,controls,"['combat', 'graphics', 'story', 'price', 'controls']","['combat', 'graphics', 'story', 'price']",True,False,"Hades is a incredibly solid roguelite. The gameplay loop is satisfying, the visuals are nice, and the storylines and lore wrap it up into a solid package. While the game is a roguelite, it does by default align closer to roguelike on difficulty. Luckily mods do exist that allow you to tweak the game"
1145360209372658,Hades,controls,"['combat', 'story', 'graphics']","['combat', 'story', 'graphics']",False,False,"Hades is a fast and fun action game where every run feels exciting. The combat is smooth, the weapons are satisfying to use, and the story keeps growing each time you try to escape the Underworld. The characters are memorable, the visuals look great, and the music fits perfectly. It is easy to pick "
1145360206742987,Hades,controls,['combat'],['combat'],False,False,The game is tedious. The regular rooms use the same easy enemies over and over. The asshats on lvl 3 are just irritating to fight. The boss encounters are just dumb damage sponges without any real depth
1145360222896702,Hades,controls,"['story', 'combat']","['story', 'combat']",False,False,"It’s a roguelike with an interesting story that unfolds as you repeat run after run, giving real motivation to keep going. Every weapon feels good to use, the systems are deep without being overwhelming, and the difficulty never feels unfair or grindy. Easy to play for one run, or a hundred. 5/5 obo"
1145360208626307,Hades,controls,['graphics'],"['graphics', 'controls']",False,True,Stunning visuals and the gameplay is nice. I appreciate how easy it is to hop in and out of the game for quick play sessions.
1145360212603783,Hades,controls,"['story', 'combat']","['story', 'combat', 'price']",False,False,I have 100+ on my switch and had to buy it on steam to support Supergiant. This game is a masterpiece and a must try for all people. The way Supergiant wrote these characters gotta be studied because I don't think it can get any better. We might achieve world peace if every world leader completes a 
1145360212213233,Hades,controls,"['combat', 'story']","['story', 'controls']",False,True,"Absolute masterpiece of a title. The gameplay is fluid and intuitive, and the way that the loop is woven into the narrative is sublime."
1145360223811961,Hades,controls,"['graphics', 'story']","['graphics', 'story', 'controls']",False,True,"Very fun! Also very intuitive and if I'm being honest, the fact it has a pretty good system for people like me who suck at games like this is very much appreciated :]. The art and the story are also so beautiful! 10/10"
1145360213905761,Hades,controls,"['combat', 'story', 'graphics']","['combat', 'story', 'graphics']",False,False,"All around a GREAT experience. Combat in this game feels super fluid and intuitive, both the story and the characters are intriguing, and the art is beautiful and charming. If you have not played this game or any others like this, I could not recommend this game to you enough."
1145360221632874,Hades,controls,"['story', 'combat']","['story', 'controls', 'combat']",False,True,"8.5/10 Might feel a bit clunky at first, but you get used to it Story is awesome Character design is the biggest strength, ever wondered what would happen if bi-panic was a game? Combos are great, and duo's lead to really strong builds The game has a lot to offer, even at the post game it won't feel"
1145360219841503,Hades,controls,"['story', 'combat']","['story', 'combat']",False,False,"Fun roguelite with engaging story. 100% does start to feel grindy towards the end, but overall a good game. 8/10"
1145360207113341,Hades,controls,['controls'],['price'],True,False,If you have self control it's a great game to get a 30-45 minute run in. If you don't have self control it's a great game to get 8 30-45 minute runs in.
1145360215686636,Hades,controls,"['combat', 'story']","['story', 'combat']",False,False,"This game really does live up to the hype, it can be frustrating at times and it took me a long time to understand the build mechanics. I would say play a good 20 to 30 runs without consulting any guides and then look up some guides, learn the god pool mechanics and how to use keepsakes correctly. T"
1145360220581620,Hades,controls,"['combat', 'story', 'graphics']","['combat', 'story', 'graphics', 'controls']",False,True,"This is a great game. If I had to describe it one word, I'd say it is polished. As a roguelike, it heavily incentivizes you to try things you haven't before, which prevents repetitive gameplay. As an example, I'd gotten a successful run in less than 20 runs, but I ended playing till about 80 runs in"
1145360212364600,Hades,controls,"['graphics', 'story']","['graphics', 'story']",False,False,"Gameplay slaps. Soundtrack slaps. Art style slaps. Even the menu slaps.. If you love Greek mythology, this game is an absolute treat. for me its 9/10 game. can’t wait to beat my grandad in the next title."
1145360213529947,Hades,controls,"['combat', 'story', 'graphics']","['combat', 'story', 'graphics']",False,False,Hades is awesome and gay. The gameplay feels really good and smooth; the story is very good; the music is great; the character designs are sick; the vibes are immaculate.
1145360222703460,Hades,controls,"['combat', 'story', 'graphics']","['combat', 'story', 'graphics']",False,False,"I do not usually play roguelikes, but Hades was really fun. The combat feels smooth, the characters are great, and dying never feels frustrating. The art style is amazing, the gameplay is very addictive, and it was a lot more fun than I expected."
1145360224151430,Hades,controls,['combat'],['combat'],False,False,"Hades is one of the best games I’ve played. The combat feels smooth, every run is different, and it never gets boring. Even when you die, you still make progress, which makes it hard to stop playing. Easy recommendation."
1145360210613422,Hades,controls,['combat'],['combat'],False,False,"Hades is one of the best rogue-likes ever made. The combat is fast, smooth, and incredibly satisfying, with each weapon offering its own playstyle and endless build possibilities thanks to the Olympian boons. Every run teaches you something, and even when you die, it never feels wasted."
1145360213154468,Hades,controls,"['story', 'graphics']","['story', 'graphics']",False,False,"I usually don't play roguelite games(or roguelike) but this one is pretty ♥♥♥♥♥♥♥ good. The beginning is kinda slow but once you make it to elysium or farther into the game it the progression starts to feel very smooth. The story is pretty standard and enjoyable, art direction and ost are pretty goo"
1145360209372658,Hades,controls,"['combat', 'story', 'graphics']","['combat', 'story', 'graphics']",False,False,"Hades is a fast and fun action game where every run feels exciting. The combat is smooth, the weapons are satisfying to use, and the story keeps growing each time you try to escape the Underworld. The characters are memorable, the visuals look great, and the music fits perfectly. It is easy to pick "
1145360209321543,Hades,controls,['graphics'],"['graphics', 'controls']",False,True,"This is the single BEST game on my library, I love this game, and to believe that It runs on my 2013 mac, is supprising, and it runs at a smooth 60fps"
413150224076472,Stardew Valley,graphics,['combat'],"['combat', 'controls']",False,False,"Great game for single and cross play. A bit hard at the beginning, as no standard of ""explanation"" on how to play, but it's even more realistic"
413150224577865,Stardew Valley,graphics,[],[],False,False,"This game is one of the coziest I have played. I love that things go slowly, crops take time and your life and community build on realistic timeframes."
413150222853792,Stardew Valley,graphics,[],"['story', 'price']",False,False,"Look. Look. We all know what Stardew Valley is. We've all heard the stories, seen the sceenshots and wondered why anyone would willingly choose Shane. Just get the game. You won't regret it. Seriously."
413150221806806,Stardew Valley,graphics,"['price', 'controls']","['price', 'controls']",False,False,"Without QoL mods, this game is a huge slog that does NOT respect your time. That being said, once you do go through the commercial hellscape that is the installation of mods, the game is very cozy and enjoyable!"
413150223439201,Stardew Valley,graphics,"['controls', 'price']","['controls', 'combat']",False,False,I like being able to choose which challenges I work on and the order in which I work them. The game moves at my pace; it does provide challenges but it is up to me whether to do them or not. The fishing is probably the hardest part of the game. I play on laptop using WASD. I use both my mouse and ke
413150219137953,Stardew Valley,graphics,[],[],False,False,"It's not the first cozy farm game and it might not even be the best one, but it does so many things right that it's easy to recommend to someone looking to play their first cozy farm game."
413150219846921,Stardew Valley,graphics,[],[],False,False,for some reason this style of game play has a direct cord into the focus center of my brain which is impressive because nothing else ♥♥♥♥♥♥♥ does.
413150223009335,Stardew Valley,graphics,"['graphics', 'story']",['story'],True,False,"Well crafted. Relaxing. Plenty to do, plenty of lives to lead. The attention to different details is impressive. One of the best in the genre."
413150222995624,Stardew Valley,graphics,[],"['story', 'graphics']",False,True,"Stardew Valley is a great game. I never find myself never running out of things to do, and the world surprisingly feels very alive, which is impressive for a game being made by one person. The music is relaxing, the vibe is cozy, and the gameplay is enjoyable."
413150221851907,Stardew Valley,graphics,[],"['controls', 'price']",False,False,"I LOVE this game. I've been playing on the Switch for the last year and some change before caving to getting the PC version since it can be modded. Adding quality of life mods has been my favorite thing to do so far (Voices for the Bachelors/Bachelorettes, Reverse Dating where they can gift you the "
413150221973033,Stardew Valley,graphics,[],[],False,False,A great game with tons of effort put into it. Mods do add small quality of life emprovements but the game is perfect on it's own
413150225474845,Stardew Valley,graphics,[],[],False,False,Wow. Just wow. 600 hours on PC and god knows how long on my switch. I love this game there is genuinely nothing bad to say about it. Truly the best cozy sim to ever be released.
413150220234437,Stardew Valley,graphics,[],[],False,False,All you need to know about the quality is that very other company tries to make their own farming game inspired by Stardew. it's that good
413150224958503,Stardew Valley,graphics,['price'],"['story', 'price']",False,False,On par or higher with Harvest moon. Need I say anymore? Topped the charts for pc farming games and still is one of the best ones.
413150223070735,Stardew Valley,graphics,"['price', 'controls']","['price', 'controls', 'story']",False,False,"I bought this game 2 times, One on Switch And PC, I really love this game if you just want to play something nice and you can even play with friends, i do not have a lot of hours on pc but on switch i had 200h, i love this game and how has a lot effort and love from the developer. there is a lot wha"
413150224968745,Stardew Valley,graphics,[],[],False,False,"god how much i love this game maaaaaaaaan, had it on xbox before but buy it on pc to get all the good mods (especially with my baby Haley<3)"
413150222429017,Stardew Valley,graphics,"['controls', 'story']","['story', 'controls']",False,False,Whatever issues exist in the UI and controls that exist the mystery and lovability in this game surely make up for it.
413150218903493,Stardew Valley,graphics,"['price', 'controls']","['price', 'story', 'graphics', 'controls']",False,True,"5/5. I was one of those idiots who avoid 2D games because they are 2D. This game is a must play for anyone who thinks 2D games are some sort of lesser game especially for fans of minecraft and similar games. This is a game that packs content way above its price point, at 60+ hrs I am nowhere near do"
413150220370349,Stardew Valley,graphics,['story'],['story'],False,False,"I love how peaceful this game is, and honestly have zero issues with it! This is 100% a game for those who enjoy calming light-hearted gameplay, and a fun non-serious story line."
413150220256944,Stardew Valley,graphics,[],"['combat', 'story']",False,False,"This game is INCREDIBLY fun and addicting with friends. The only issues I had at the start was getting incredibly overwhelmed with everything, but the further you progress the more light the burden is and gets progressively more fun. 9.2/10"
413150220537929,Stardew Valley,graphics,"['price', 'story']","['story', 'price']",False,False,One of my fave chill games to go back too. Sure no instructions but plenty on the Wiki. I have this game across a few platforms and I never regret giving ConcernedApe my money. This helped my mental health issues in some ways and has provided a soundtrack to my life
413150222913129,Stardew Valley,graphics,['combat'],"['story', 'graphics', 'controls']",False,True,it is an amazing game there are so many adorable animals you can take care of and nice freindly nabores that are ai.
413150219366456,Stardew Valley,graphics,['story'],['story'],False,False,remove clint as the upcoming romance option you sloplovers WHAT EVEN IS THAT DECISION???? PIERRES WIFE IS RIGHT THERE. THE WIZARD IS RIGHT THERE. who the ♥♥♥♥ thought incel clint was a good option? yall are disgusting.
413150221806806,Stardew Valley,graphics,"['price', 'controls']","['price', 'controls']",False,False,"Without QoL mods, this game is a huge slog that does NOT respect your time. That being said, once you do go through the commercial hellscape that is the installation of mods, the game is very cozy and enjoyable!"
413150225449739,Stardew Valley,graphics,[],['price'],False,False,"Great indie game, fun and addicting, endlessly replayable. It's like Minecraft but calmer, and 2d. Anyone in the world can run this game"
413150223439201,Stardew Valley,graphics,"['controls', 'price']","['controls', 'combat']",False,False,I like being able to choose which challenges I work on and the order in which I work them. The game moves at my pace; it does provide challenges but it is up to me whether to do them or not. The fishing is probably the hardest part of the game. I play on laptop using WASD. I use both my mouse and ke
413150220113927,Stardew Valley,graphics,[],['price'],False,False,"The Best farming game on the market, loads of content for hours on end enjoyment. Not to mention the content mods if you run out of content, this game has everything you need for a relaxing experience."
413150223193982,Stardew Valley,graphics,"['combat', 'story', 'controls']","['story', 'price']",False,False,One of the greatest games ever made.The game-play loop is repetitive but satisfying when you finally see the fruits of your labor blossom.Play this game on your own time and you'll never run out of content.
413150224866985,Stardew Valley,graphics,[],[],False,False,An amazingly detailed and fun game to play! I have a lot of fun playing solo and co-op with my friends
413150222080247,Stardew Valley,graphics,['story'],['story'],False,False,I really love this game! I love how much replayability it has and how much content is available! I'm honestly surprised every day by this game for the sheer amount of events and cool secrets it has! the plot is perfect and the junimos are probably the best little apple mythical creatures!
413150224056792,Stardew Valley,graphics,['story'],['story'],False,False,"The Game is quite fascinating really, it looks like a simple game on the outside but when you finally try it and interact with the npcs and the quest that you are suppose to do in the game and when I say there's tons I mean there is a lot especially when seasons change or how many years are in game."
413150218364882,Stardew Valley,graphics,"['story', 'controls']",['story'],False,False,"I started Stardew Valley expecting a simple farming simulator, but it quickly became something much more meaningful. There’s something incredibly satisfying about restoring a small, run-down farm and slowly shaping it into your own peaceful space. What I love most is the freedom. Some days I focus o"
413150220789970,Stardew Valley,graphics,"['story', 'controls']","['story', 'controls']",False,False,"Simply the best game in this genre imo. The fact that Concerned Ape, years after realease, still releases regular, major updates, shows how much the player's opinion and enjoyment of the game has been made a priority all along. The best part of this game is probably how you can play it as chill as y"
413150224606442,Stardew Valley,graphics,"['story', 'combat']","['story', 'combat']",False,False,"Cute, mysterious, full of different activities, and has lots of different interactions with different townspeople. Hidden items and ""lore"", fighting monsters, and challenges as the seasons change. Cool and laid-back, except for how freaking hard some of the fish are to catch..."
413150219155710,Stardew Valley,graphics,[],[],False,False,I love how cozy the game is and how there is basically no limit to what you can do in the game.
413150220324622,Stardew Valley,combat,[],"['combat', 'story']",False,True,"Sometimes you think ""am I overhyping how satisfying and fulfilling, yet stress-free, the gameplay loop of Stardew Valley is and has been for a decade?"" Then you play some other games and it's like ""...ah."""
413150221341060,Stardew Valley,combat,['combat'],"['story', 'graphics', 'price', 'controls']",True,False,"Stardew Valley is a very charming and cozy game. It covers all the genres of simulation games. Farming, Mining, Foraging, Fishing, Crafting, and Combat. I love how versatile this game is. You can really focus and try for progression, or just take your time and get things done as you want."
413150220113454,Stardew Valley,combat,"['story', 'graphics', 'price', 'controls', 'combat']","['story', 'graphics', 'price', 'controls']",True,False,"the best game i have ever played. the only game i have ever wanted to fully complete. its beautiful, relaxing, fun, and satisfying for anyone who wants to have a cute farming experience. decoration is also incredible in this game because you aren't limited to just your farm, you can decorate the ent"
413150219155710,Stardew Valley,combat,[],[],False,False,I love how cozy the game is and how there is basically no limit to what you can do in the game.
413150223193982,Stardew Valley,combat,"['story', 'combat']","['story', 'price']",True,False,One of the greatest games ever made.The game-play loop is repetitive but satisfying when you finally see the fruits of your labor blossom.Play this game on your own time and you'll never run out of content.
413150219313931,Stardew Valley,combat,['controls'],['story'],False,False,"The goals and achievements for this game are the most satisfying ever (but maybe except the one that is realated to a whole different game lol). And while a lot of ppl play it in a relaxing type of way, i think this is perfect for anyone who likes challenges."
413150221458996,Stardew Valley,combat,"['combat', 'graphics']","['graphics', 'controls', 'price', 'story']",True,False,"Best game for low-end PCs, and all PCs to be honest. Very cozy game, very good on steamdeck, and on the go. It has all you need from a farming Sim; Stardew valley isn't just a farming simulator, it also has mining, fishing, combat, a bit of exploration. It all ties together amazingly, and the music,"
413150222912286,Stardew Valley,combat,[],[],False,False,I fish while my girlfriend tends the fields. My manservant does all the mining during the day and I take 90% of the cut. Life is good. Play multiplayer.
413150223475805,Stardew Valley,combat,"['graphics', 'story']","['graphics', 'story']",False,False,"I love this game, I was very hesitant at first due to the graphics in 2d but it does not bother me at all. Great game, I've played 17 hours up to now and I feel like I haven't even touched the surface, a lot of my friends have played 100's of hours so I am behind haha. If you're looking for a cosy, "
413150222915267,Stardew Valley,combat,"['story', 'controls']","['story', 'controls']",False,False,"This game will live in my heart forever, I have it on my switch and on steam, and I have played through it over and over and over again and again. It is charming, and timeless, and ever evolving. I feel like with the current state of the gaming industry, it is truly rare to see a game developer love"
413150219021004,Stardew Valley,combat,"['graphics', 'price', 'controls']","['story', 'graphics', 'price', 'controls']",False,False,"Definitely one of the best games I have ever played before, it impressively does a little of everything and succeeds at it. Stardew Valley is a wonderful game, super fun gameplay, very relaxing, but also challenging at times. It has beautiful visuals and an amazing soundtrack as well. I can't really"
413150223439201,Stardew Valley,combat,"['controls', 'price']","['controls', 'combat']",False,True,I like being able to choose which challenges I work on and the order in which I work them. The game moves at my pace; it does provide challenges but it is up to me whether to do them or not. The fishing is probably the hardest part of the game. I play on laptop using WASD. I use both my mouse and ke
413150223075871,Stardew Valley,combat,[],['story'],False,False,"In my wishlist, stardew was always at the bottom. Normally I play really difficult souls games, and stardew seemed to be the opposite of that. Then one of my friends bought it for me, and I was like ""Ehh, I'll give it a try"". It is insanely fun and is just cozy and wow omg slay yass."
413150220764420,Stardew Valley,combat,['combat'],"['story', 'graphics', 'controls', 'price']",True,False,"You can do so many things in this game! You can try to accomplish a bunch of goals, you can just hang out and make friends with the villagers, there is combat, fishing, you can make clothes and decorations, and the best part is that you can do all of it multiplayer with friends!"
413150223026912,Stardew Valley,combat,['story'],['story'],False,False,This game poses one of the most difficult decisions you'll ever be faced with... who you are going to marry
413150224526378,Stardew Valley,combat,"['graphics', 'price']","['graphics', 'story', 'price']",False,False,"Stardew Valley creates a very immersive atmosphere. From the sound design and music to the pixel art style, everything feels like a high quality, user-friendly experience. While modding the game may be difficult for some, using mods like Stardew Valley Expanded (SVE) can keep the game fresh for play"
413150220031745,Stardew Valley,combat,"['story', 'graphics', 'controls']","['story', 'graphics', 'controls']",False,False,"you can see how much love and dedication was put into the process of making this game, and it makes the experience really, really enjoyable. the soundtrack is great, the graphics are fun, the characters are all unique and the gameplay keeps you always entertained. it's a perfect game!"
413150222080247,Stardew Valley,combat,['story'],['story'],False,False,I really love this game! I love how much replayability it has and how much content is available! I'm honestly surprised every day by this game for the sheer amount of events and cool secrets it has! the plot is perfect and the junimos are probably the best little apple mythical creatures!
413150224056792,Stardew Valley,combat,['story'],['story'],False,False,"The Game is quite fascinating really, it looks like a simple game on the outside but when you finally try it and interact with the npcs and the quest that you are suppose to do in the game and when I say there's tons I mean there is a lot especially when seasons change or how many years are in game."
413150225201516,Stardew Valley,combat,"['graphics', 'controls']","['story', 'graphics', 'price']",False,False,"This is my all time favorite game due to the variety it gives of things to do while playing. All the goals are easily obtainable but not too easy, the scenery and ambient noise are relaxing and you could play forever due to it's how it is set up. The things i feel it could add is an elevator in the "
413150220789970,Stardew Valley,combat,"['story', 'controls']","['story', 'controls']",False,False,"Simply the best game in this genre imo. The fact that Concerned Ape, years after realease, still releases regular, major updates, shows how much the player's opinion and enjoyment of the game has been made a priority all along. The best part of this game is probably how you can play it as chill as y"
413150224559320,Stardew Valley,combat,"['graphics', 'story']","['graphics', 'story', 'controls']",False,False,"I cannot give this game enough praise i've purchased it on several gaming systems and no matter how many times i play it i love it even more. The graphics are pleasing and smooth, the missions are extremely fun and the general feel of the game is heartwarming and cozy. praise also has to go to the m"
413150219155710,Stardew Valley,combat,[],[],False,False,I love how cozy the game is and how there is basically no limit to what you can do in the game.
413150222651249,Stardew Valley,combat,"['story', 'graphics']","['story', 'graphics', 'price', 'controls']",False,False,"This game is both - it keeps you stressed while being in a cave without better equipment (or go fishing )and is super cozy - taking care of animals, having a relationship, watering the plants and decorating the farm. It is great if you want to play a game with different type of gamers, becuase you c"
413150222933115,Stardew Valley,combat,"['graphics', 'story']","['graphics', 'story']",False,False,"Very nice game, the gameplay and graphics are smooth even on my potato PC. Love the story and would recomend"
413150220071798,Stardew Valley,combat,"['controls', 'story']","['story', 'controls', 'graphics']",False,False,Can't believe I never wrote a review until now. This game has a special place in my heart. The gameplay loops are satisfying. The controls feel smooth. The mechanics are well executed. The story is sweet and simple and yet meaningful. And there is just so much HEART in this game. Created by one man 
413150219678892,Stardew Valley,combat,"['story', 'graphics']","['story', 'graphics']",False,False,"This is a functional game I enjoyed for many hours. All of the bachelors and bachelorettes are viscerally repulsive in every way, but this does not majorly detract from gameplay."
413150224559320,Stardew Valley,combat,"['graphics', 'story']","['graphics', 'story', 'controls']",False,False,"I cannot give this game enough praise i've purchased it on several gaming systems and no matter how many times i play it i love it even more. The graphics are pleasing and smooth, the missions are extremely fun and the general feel of the game is heartwarming and cozy. praise also has to go to the m"
413150222915267,Stardew Valley,combat,"['story', 'controls']","['story', 'controls']",False,False,"This game will live in my heart forever, I have it on my switch and on steam, and I have played through it over and over and over again and again. It is charming, and timeless, and ever evolving. I feel like with the current state of the gaming industry, it is truly rare to see a game developer love"
413150221202516,Stardew Valley,combat,['controls'],"['controls', 'story']",False,False,"Had to google a tutorial in the first 40 minutes of gameplay, also audio is required to make fishing easier Start is just all a guessing game so be prepared to just sit and google stuff to find out what stuff does."
413150221161464,Stardew Valley,combat,['story'],['story'],False,False,"It doesn’t provide clear missions or guidance, and I often had to search for information outside the game just to understand what to do next. This made the experience feel more like a hassle than enjoyable gameplay"
413150221523664,Stardew Valley,combat,['controls'],"['controls', 'price']",False,False,"Incredible base game, with honestly hunderds, if not thousands of hours of (free) modded content on the side, it is fantastic. Its chill, a bit strategic, and the multiplayer/coop version plays extremely smooth. Splitscreen with a friend on the same divice with keyboard + mouse, and, controller, wor"
413150219021004,Stardew Valley,combat,"['graphics', 'price', 'controls']","['story', 'graphics', 'price', 'controls']",False,False,"Definitely one of the best games I have ever played before, it impressively does a little of everything and succeeds at it. Stardew Valley is a wonderful game, super fun gameplay, very relaxing, but also challenging at times. It has beautiful visuals and an amazing soundtrack as well. I can't really"
413150218397585,Stardew Valley,combat,"['graphics', 'price']","['graphics', 'price']",False,False,"I like it's ambiance, that it runs smooth, few to no bugs. I can enjoy the game without adds or in game purchases. It's just fun, relaxing, and a great way to use my down time."
413150218502051,Stardew Valley,combat,[],"['story', 'controls']",False,False,This is a really fun game if you like a relaxed atmosphere and lots of choices on what you want to do. Play the game completely your own way whether you're into farming or mining or fighting monsters or the romance and making friends.
413150223617198,Stardew Valley,combat,"['price', 'controls']","['price', 'story', 'controls']",False,False,"It should be obvious taht this is not a hardcore game. Nonetheless, it offers some fun challenges (fighting in the mines) or puzzles (digging for walnuts). It's perfect for younger kids who can read well. I'd say age 7-8 will do well with this game. But it's also immersive enough to entertain an adu"
413150220908384,Stardew Valley,combat,"['story', 'controls']","['story', 'price']",False,False,"Although it says my playtime is only 19 hours on steam, I've played this game for 100+ hours on the switch. I'd recommend this game to just about anyone. This game has a spot in my heart and I've gone to Stardew during some of my lowest points. It reminds me not to give up, to reach out to my commun"
413150221819370,Stardew Valley,combat,"['story', 'graphics', 'controls']","['story', 'graphics']",False,False,"Initially I thought how good can a 2D game be? Gave this game a chance and now I can't stop playing! The game offers a cozy atmosphere alongside, simple game mechanics and calm music. The gameplay focus on bulding your farm, exploring the town and building relationships with the townspeople. This ga"
413150219369314,Stardew Valley,combat,['story'],['story'],False,False,I can replay this game multiple times and still learn something new about the game mechanics and the world with each save. The little details are so interesting and the community is very amusing.
413150223795535,Stardew Valley,combat,"['story', 'graphics', 'controls']","['story', 'graphics', 'price']",False,False,This game was an instant classic for a reason. do you like farming sims? its a great farming sim do you like well developed npcs? its got great npcs do you like fishing in video games? its got good fishing mechanics do you like exploring a cave? its got good spelunking do you want to collect a lot o
413150221272570,Stardew Valley,combat,"['combat', 'price']","['story', 'price']",True,False,"A 1st round ballot hall of fame indie game. Takes everything good about classic harvest moon, adds some minor combat elements and smart QoL updates and out comes one of the best games of the last 15 years."
413150222224239,Stardew Valley,combat,"['graphics', 'story', 'controls']","['graphics', 'story', 'controls']",False,False,"Good game with good art, mechanics and story, but very little characters of colors, sadly. If you are ever interested in modding this game, it holds a fairly nice community and many guides out there to get you started."
413150224133561,Stardew Valley,combat,"['graphics', 'story', 'price']","['graphics', 'price', 'story']",False,False,"as someone that played it for 40 hours ""illegally"" i have to say that the cozy art style and the simple mechanics got me addicted to the game the barn and the coup is insanelly worth it you feel how much progress you made throughout the game I'm looking forward to play it and LOVE the game"
413150219740190,Stardew Valley,combat,"['story', 'controls']","['story', 'controls']",False,False,"As a beginner player getting to understand the mechanics and goals can be a little confusing BUT once you get it there is so much to do. The game does encourage you to use all the skills, the relationships are fun, and its fun to play again and again. The multiplayer is enjoyable and pushes you to c"
413150221396206,Stardew Valley,story,[],['story'],False,True,"As a veteran harvest moon, this game is incredibly engaging. The different is that mining ore has a monster, and i have to constantly consult the wiki and forums. ps: abigail is my waifu."
413150218997559,Stardew Valley,story,[],[],False,False,"This game is somehow both engaging and relaxing! Each day in the game brings something new, and I can really see my progress in my farm."
413150220474620,Stardew Valley,story,[],[],False,False,"The ultimate cosy game farming sim game. If you're a fan of Harvest Moon/Story Of Seasons, this is the game for you."
413150225013190,Stardew Valley,story,['price'],"['story', 'price', 'graphics', 'controls']",False,True,"There's not much I could write here that would do the game justice; it's ten years in and the same streamers who made their break with it play, new content still comes out for free, and the fundamental gameplay remains fun and engaging. The modding community is vibrant and some of the content is nec"
413150218930233,Stardew Valley,story,['price'],"['story', 'graphics', 'price']",False,True,9.4/10 Ex girlfriend got me into in. Love that its a solo dev and he is working on a 2nd game cant wait! gameplay is fun and engaging so many ways to play and design your farm and house. mods are amazing ad almost double the map for stardew expanded.
413150219155710,Stardew Valley,story,[],[],False,False,I love how cozy the game is and how there is basically no limit to what you can do in the game.
413150219732562,Stardew Valley,story,[],[],False,False,"This is such an amazing game!!! You will not know it unless you experience it!!! ConcernedApe, you just rock <3 Below was my journey with the game. 1) Pirated this game on android. 2) Fell in love with the game. 3) Bought it on steam. 4) Bought it on android. Have 250+ hours combined on both platfor"
413150220651758,Stardew Valley,story,['price'],"['price', 'story']",False,True,"SUCH A GOOD GAME like actually addicting, ive been playing stardew valley for years already and yet it feels like theres still new things in the game because there is hours of gametime with this game, and my 200+ playthrough as of right now is just on one save!! its so crazy how good this game is an"
413150221202516,Stardew Valley,story,['controls'],"['controls', 'story']",False,True,"Had to google a tutorial in the first 40 minutes of gameplay, also audio is required to make fishing easier Start is just all a guessing game so be prepared to just sit and google stuff to find out what stuff does."
413150222912286,Stardew Valley,story,[],[],False,False,I fish while my girlfriend tends the fields. My manservant does all the mining during the day and I take 90% of the cut. Life is good. Play multiplayer.
413150224641458,Stardew Valley,story,[],"['story', 'graphics']",False,True,"Stardew Valley is a very relaxing and rewarding game that stands out for the calm experience it provides. One of the best parts is the sense of tranquility while playingwhether you’re farming, fishing, or just walking around the town, the game creates a peaceful atmosphere that’s hard to explain. At"
413150223439201,Stardew Valley,story,"['controls', 'price']","['controls', 'combat']",False,False,I like being able to choose which challenges I work on and the order in which I work them. The game moves at my pace; it does provide challenges but it is up to me whether to do them or not. The fishing is probably the hardest part of the game. I play on laptop using WASD. I use both my mouse and ke
413150221806806,Stardew Valley,story,"['price', 'controls']","['price', 'controls']",False,False,"Without QoL mods, this game is a huge slog that does NOT respect your time. That being said, once you do go through the commercial hellscape that is the installation of mods, the game is very cozy and enjoyable!"
413150223742438,Stardew Valley,story,[],[],False,False,what i thought was a simple game turned out to be a game to keep me busy for hours. does not disappoint
413150222063159,Stardew Valley,story,[],[],False,False,I love it so much its very relaxing and gets you locked in quickly. I can't play without the wiki but that's because im too invested lol
413150220450113,Stardew Valley,story,[],[],False,False,I have approximately700hrs on the switch invested into this game and i cant wait to have that many and more now that I've finally taken the step and gotten into pc gaming.
413150222426182,Stardew Valley,story,[],[],False,False,My wife has been invested in Stardew for years. I never really saw the appeal. But we've recently started playing together and it's a blast.
413150219837983,Stardew Valley,story,[],"['story', 'graphics']",False,True,"At first, Stardew Valley feels simple. You clear weeds. You water parsnips. You pass out at 2:00 AM because you misjudged how far the mines are from your house. Then something shifts. You start planning crop rotations in your head while doing dishes. You calculate optimal keg layouts instead of slee"
413150219155710,Stardew Valley,story,[],[],False,False,I love how cozy the game is and how there is basically no limit to what you can do in the game.
413150220474620,Stardew Valley,story,[],[],False,False,"The ultimate cosy game farming sim game. If you're a fan of Harvest Moon/Story Of Seasons, this is the game for you."
413150223140188,Stardew Valley,price,['graphics'],['graphics'],False,False,This game is so chill but so stress full at the same time. Like fishing is so amazing but so stress full too. 10/10 graphics too would recommend
413150224469423,Stardew Valley,price,"['controls', 'story', 'graphics']",['price'],False,True,I don't know what to say about this game that hasn't already been said but this is one of the best and most polished cozy life sim games out there. It's simple yet full of content with things to do to pass the time. It's a little grindy at the beginning but its a very rewarding game. I love coming b
413150220987883,Stardew Valley,price,[],[],False,False,Absolutely amazing game. Fits nearly all playstyles and has enough content to keep you busy. The new update is extremely cute too.
413150219825835,Stardew Valley,price,[],[],False,False,"Stardew Valley is an amazing farming game. You can make money, build relationships, and explore mines. There is always something to do. I love the freedom in this game!"
413150222121110,Stardew Valley,price,[],[],False,False,"I find it soothing and calm, es[ecia;;y the music. and there is so much content it left me playing for hours on end"
413150219347636,Stardew Valley,price,['price'],"['story', 'graphics']",True,False,"What is there to say that others haven't already said. The game continues to give. The developer continues to give. Over the years there have been many free content updates which are well thought out. Hundreds of active hours spent in the cutest, coziest game I've ever had the pleasure of playing. L"
413150220458961,Stardew Valley,price,[],[],False,False,"This is definitely a game you can sink a lot of time into. Not really a lot of foot content if that is what you are looking for, though. I am pretty sure I have a lot more to discover at this point with 75 hours into the game - so there may be some feet further into the content so my hopes are high"
413150223107133,Stardew Valley,price,"['controls', 'graphics']",[],False,False,"This is a cool little simulation game. It is easy enough for a non gamer to play, but it has enough features to keep the interest of some more advanced players."
413150220505005,Stardew Valley,price,['story'],['story'],False,False,This game is amazing the character storylines have made me cry before and the game is so addictive I love the atmosphere of it and all around it is a lovely game
413150222995624,Stardew Valley,price,[],"['story', 'graphics']",False,False,"Stardew Valley is a great game. I never find myself never running out of things to do, and the world surprisingly feels very alive, which is impressive for a game being made by one person. The music is relaxing, the vibe is cozy, and the gameplay is enjoyable."
413150223569559,Stardew Valley,price,"['story', 'graphics']","['story', 'graphics']",False,False,"This game is incredibly cozy and I find myself playing it for hours on end. The environment is very nice, and the lore behind the game is very fun to interact with and discover."
413150218476556,Stardew Valley,price,"['story', 'graphics', 'controls']","['story', 'graphics']",False,False,This is a masterpiece of a game. The fact that this was done by a single individual is insane. The music is very good. The gameplay is incredible and the feel you have when you play this for the first time and develop your relationship with the village is amazing. This is a game that makes you lose 
413150219155710,Stardew Valley,price,[],[],False,False,I love how cozy the game is and how there is basically no limit to what you can do in the game.
413150220792415,Stardew Valley,price,[],[],False,False,"This is the best cozy and fun game, and is definitely not a RUSH kind of game. Though that is the beauty of it, you slowly acquire everything."
413150225158491,Stardew Valley,price,['controls'],['controls'],False,False,"I love this game. It is super cozy. My only complaint is that it is a ""wiki game"". I.E. it is really helpful to have the wiki pulled up on a second monitor to play the game. Regardless, it is fun. Try it out"
413150223950586,Stardew Valley,price,[],[],False,False,The only thing I don't really like about the game so far is the fishing mini game when you catch a fish. The rest of the game is enjoyable so far. I have not played by myself yet but I have played with my sister
413150218863685,Stardew Valley,price,"['price', 'story']",[],True,False,"A fantastic game for all ages. I am late to playing this gem but it is worth downloading. Farm, explore and figure out what is going on in Stardew Valley!"
413150219825698,Stardew Valley,price,[],[],False,False,genuinely enjoyable game with a very high level of replay value. good developer too. one of the all time great indie games.
413150218642223,Stardew Valley,price,"['story', 'graphics']","['story', 'graphics', 'price']",False,True,"Hands down one of the greatest games I have ever played in my life. Beautiful music, heartbreakingly real characters, amazing yet simple visuals. Universally loved and deservedly so. Infinite replay value, single player as well as multiplayer. And all made by just one amazing guy! I love this game, "
413150223339157,Stardew Valley,price,[],"['story', 'graphics', 'price']",False,True,"Incredible game both as co-op and solo. So much depth and replay value. Something for everyone - mines if you like dungeon crawlers / ARPG, light dating sim for those who appreciate that, fishing, animal crossing-esque home + farm decoration, dopamine treadmill. Hard to put down."
413150223758787,Stardew Valley,price,['story'],"['story', 'graphics']",False,False,"Genuinely my favorite game. Stardew is a great cozy game with a good mix of storytelling, tasks, mini games, and design. It has great replay value and long-term gameplay if you are a completionist / try to get all achievements. I spent 250+ hours just on my main farm (not including co-op), and I hav"
413150223397220,Stardew Valley,price,"['graphics', 'story']","['graphics', 'story']",False,False,"Adorable, nostalgic, high-quality animation. Whimsical music. A variety of story lines to explore and choose from, giving the game good replay-value. Satisfying tasks and routines. Slow, relaxing pacing for laid back gameplay. Super cute and fun game. Really sweet."
413150220963485,Stardew Valley,price,"['story', 'controls']","['story', 'graphics']",False,False,"Stardew Valley is pure comfort. The farming, the characters, the little daily routines — everything feels warm, relaxing, and endlessly replayable. It’s simple in the best way but still full of depth, and it’s so easy to lose hours without noticing. Pros: cozy vibe, great characters, addictive farmi"
413150220199635,Stardew Valley,price,['combat'],"['story', 'controls', 'combat']",False,False,"Yeah this is completely banging, I love it so much!!! I genuinely never understand when anyone doesn't love this game, it helped me connect with my friends and partner, get better at combat in games, and fed my need to organize my farm so much haha. I have played the fishing minigame as little as po"
413150224790453,Stardew Valley,price,"['graphics', 'story']","['story', 'graphics']",False,False,"Stardew Valley stole the key to my heart and has even helped me break my doomscrolling cycle. There's so much to do that it's frankly overwhelming at the start, but I've found the wiki and player guides to be super handy. The visuals are amazing, the music is endearing, and the storylines are enthra"
413150221210308,Stardew Valley,controls,[],['story'],False,False,"do you enjoy enjoying? well do i have a game for you. this works especially well if you are autistic. Tho, it does get - points because of the lack of marrige of Rasmodius The Wizard."
413150223051736,Stardew Valley,controls,[],[],False,False,This game serves only one specific purpose. And it does this perfectly. To make humans mentally relax and feel better overall from a stressful life. Recommended to everyone that needs this type of support from playing an online game.
413150221884297,Stardew Valley,controls,"['graphics', 'story', 'combat']","['graphics', 'story', 'combat']",False,False,"I resisted playing this game for years because pixel graphics give me a headache. This game does, in fact, give me a headache every time I play it. But... the playtime keeps increasing because it's enjoyable and well written. I *HATE* stamina mechanics though. Headaches I will deal with, stamina mec"
413150221061496,Stardew Valley,controls,['price'],[],False,False,"ive been playing this game since im 17, im 26 now and genuinely this game has been part of me! i bought it on every device i had to support the developer, amazing game, amazing community!"
413150219821693,Stardew Valley,controls,[],[],False,False,What more is there to say? This game is amazing. I always come back to it and fall in love all over again. Plus the mod support is through the roof—10/10.
413150222669288,Stardew Valley,controls,['price'],['price'],False,False,"One of the best (actually) farming game I've ever played, it's like Terraria but top-down. It's like Foxhole but there are monsters and magic, and less stressful as well. The best is you can play it both online and offline, so in case you have a terrible internet but still wanna play a game, this is"
413150222683049,Stardew Valley,controls,"['story', 'controls']","['story', 'graphics', 'price']",True,False,"ARE YOU A MAN? LISTEN up, i tell you good sir. one does not need to farm cows and play nice with everyone. a MAN can just brew ale and wine all day. become a storied monster-slayer in the mines. all the while orchestrating a harem of cute local girls. yes, good sir. the game is good. (did i tell you"
413150224329329,Stardew Valley,controls,[],['price'],False,False,i love to play this all the time i enjoy modding it and finding new ways to play constantly and the game soundtrack and ambiance is nice and peaceful i sometimes use the game music to help me sleep
413150225257235,Stardew Valley,controls,[],[],False,False,I love to play this all the time i enjoy modding it and finding new ways to play constantly and the game soundtrack and ambiance is nice and peaceful i sometimes use the game music to help me sleep..........
413150224623025,Stardew Valley,controls,[],[],False,False,"It's just an amazing game. There *is* a LOT of stuff so I do tend to use the wiki from time to time, but that doesn't take away from the game for me at least."
413150223107133,Stardew Valley,controls,[],[],False,False,"This is a cool little simulation game. It is easy enough for a non gamer to play, but it has enough features to keep the interest of some more advanced players."
413150222569522,Stardew Valley,controls,[],[],False,False,"Honestly wish I could say this is a flawless masterpiece, but I'd like for each of you to walk into the Stardrop Saloon and attempt Junimo Kart. Report back if you have a keyboard to type with still."
413150219821693,Stardew Valley,controls,[],[],False,False,What more is there to say? This game is amazing. I always come back to it and fall in love all over again. Plus the mod support is through the roof—10/10.
413150221102352,Stardew Valley,controls,"['story', 'price']","['story', 'price', 'controls']",False,True,"There's nothing more left to say about this game: it's just perfect. I've been playing it for more than 300 hours and never get tired of it. Everything from the gameplay to the dialogues, the music, the stories etc. is fun and touching. The honest passion and effort of the developer who made it is c"
413150220651758,Stardew Valley,controls,['price'],"['price', 'story']",False,False,"SUCH A GOOD GAME like actually addicting, ive been playing stardew valley for years already and yet it feels like theres still new things in the game because there is hours of gametime with this game, and my 200+ playthrough as of right now is just on one save!! its so crazy how good this game is an"
413150220468727,Stardew Valley,controls,[],[],False,False,"for someone that has really bad adhd(myself), this is the perfect game. i struggle with adhd and with everything to do, its keeps my condition under control"
413150223051736,Stardew Valley,controls,[],[],False,False,This game serves only one specific purpose. And it does this perfectly. To make humans mentally relax and feel better overall from a stressful life. Recommended to everyone that needs this type of support from playing an online game.
413150219137953,Stardew Valley,controls,[],[],False,False,"It's not the first cozy farm game and it might not even be the best one, but it does so many things right that it's easy to recommend to someone looking to play their first cozy farm game."
413150223475805,Stardew Valley,controls,"['graphics', 'story']","['graphics', 'story']",False,False,"I love this game, I was very hesitant at first due to the graphics in 2d but it does not bother me at all. Great game, I've played 17 hours up to now and I feel like I haven't even touched the surface, a lot of my friends have played 100's of hours so I am behind haha. If you're looking for a cosy, "
413150222933115,Stardew Valley,controls,"['graphics', 'story']","['graphics', 'story']",False,False,"Very nice game, the gameplay and graphics are smooth even on my potato PC. Love the story and would recomend"
413150224559320,Stardew Valley,controls,"['graphics', 'story']","['graphics', 'story', 'controls']",False,True,"I cannot give this game enough praise i've purchased it on several gaming systems and no matter how many times i play it i love it even more. The graphics are pleasing and smooth, the missions are extremely fun and the general feel of the game is heartwarming and cozy. praise also has to go to the m"
413150218397585,Stardew Valley,controls,"['graphics', 'price']","['graphics', 'price']",False,False,"I like it's ambiance, that it runs smooth, few to no bugs. I can enjoy the game without adds or in game purchases. It's just fun, relaxing, and a great way to use my down time."
413150224399280,Stardew Valley,controls,"['controls', 'price']","['story', 'price']",True,False,"I finally 100%'d the game, but that doesn't mean I won't play it again. Part of the joy of games like this one is getting ideas for that next run, thinking about what you could have done better or differently, and starting over. It's a great game by itself but I really recommend playing it with mods"
413150218476556,Stardew Valley,controls,"['story', 'graphics', 'controls']","['story', 'graphics']",True,False,This is a masterpiece of a game. The fact that this was done by a single individual is insane. The music is very good. The gameplay is incredible and the feel you have when you play this for the first time and develop your relationship with the village is amazing. This is a game that makes you lose 
1237970204250784,Titanfall 2,graphics,['price'],['price'],False,False,"how are you able to sell a game an a huuuuuge function of the game doesnt even work. multiplayer does not load... tried the fix due to having 10th to 13th gen cpu, still nothing. waste of money. shoulnt be on the market if function of the game dont even come supported.."
1237970224109107,Titanfall 2,graphics,"['price', 'story']","['price', 'story']",False,False,Absolutely worth it. No words can describe the experience I had playing this masterpiece. Probably the most underrated game I've played so far (besides Death's Door). I wish there's gonna be a Titanfall 3 and I look forward to 100% this game.
1237970208070169,Titanfall 2,graphics,['story'],['story'],False,False,"The campaign mode is an impressive masterpiece. Other than that are pure trash, even the setting are designed by retarded people with zero logic"
1237970207392780,Titanfall 2,graphics,"['combat', 'story']","['story', 'graphics', 'controls', 'price']",False,True,"Very good game, epic single player, frontier defense is the best multiplayer mode. Lot of guns, Titans, play style. Your chose the game play style. Big Titans, Titans can trample the soldiers, very fun:) Every Titans have more style, and very fun. Only negative: you need lot of time to level up your"
1237970203014619,Titanfall 2,graphics,['story'],['story'],False,False,"One of, if not the greatest story FPS ever created. Instant recommend for anyone who owns a PC of any quality."
1237970217146740,Titanfall 2,graphics,"['story', 'price']","['story', 'price']",False,False,"This game is awesome, campaign was beyond great! Only thing, the campaign, I find is a bit short but quality over quantity right! It’s on sale right now so I would definitely recommend if you have the chance to pick it up. Not much else to say but play it & find out yourself how good this game actua"
1237970223758539,Titanfall 2,graphics,['graphics'],[],True,False,"does not have acsessability for visual impairment beyond color blindness, its a fun game but because of my visual disibility it is impossible to play in both single and multyplayer"
1237970219276694,Titanfall 2,graphics,"['combat', 'story']","['story', 'graphics', 'price']",False,True,"I have bought this game 3 times and enjoyed every single second since I started it up for the very first time. Such an amazing campaign, polished gameplay and the insane movement mechanics... I cannot express how good it feels to play: even after almost 10 years sice it launched, I keep coming back "
1237970217227826,Titanfall 2,graphics,"['story', 'price', 'combat']","['story', 'price', 'controls']",False,False,"While the game may be short, it is amazingly well done and super high quality. The characters are cool and have their own little unique personalities; the gunplay is really fun, especially if you have good aim; The story is short but sweet. While I don't plan on checking out the multiplayer since th"
1237970209299202,Titanfall 2,graphics,[],[],False,False,I played this game for years on the xbox. I bought the PC version just to support the franchise. That's how much I love it
1237970214999675,Titanfall 2,graphics,['story'],['story'],False,False,"Great campaign, never played the multiplayer but heard great things. The story is short and sweet so if you don't like fluff or pointless stuff and only like good quality gameplay. This game is a perfect fit."
1237970215275568,Titanfall 2,graphics,"['combat', 'controls']","['story', 'combat', 'controls', 'graphics']",False,True,"Wow, what a game. I have only played single-player campaign, and it is everything it should be. It was a bit short (which is fine for me because I often don't finish games because they are too long for me) but it was so packed of action. Pure fun. Now I understand why everyone wants Titanfall 3 so h"
1237970218084260,Titanfall 2,graphics,"['story', 'combat', 'controls']","['story', 'combat', 'controls', 'price']",False,False,"Fun linear co-op campaign with decent story and good world-building. Combat isn't that deep after getting used to souls-like combat, but still the gun mechanics are fun. If you enjoyed Half-Life 2, you will enjoy this immensely. Played on Linux and had no issues via Steam's proton, worked out of the"
1237970212764074,Titanfall 2,graphics,"['story', 'controls']",['story'],False,False,This game surprised me with its campaign (In a good way). Did had some issues with the EA launcher other than that game is awesome.
1237970202001823,Titanfall 2,graphics,"['story', 'combat']","['story', 'graphics']",False,True,"even after the server issues the game is still alive and kicking, play this game while it lasts and even if something happens to the multiplayer, theres always the campaign which is still hella fun"
1237970218915270,Titanfall 2,graphics,"['price', 'story']","['price', 'story', 'graphics']",False,True,"Gem! but this game is very very short (4~7 hrs for regular playthrough) and also requires a third party launcher to run. The best fps story game I have played, but does it worth the EA price tag? No I don't think so, wait for a sale or buy cheap cd keys online is recommended."
1237970223833573,Titanfall 2,graphics,"['combat', 'story', 'controls']","['combat', 'story', 'controls']",False,False,"One of the best singleplayer FPS campaigns I have ever played. The movement is amazing, wall running and double jumping feels so good. The level design is great and does a lot to change the game up so it never feels stale. I have found a lot of other campaign FPS games to lack variety and become rep"
1237970207105372,Titanfall 2,graphics,"['combat', 'story']","['story', 'combat']",False,False,"An extremely fun and memorable First Person Shooter! Titanfall 2 flew under the radar when it released, yet after so many years the title is still beloved; and for a good reason! The singleplayer campaign hooks the player with a dynamic and fresh moveset that allows the player to tackle enemies in v"
1237970204250784,Titanfall 2,graphics,['price'],['price'],False,False,"how are you able to sell a game an a huuuuuge function of the game doesnt even work. multiplayer does not load... tried the fix due to having 10th to 13th gen cpu, still nothing. waste of money. shoulnt be on the market if function of the game dont even come supported.."
1237970222382681,Titanfall 2,graphics,['controls'],"['controls', 'price']",False,False,"Players on Linux really enjoy this game. I am one of them. I love this game. Unfortunately the EA App gets in the way, and I have to delete the ""compatdata/1237970"" directory every single time I want to play the game in order for it to run. This contains the EA App, and deleting it forces it to rein"
1237970206093894,Titanfall 2,graphics,"['story', 'combat']","['story', 'combat']",False,False,Amazing story and gameplay. I highly recommend to anyone that likes a detailed campaign or fighting your friends in mechs.
1237970208836008,Titanfall 2,combat,"['story', 'price']","['story', 'price']",False,False,i expected the campaign to be alot longer but i did get the game for like 2 dollars so its fine but the campaign does just feel like a long tutorial for the multiplayer like the time travel part was cool but i feel like it ended to fast same goes for the rest of the game i felt like it all went to f
1237970214392321,Titanfall 2,combat,"['story', 'graphics', 'controls']","['story', 'graphics', 'controls']",False,False,"Titanfall 2 is a fast, stylish shooter about parkour, giant robots, and does something rare: it tells a complete, memorable story in a tight package. There’s no bloated open world. No checklist obsession. No cinematic excess. Just clever level design, strong pacing, and one time-manipulation level t"
1237970217648028,Titanfall 2,combat,"['combat', 'story']","['story', 'controls']",True,False,"Not dead yet! Would highly recommend for the campaign alone, otherwise the multiplayer while it can be difficult for new players is loads of fun once you adapt. Good luck pilot!"
1237970206545149,Titanfall 2,combat,[],['story'],False,False,Perfect game that I fear they will never make a sequel to because it would be so difficult to make it rival this. It is a shame the servers are down.
1237970220901868,Titanfall 2,combat,"['story', 'controls']","['story', 'controls', 'price']",False,False,"It was just a really fun game if you don't have much time to play don't worry. The campaign is super short, matches are not that long (sadly it takes long to find a match with other players), and if your worried you might not be able to get a titan in multiplayer your wrong it only takes 5 minutes t"
1237970222064540,Titanfall 2,combat,"['story', 'graphics']","['story', 'graphics']",False,False,"THE STORY THIS GAME HAS. I thought games like the doom franchise were amazing, along with ultrakill and blah blah blah, this game takes the cake with the weapons, storyline, fights, animations, and more. The graphics are still amazing to this day and the amount that things happen at once is peak sim"
1237970208836008,Titanfall 2,combat,"['story', 'price']","['story', 'price']",False,False,i expected the campaign to be alot longer but i did get the game for like 2 dollars so its fine but the campaign does just feel like a long tutorial for the multiplayer like the time travel part was cool but i feel like it ended to fast same goes for the rest of the game i felt like it all went to f
1237970221898873,Titanfall 2,combat,"['graphics', 'controls']","['story', 'graphics']",False,False,just one those games thats aged beautifully the dynamic between pilot and titan and how quickly the game switches between fast paced parkour to slow and bulky machine feel is just amazing for a game from 2016 the movemeent still feel so fluid smooth even when compared to latest fps games
1237970218124093,Titanfall 2,combat,['controls'],['controls'],False,False,"Movement is insanely smooth, the guns all feel like they have a purpose, and everything on your pilot feels like it would be used for something."
1237970224574462,Titanfall 2,combat,"['story', 'graphics', 'controls']","['story', 'graphics', 'controls']",False,False,"I highly recommend Titanfall 2 for players aged 16 and up. I honestly don’t have any real negatives to say about this game. It was an incredible experience from start to finish. The storytelling is one of its strongest aspects, especially following Jack Cooper. Without going into spoilers, the journ"
1237970206537643,Titanfall 2,combat,[],['price'],False,False,"Having real fun playing this game, everything is perfect. The only disappointing part about this game is that there is no Titanfall 3"
1237970206544782,Titanfall 2,combat,[],"['story', 'combat']",False,True,"Apex is the down syndrome brother of this game. I loved every minute of it and the mechanics were so ahead of its time and it is very underappreciated how good it is. Highly, highly recommend"
1237970209179069,Titanfall 2,story,"['price', 'controls', 'combat']","['price', 'controls']",False,False,This game is very much worth picking up even if it is incredibly old. The pilot movement and the titan gameplay are amazing. While yes it is rough to get into the pvp gamemodes seeing as the servers are mostly populated by veterans nowadays you got the singleplayer campaign and the frontier defense 
1237970212972697,Titanfall 2,story,"['controls', 'graphics']","['price', 'combat']",False,False,Good game despite being a decade old at the time of writing the review. Might just be my area but sometimes it takes up to 90 minutes to get into a match (yes thats with the most popular ones turned on) but the campaign is still absolutely cooking🧑‍🍳🍳
1237970206544782,Titanfall 2,story,[],"['story', 'combat']",False,True,"Apex is the down syndrome brother of this game. I loved every minute of it and the mechanics were so ahead of its time and it is very underappreciated how good it is. Highly, highly recommend"
1237970217145356,Titanfall 2,story,[],[],False,False,Top 10 best games ever created. This game is genuinely one of the best most amazing masterpieces I have ever played. Words cannot describe how good Titanfall 2 is. Words also cannot describe how ♥♥♥♥♥♥ EA is for not making Titanfall 3.
1237970221181917,Titanfall 2,story,"['graphics', 'combat']","['graphics', 'combat', 'story', 'price']",False,True,"Replayed Titanfall 2’s campaign in 2026 and honestly forgot how insanely good it is. The graphics still hold up way better than they have any right to, performance is rock solid, and the movement/combat is just on another level. Everything feels fast, smooth, and satisfying in a way most shooters st"
1237970211773122,Titanfall 2,story,['price'],['price'],False,False,Very fun game on pc and xbox but it does got boring so make sure you buy it when it is on sale and cheap. :)
1237970222854823,Titanfall 2,story,"['combat', 'controls']","['combat', 'controls']",False,False,This is so trash. EA does NOT know how to make a game. Enemies spawn behind me somehow. My character who is supposed to be a super soldier is actually a slow and clunky mess. The grapple hook actually puts you at risk most of the time. You have to unlock the ability to sprint while shooting but othe
1237970212020594,Titanfall 2,story,[],[],False,False,"It's really fun to play , the second half of the game is more interesting should play , highly recommended."
1237970213541394,Titanfall 2,story,"['combat', 'controls']","['story', 'combat']",False,True,Campaign is ♥♥♥♥♥♥♥ awesome AND even if I have to play on 200+ ping Oregon servers the pvp is some of the most fun and interesting I've ever played. PEAKKKKKKKK AAAAAAAAAAAAAAAAAAAAAAAAAAAAAAAAAAAAAAAAAAAAAAAAHHHHHHHH
1237970224606510,Titanfall 2,story,['combat'],['combat'],False,False,"Seriously, how the hell does the Vortex Shield work? I keep holding the button, but it only blocks—it never reflects back. It happens occasionally, but I don't get the trigger for it. Someone please let me know. I've died 5 times in my first session just because of this shield."
1237970204870981,Titanfall 2,price,['combat'],"['combat', 'story', 'price']",False,True,"This fps campaign already legendary. The variety of combat, movement, challenges, and stages in the game is a template for how an fps should be made. It is short, and wish there was more content, but what Respawn has achieved in this short game is just mind-blowing."
1237970221967729,Titanfall 2,price,"['combat', 'story']","['combat', 'story', 'graphics']",False,False,"This game is one of the best FPS games out there. I cannot recommend it enough. Though be warned, it may take some extra effort to connect with the PvP servers, but none of the processes are too hard and there are good guides for all the processes right here on Steam. Even if you can't connect or do"
1237970220758711,Titanfall 2,price,"['combat', 'story', 'controls']","['combat', 'story', 'controls', 'price']",False,True,"Without a doubt the best game I've ever played. Wonderful movement and fast-paced pvp. Campaign is definitively the best part of the game, even tho multiplayer is also very enjoyable. Multiplayer is difficult, seen that there are many high-level players. Also the playercount isnt gigantic, but big e"
1237970215822477,Titanfall 2,price,['price'],"['story', 'controls']",True,False,"Hands down my favourite shooter. No game out there, including modern versions, allows you the free range of movement, escellent weaponry and big freakin mechs. If EA doesn't make a TF3 they're absolute morons and throwing away money. The community is wonderful and every game is full of helpful skill"
1237970207582988,Titanfall 2,price,['combat'],['combat'],False,False,This Game is SOOOOOOOOOOOOOOOOOOOOOOOOO GOOOOOOOOD the combat is fun the movement is fun the titans are fun the game is fire
1237970202809795,Titanfall 2,price,"['controls', 'story', 'graphics']","['combat', 'story', 'graphics', 'controls']",False,False,"great game. The movement in the game is incredible, and the campaign is also very good. Even after all the years this game has been out the graphics and game play feel fresh the multiplayer is also very fun."
1237970209818150,Titanfall 2,price,['story'],['story'],False,False,"Even though the game is old but it is a great game, from the story to the multiplayer. Trust me."
1237970224609192,Titanfall 2,price,"['story', 'graphics']","['graphics', 'story']",False,False,this game is the most cinematic game i have ever played i love this game it is genuinely the best game ever l0v3 yall
1237970219202290,Titanfall 2,price,['story'],['story'],False,False,The best game I ever played! The story is one of the best in game industry. The players in online is very positive and friendly. I will recommend this game to everyone!!
1237970206802156,Titanfall 2,price,"['combat', 'controls']","['combat', 'controls', 'story', 'price']",False,True,"Id say that Titanfall 2 is the BEST movement shooter that you could play! The guns feel responsive and piloting a Titan is absolutely amazing. What it lacks in story (which has a great replay value) the game makes up for in multiplayer. fast pace, high octane gunplay with an amazing comunity. All in"
1237970213852713,Titanfall 2,price,['price'],[],True,False,"i played this so much on my xbox years ago, once i saw it on the winter sale i just knew i needed to replay it, over and over again. The greatest video game ever made"
1237970222518886,Titanfall 2,price,"['graphics', 'story']","['graphics', 'story']",False,False,"This game is great, beautifull atmosphere and model looks, love the titans and i really like how there is a story and different minigames for when you complete the game and dont want to replay it."
1237970202678072,Titanfall 2,price,"['combat', 'story', 'graphics', 'controls']","['story', 'graphics', 'controls']",False,False,"Well, doesn't need to be said by me, but Titanfall 2 is an excellent game and a truly enjoyable experience. Its movement system is one of the best I’ve seen—not just in the FPS genre, but in gaming as a whole. The campaign is fairly short, but it is very charming, and it never felt like a slog. Howe"
1237970224606510,Titanfall 2,price,['combat'],['combat'],False,False,"Seriously, how the hell does the Vortex Shield work? I keep holding the button, but it only blocks—it never reflects back. It happens occasionally, but I don't get the trigger for it. Someone please let me know. I've died 5 times in my first session just because of this shield."
1237970222539751,Titanfall 2,price,"['story', 'graphics', 'controls']","['story', 'graphics', 'controls']",False,False,"I've played the game much more than my Steam status lets on since I previously owned it on Origin (aka. the EA App). I brought it again just because of how good it is. The campaign is brilliant - I have never found a dull moment in it. The levels are very linear, but still excitable, with fantastic "
1237970208406299,Titanfall 2,controls,"['controls', 'combat']",['combat'],True,False,"This game delivers a thrilling shooter experience with some of the best movement mechanics around. The wall-running feels tight and responsive, the double jump adds great vertical freedom, and the gunplay is smooth and precise. A true blast to play."
1237970209299202,Titanfall 2,controls,[],[],False,False,I played this game for years on the xbox. I bought the PC version just to support the franchise. That's how much I love it
1237970203647985,Titanfall 2,controls,['story'],"['story', 'controls']",False,True,"This is the beat FPS game, you have controller military robot and names is BT-7274 Story is goat W👍 Tf2 is a same names as tf2 as a joke lol"
1237970207629024,Titanfall 2,controls,"['story', 'price', 'controls']","['story', 'price']",True,False,"Dope game. Really cool and had a lot of fun. Beat it in 6 hours. The bond with BT is cool , was sad to see him ... well youll see. worth the buy at any price. cons: -so good that it shouldve been longer -multiplayer didnt work. Assuming there is no server support as its an older game HAD TO COMEW BA"
1237970213268767,Titanfall 2,controls,['price'],[],False,False,Nice game! I played it back in the day on consoles and bought it again to support it! Sadly they dont make games like these anymore.
1237970214153647,Titanfall 2,controls,['price'],"['story', 'graphics', 'price', 'controls']",False,True,"[h1] update: [/h1] After getting new device titanfall 2 runs and the EA app opened instead of the origin popup, and I can now enjoy both the campaign and multiplayer. I will change my review to positive but keep the the original review up to spread awarness about the issue... Great game ngl. [h1] (o"
1237970204349080,Titanfall 2,controls,['price'],['price'],False,False,This one will be 1000% the LAST EA game I ever waste my money on. Only company i know of that's this stingy with how you play a game you spent your own money on. From the first hour of gameplay I really don't even see what all the overwhelmingly positive support about this game is even all about
1237970222227275,Titanfall 2,controls,"['story', 'price']","['story', 'price']",False,False,This is one if not my favorite game of all time. The campaign is short but sweet and is a great way to get to use the kits you'll play with online. The replay-ability of this game is a 10 out of 10. Unfortunately because they're steering towards micro-transactions games like APEX servers are not eas
1237970222965919,Titanfall 2,controls,"['story', 'combat']","['story', 'combat']",False,False,The campain is short and easy even on hard difficulty but the story is good and the game is fun to play.
1237970218050643,Titanfall 2,controls,[],[],False,False,Ea is the worst making me use there viruse like luncher to play the good games other people made i truly hope they go bankrupt
1237970216145693,Titanfall 2,controls,[],[],False,False,"the game is ok, but the customer service and the ♥♥♥♥♥♥♥ EA app cause account stolen very easily to happen to anyone. My EA account got ban my some ♥♥♥♥♥♥♥ russian. They should change how account access work, like no EA app to play the game just use steam luncher."
1237970210736030,Titanfall 2,controls,"['price', 'controls']",['story'],True,False,"most slept on game ever that the community pays more attention to than the people who made it. for multiplayer it is mostly peaceful, and respectful people, other the G100s and tone if you start this game i urge you to not use tone, the game becomes a point and click adventure when you use it, other"
1237970214264106,Titanfall 2,controls,['combat'],['combat'],False,False,"One of the games that is easy to play but hard to master. The movement tech is insane and also pulling off a 100 percent on this with all achievements is hairpullingly hard just because of one single achievement, but if you can pull it off you are sure to be one of the intermediate to pro movement p"
1237970202005088,Titanfall 2,controls,"['story', 'combat']","['story', 'price', 'combat']",False,False,"So when's Titanfall 3? Jokes aside, it's a fun short game (4-6 hours). The beginning was a little tedious, but it was to teach the player how to play without the use of the mech. I enjoyed the time travel segment as it was fun to bounce around in the same area at different times. Surprisingly, only "
1237970212889710,Titanfall 2,controls,"['story', 'combat']","['story', 'controls']",False,True,"I have barely any words to describe how good this game is, sliding and grappling is satisfactory and the story very good and re playable"
1237970214153647,Titanfall 2,controls,['price'],"['story', 'graphics', 'price', 'controls']",False,True,"[h1] update: [/h1] After getting new device titanfall 2 runs and the EA app opened instead of the origin popup, and I can now enjoy both the campaign and multiplayer. I will change my review to positive but keep the the original review up to spread awarness about the issue... Great game ngl. [h1] (o"
1237970206544782,Titanfall 2,controls,[],"['story', 'combat']",False,False,"Apex is the down syndrome brother of this game. I loved every minute of it and the mechanics were so ahead of its time and it is very underappreciated how good it is. Highly, highly recommend"
1237970214213458,Titanfall 2,controls,['combat'],['combat'],False,False,This game is sick the movement is smooth simple yet challenging the titans feel amazing like actual war machines clunky yet agile but the skill gap is insane and at times it's to much to take in
1237970208836008,Titanfall 2,controls,"['story', 'price']","['story', 'price']",False,False,i expected the campaign to be alot longer but i did get the game for like 2 dollars so its fine but the campaign does just feel like a long tutorial for the multiplayer like the time travel part was cool but i feel like it ended to fast same goes for the rest of the game i felt like it all went to f
1237970214166127,Titanfall 2,controls,['combat'],['combat'],False,False,"Fun, with a difficulty and game mechanics that even a casual gamer can enjoy (played at ""Easy"" settings level). At no point does it feel like the game play time is being stretched by hard to master obstacles or grinding."
1237970202840829,Titanfall 2,controls,['combat'],"['combat', 'story']",False,False,"I really liked Titanfall 2. At first, the combat was kinda boring, but as I played more, it started to feel really amazing. The movement and action got so much better later on.Riding BT and being able to control him was honestly one of the best parts of the game. That whole pilot and Titan thing jus"
1237970219839952,Titanfall 2,controls,['combat'],['combat'],False,False,♥♥♥♥♥♥♥♥♥ i've never experience gunplay this bad. why the hell does the game feel the need to zoom into the enemys fkn molecules even with iron sights? ADS is COMPLETELY useless. i genuinely dont understand why people are going crazy over this. the campaign is quite good but ♥♥♥♥♥♥♥♥♥ the MP is such
1237970204810897,Titanfall 2,controls,['combat'],['combat'],False,False,"We <3 BT The game does a very good job at makeing you feel powerful and flimsy at the same time, like at any moment you could suddenly keel over and die, but also when not dead you feel unstopable."
1237970204250784,Titanfall 2,controls,['price'],['price'],False,False,"how are you able to sell a game an a huuuuuge function of the game doesnt even work. multiplayer does not load... tried the fix due to having 10th to 13th gen cpu, still nothing. waste of money. shoulnt be on the market if function of the game dont even come supported.."
1237970225147250,Titanfall 2,controls,[],[],False,False,there is no game out there quite like this singleplayer: peak multiplayer: peak the main menu: peak purchasing the game: peak steam storepage: peak thinking about this game: peak
1237970215018317,Titanfall 2,controls,"['combat', 'story']","['combat', 'story']",False,False,"This game is absolutely incredible! The campaign is great, the gunplay is fluent and smooth, and the mechanics are excellent. Being a Titan is so cool!"
1237970203981474,Titanfall 2,controls,[],['price'],False,False,"I had to quit this game. Don't get me wrong, this is not because of the game. It's because of the virus that is the EA app that comes bundled with. - It shows you ads while the application is running, so I: - killed all the running processes. They showed up again. - I stopped the EA background servi"
1237970212724557,Titanfall 2,controls,"['combat', 'story']","['combat', 'story']",False,False,"Titanfall 2 surprised me in the best way. The gameplay is super smooth and satisfying, and the time-travel mission is honestly one of the coolest things I’ve ever played in an FPS"
1237970214213458,Titanfall 2,controls,['combat'],['combat'],False,False,This game is sick the movement is smooth simple yet challenging the titans feel amazing like actual war machines clunky yet agile but the skill gap is insane and at times it's to much to take in
1237970208832334,Titanfall 2,controls,"['combat', 'story', 'price']","['story', 'price', 'controls']",False,True,Only played the campaign after hearing it was good. The game play and gunplay is smooth and great. The story is not that great though without knowing the background. If its on sale for dirt cheap buy and play.
1237970213050238,Titanfall 2,controls,"['combat', 'graphics']","['combat', 'graphics']",False,False,Late to the party here but this game is smooth and combat is satisfying so it's an 8/10 for me.
