review_id,game,review_text,combat,story,graphics,price,controls,other,annotator,notes
1237970_212883684,Titanfall 2,"One of the best games ever to exist in gaming, Storyline is absolutely peak and multiplayer used to be super good. if i could replay it again without knowing the previous storyline i would, and spend twice as much for the game.",,,,,,,,
413150_221161464,Stardew Valley,"It doesn’t provide clear missions or guidance, and I often had to search for information outside the game just to understand what to do next. This made the experience feel more like a hassle than enjoyable gameplay",,,,,,,,
1551360_217318680,Forza Horizon 5,"[h3]Summary[/h3] The game is really good quality-wise, but I'm no longer the target demographic thus I can't recommend it. [h3]The good[/h3] The game has some really fun gameplay, fantastic scenary (it really feel like a theme-park ride) and breathe high quality in atmosphere, graphics, sound (cars, music and commentator) and it simply feels great to drive. [h3]The Bad[/h3] Starting the game you have to log into your MS-account, connect your accounts and connect to it whenever you start the game (I couldn't find a way to start the game without it). No big deal, but it was 5 minutes of direct annoyance and if my internet goes I can't boot the game. Playing for around 2 hours I got hit by 3 fullscreen splash screens that locked my game until I removed it, straight after a race, in-game, that tried to sell me the new game FH6, missing DLC etc. The in-game store is very noticable with ""new notifications""-marks and it's part of the main menu. It felt like a mobile game in that regard. [h3]The Demographic[/h3] The game start with blasting off straight away, you get thrown into epic race scenes for about 5-10 minutes, which feel great, then you hit the character creation screen. It's a loud white and pink colored UI (which is the UI for the rest of the game). The first tab is to choose between very ethnically varied characters, next is genders including they/them... an two large tabs for choosing prosthetics and hearing aids... It's not a bad thing per se, but resources were spent on quite a lot of options that, to me, has no place in a racing game and is clearly catering to a certain crowd. After playing for 2 hours, I realized this was a theme. This game is very much trying to vibe with the ""modern audiances"" with bright colors and a chirpy attitude. I am not a fan of that. I wanted a simcade with muscle/super cars, high octane racing and a badass feel in a sleek upgraded package. I've realized I'm not the target demographic anymore, which is my issue and not the game being bad. However, it really pulls me out of the immersion. The Steam store pictures and trailers show none of this and all the focus is on cool cars going fast (in hindsight, the opening of the second trailer really hints at it). Thank god for Steam's refund policy.",,,,,,,,
1245620_222850733,Elden Ring,I can't in all honesty not recommend this game. It is objectively a great game. Dark souls was better tho. I find the environnements like Liurnia boring and grey next to the dark majesty that was the Dark souls trilogy. Also doesnt play so well on Ultrawide even with third party fixes.,,,,,,,,
413150_222510013,Stardew Valley,my gf makes me play this game alot and i think its fun when im in the mood i also like saying senbonzakura kageyoshi when cherry blossoms fall,,,,,,,,
413150_220418069,Stardew Valley,Lurve thisss game so much!!! It bring nostalgia when I was a kid when Im playing harvest moon :D I miss the good old day~,,,,,,,,
1091500_224410840,Cyberpunk 2077,"Despite it's poor launch, Cyberpunk 2077 has grown to become a great game. Good setting, ambiance, voice acting ties the whole world together in a nice little package. Having done a 100% achievement run, this game can grow to be a little tedious at times due to its repetitiveness in terms of side content, but dive deep into the world and be BEING in Night City is something that is unforgettable. Add to that the Phantom Liberty expansion that adds a whole new area and quests to explore. Cyberpunk 2077 has become one of those games you keep thinking about even when you're not playing. The somewhat damaged quest however leaves a bad taste in my mouth. Why is the game a survival horror all of a sudden? It makes zero sense. Overall, if you like neon drenched cities and just driving around a city that feels alive. Nothing can beat this.",,,,,,,,
1091500_222701887,Cyberpunk 2077,"Great narrative that pulls you in quick, but its the world that really keeps you engaged. Very immersive and filled with consequences. Gameplay is very tight and responsive.",,,,,,,,
1091500_222404084,Cyberpunk 2077,"Years later but sure, heres a review. This game is a masterpiece in adaptive story telling. So many ways for it to end. The game play is as fast paced as you want it to be and I mean as fast as you want. Wanna slowly methodically eliminate a base full of baddies with them never knowing you were there? Done. Wanna run so fast time slows and you go full cyber samurai on them? Done. Giant guns a blazing heavy armor frontal assault? Done. Knives? Bombs? Cars? Hand to hand? Sniper? Gun fu pistol? It has it all in combat. The world is beautiful and immersive. Everytime I play through it I find something new.",,,,,,,,
1245620_218003958,Elden Ring,"Absolute cinema, i was used to the less flashy bosses of Dark souls III but man, Placidusax go: ""SO WHAT IF YOU CAN SEE, THE DARKEST SIDE OF ME"" The most hell yeah fight outside the dlc. Try Elden but Ring.",,,,,,,,
1245620_223795445,Elden Ring,"In loving memory of my free time and my sanity. In exchange, I received an obsession with every other FromSoftware game. Please refer to me as Elden Lord. Worth it.",,,,,,,,
1091500_221370541,Cyberpunk 2077,"101 hours in the game, modern day Masterpiece of gaming. voice acting, story and combat all so fun and worth every second",,,,,,,,
1551360_222174467,Forza Horizon 5,"Really enjoying Forza Horizon 5 so far. The graphics are beautiful, driving feels smooth, and there’s a huge variety of cars and events to keep things fun. It can feel a bit overwhelming at first, but overall it’s a great racing game. Definitely recommend.",,,,,,,,
413150_220615640,Stardew Valley,"Stardew Valley is easily the best ""cozy game"" I've ever played. The gameplay loop is enjoyable and I'm not afraid to admit that I've pulled a lottt of all-nighters playing the game. I really love some of the NPC's you can interact with (I HAVE to befriend Willy every run, it's a must), and I have a lot of fun trying to plan stuff season-per-season. I haven't played the game in a long while now, but I'm still writing a review because I feel like it deserves it.",,,,,,,,
413150_220421137,Stardew Valley,"Have this game on Switch and PC. Love it!!!!! Music, pacing and gameplay is awesome. Just a very cozy farming game that reminds me the time I played Harvest Moon.",,,,,,,,
413150_219666672,Stardew Valley,"I love this game so much. It has hours and hours of gameplay and things to discover. And it can adapt to many playstyles. Personally, I like the farming and building relationships aspects of the game, but for others there is exploration and fighting available too. Its very intuitive and cute and I recommend it for everyone to play!!",,,,,,,,
413150_218599745,Stardew Valley,i love it even tho i play it with mods but i love it and most the things about it and the story,,,,,,,,
1237970_216424787,Titanfall 2,"When a game achieves this level of reactivity and addictiveness, it will never be dead or boring. I love the story, the gameplay, the script, and BT-7274. Well worth the price and would buy again in a heartbeat! ♥♥♥",,,,,,,,
1551360_223780862,Forza Horizon 5,"beautiful game and very fun to play, i have very decent fps on my pc and never had any issues",,,,,,,,
413150_224447631,Stardew Valley,لعبة خيالية جميلة للناس الهادية و حال نفسها حرفيا يا شباب تقضي فيها ساعات ولا تحس بعمرك اللي يحب العاب الزراعة و الاجواء الهادية صدقني ما راح تندم لعبة خرافية و عالمها جميل,,,,,,,,
1245620_217820234,Elden Ring,The best game in history. It deserves the score it got. Don't hesitate to play this masterpiece. It's something you'll rarely see in the art of video games. Don't get tired of Miyazaki and the creative team.,,,,,,,,
413150_219544210,Stardew Valley,"Cozy game at its finest, a must own on mutiple devices kind of thing, and mods make it every more expansive and never ending.",,,,,,,,
1245620_219280294,Elden Ring,"Elden Ring to jedna z tych gier, które jeszcze przed premierą zostały wyniesione na piedestał. Produkcja studia FromSoftware, twórców serii Dark Souls, była zapowiadana jako rozwinięcie znanej formuły w otwartym świecie. Efekt końcowy jest jednak bardziej złożony. To gra z wieloma świetnymi pomysłami, ale jednocześnie z wyraźnymi problemami projektowymi, które często wpływają na komfort rozgrywki. System rozwoju postaci Jednym z największych atutów gry jest ogromna różnorodność buildów. Gracz może rozwijać postać na wiele sposobów, od klasycznego wojownika z ciężką bronią, przez szybkie buildy zręcznościowe, aż po potężne postacie oparte na magii. System rozwoju daje dużą swobodę i zachęca do eksperymentowania. Problem pojawia się jednak w trakcie rozgrywki. Dość często okazuje się, że build, który wcześniej działał bardzo dobrze, nagle przestaje być skuteczny. W pewnym momencie trafiamy na ścianę i przeciwnicy lub bossowie zaczynają być wyraźnie trudniejsi dla konkretnego stylu gry. W efekcie gracz zamiast rozwijać postać według własnej wizji zaczyna dostosowywać się do wymagań konkretnych walk. Oprawa wizualna i świat gry Pod względem artystycznym gra prezentuje się znakomicie. Świat jest ogromny, różnorodny i pełen charakterystycznych lokacji, a każdy region ma swój klimat i wizualną tożsamość. Na uwagę zasługuje również historia świata współtworzona przez George R. R. Martin. Lore jest ciekawy i intrygujący, choć duża część fabuły pozostaje ukryta w opisach przedmiotów i fragmentach dialogów. Dla jednych jest to element budujący tajemnicę świata, dla innych bariera w odbiorze historii. Problemy z kamerą Największą wadą gry jest kamera. To właśnie tutaj pojawia się najwięcej sytuacji prowadzących do frustracji. Podczas walki z przeciwnikiem można zablokować kamerę na celu. W teorii ma to pomagać w śledzeniu przeciwnika, ale w praktyce często prowadzi do chaosu. Kamera potrafi się gubić, nagle zmieniać pozycję albo ustawiać pod dziwnym kątem. W efekcie gracz nie widzi ani ataków przeciwnika, ani czasami nawet własnej postaci. Problem szczególnie nasila się przy dużych przeciwnikach. Kamera potrafi wtedy ustawić się tak blisko modelu bossa, że trudno ocenić sytuację na ekranie. Próba grania bez blokady celu również nie rozwiązuje problemu, ponieważ kamera nadal potrafi poruszać się samoczynnie i nie zawsze pozostaje tam, gdzie gracz chciałby ją ustawić. W praktyce oznacza to, że część zgonów nie wynika z błędu gracza ani z poziomu trudności walki, lecz z problemów technicznych i projektowych. Powtarzalność przeciwników i bossów Kolejną wadą jest design przeciwników oraz powtarzalność wielu walk. W wielu miejscach widać wyraźne użycie metody kopiuj i wklej. Boss, z którym wcześniej stoczyliśmy efektowną walkę, później pojawia się jako zwykły przeciwnik w innej lokacji. Osłabia to poczucie wyjątkowości starć i sprawia, że niektóre momenty przestają być tak znaczące, jak powinny. Walki bywają widowiskowe, ale to nie zawsze oznacza, że są dobrze zaprojektowane. Niektóre starcia sprawiają wrażenie mocno oskryptowanych. Czasami wygląda to tak, jakby można je było przejść sensownie tylko jednym konkretnym stylem gry, ponieważ inne podejścia są znacznie trudniejsze. Podejście do nowych graczy Gra nie szanuje również graczy, którzy wcześniej nie mieli styczności z tytułami typu Souls. W wielu momentach zakłada się, że gracz już zna mechaniki charakterystyczne dla tego gatunku. Systemy gry są słabo tłumaczone i wiele rzeczy trzeba odkrywać metodą prób i błędów. Popularność marki w dużej mierze opiera się na opinii o jej wyjątkowej trudności. W praktyce jednak spora część tej trudności wynika z problemów projektowych. Nieczytelność walki, problemy z kamerą czy niespójne decyzje designerskie sprawiają, że gra bywa wymagająca nie dlatego, że przeciwnicy są świetnie zaprojektowani, ale dlatego, że niektóre elementy gry utrudniają komfortowe granie. System punktów odrodzenia Dobrym przykładem niespójnego designu jest system punktów odrodzenia. Czasami ognisko znajduje się dosłownie przed areną bossa, a dodatkowo mamy jeszcze statuę, która pozwala odrodzić się jeszcze bliżej. W innych sytuacjach po każdej śmierci trzeba pokonywać długą drogę z ogniska do bramy bossa. Przy trudniejszych przeciwnikach, takich jak Malenia, Blade of Miquella, oznacza to, że spora część czasu nie jest poświęcona samej walce. Zamiast tego gracz biegnie z powrotem do areny i ponownie nakłada buffy przed starciem. W efekcie nawet jedna czwarta czasu spędzonego przy bossie może polegać po prostu na powtarzaniu tej samej drogi. Podsumowanie Elden Ring jest produkcją pełną kontrastów. Z jednej strony oferuje piękny świat, ciekawy lore i ogromne możliwości budowania postaci. Z drugiej strony cierpi na wyraźne problemy projektowe, takie jak praca kamery, powtarzalność przeciwników czy niespójne rozwiązania w designie walk. Nie jest to zła gra, ale zdecydowanie nie jest też tak bezbłędna, jak sugerują niektóre opinie. Część graczy wynosi ją na piedestał głównie ze względu na renomę studia FromSoftware, a niekoniecznie przez faktyczną jakość wszystkich elementów gry. To tytuł, który potrafi zachwycić wizją świata, ale jednocześnie momentami potrafi też bardzo frustrować.",,,,,,,,
1145360_213762549,Hades,I really like the game the only game I want to get 100% achievements I enjoy the grind and the story of the game very solid game play loop looking forward to see what hades 2 has stored for us,,,,,,,,
1245620_224945997,Elden Ring,i use to play this game on xbox 2024 3 months befere kai was going to do the stream and i got everthing on the game this game made me love gaming again suck a wonderfull expireice,,,,,,,,
1245620_219636674,Elden Ring,"I have played this game a lot, both with and without mods. I'll be blunt: it's a good game overall, but it has a lot of things dragging it down. Some say it's a 10/10 game, but I disagree. First of all, the biggest issue with this game, is input reading. Enemies and bosses don't react to what you do, they react the moment you press a button, before your action has even started. The enemy in Fort Gael is a good example: I try to shoot it with a crossbow, but it evade the moment I press the button, wether I'm aiming at it or not. This is dumb. -1 point. Next is wind-up attacks and tracking: a lot of bosses and enemies have ridiculous wind-ups that mess up dodge timing and ruins the rythm of the fight. And if you try to reposition to avoid it completely, they will simply turn around 180 degrees and hit you with that attack anyway. This is cheap, not difficoult. -1 point. Then there is the game balance: it feels like they spent less than 10 minuttes to balance this game. In a lot of late game areas, enemies are just basic scrubs that do nothing, while a mid game area might have enemies that will utterly destroy you regardless of stats and defence. Bosses also do WAYYYY too much damage in proportion to how often they attack and how long their combos are. They get to kill me in 2-3 hits while being able to chain 3-7 attacks in a row, while I'm lucky to land 1 single hit before they jump away from me and just stare at me from the other side of the area. This is utterly stupid. -2 points. Next is the ability to respec, upgrade weapons, and change builds: this is hopeless.... the game is incredibly stingy with upgrade materials, and even if you obtain the bellbearings, the mats get increasingly expensive. You need a total of 12 of each basic smithingstone to max a weapon, from lvl 1 stones to lvl 9 stones. And lvl 8 stones cost 30 000 runes a piece, just to give an example. This discourages experimentation in a game with over 100 weapons. Respecing is also limited, as there is a fixed amount of larval tears you can obtain in a single playthrough. This can hardlock you to stick with the same build through the whole game. -2 points. Now we are down to 4/10. Now lets add the good things: The world is big, with lots of things to discover around every corner. Everything from weapons, mats and spells, to catacombs, castles and dungeons. Exploration is very rewarding. +2 points. Buildvariaty: if we look away from the horrible upgrade system, there is a lot of different ways to build your character. You can go pure meele, or pure spell/incantation builds, or heavily focus on status buildup, or make a combination of either of them, and much more. +1 point. Encounters: there are many npcs to stumble upon in this game, most of wich leads to new side quests or detours, or even new areas. Some are missable, wich can lead to missing out on certain questlines or items, but this isn't really a problem. The npcs of this game are fairly interesting, and some will even fight alongside you at certain bosses if you summon them. +1 point. Now we are at 8/10. There is a lot more that drag this game both up and down, but these are my takes. Personally I give the game a 7/10. It's an overall good game, especially with certain mods, but it can be really frustrating at times, and I can't really think of anyone I would ever recommend this game to. I had my fun, along with much frustration. Edit: Steam doesn't ask if the game is good, Steam ask if I would recommend it. I would not, unless it is with mods.",,,,,,,,
1091500_222216766,Cyberpunk 2077,"Amazing game, this one is an all-timer. If you've played it, you know. If you haven't, stop reading this review and play it.",,,,,,,,
413150_220099069,Stardew Valley,if you want a game that you can put alot of hours in and still have fun this is the game for you and it may be 14 dollars but on mobile it is like 5.99 so please buy it is so good,,,,,,,,
1145360_222998831,Hades,"i think this game is good? after replaying it for a few hours after years, i noticed how artificial the difficulty is. for example, my first run ended at the snake, but my second run - with very little upgrades or special boons - was much easier. like i literally just did more damage than previously. i got to elysium, i assume early, and i just hit a wall where i could do no damage unless i was actively making use of the arena mechanics",,,,,,,,
1237970_208406299,Titanfall 2,"This game delivers a thrilling shooter experience with some of the best movement mechanics around. The wall-running feels tight and responsive, the double jump adds great vertical freedom, and the gunplay is smooth and precise. A true blast to play.",,,,,,,,
1245620_222290472,Elden Ring,"Painfully addictive, brutal in both story and gameplay, an unregrettable purchase. This game was an entry into the souls-like genre for me, and I'm glad. After I've played through this, I could be tempted to try other FromSoft titles!",,,,,,,,
1091500_224738789,Cyberpunk 2077,Great game. Don't think anyone should forgive or forget the launch debacle but they gained my trust back with all the changes from then on to 2.0 and beyond that's for sure. Hoping the next witcher is good.,,,,,,,,
1091500_223680198,Cyberpunk 2077,"If Red Dead Redemption is the best game franchise ever, this is the second best. I only wish there were deeper and more variety of interactions. Legendary game overall.",,,,,,,,
1145360_214683867,Hades,This is my first rouge like game. I don't know if all of them is that enjoyable but this is damn good game honestly. Also plus points for the amazing art work and music.,,,,,,,,
1237970_222911801,Titanfall 2,"(only played the campaign) really well constructed if brief campaign with some STURDY set pieces back to back to back. Like a 4.5hr rollercoaster ride, excellent stuff.",,,,,,,,
1145360_214894429,Hades,Very fun rogue-like that gives you a lot of control over your builds while maintaining a good amount of randomness. The story is good too and has some wholesome moments.,,,,,,,,
1245620_223113802,Elden Ring,inconsistent support from developer Fromsoft - makes the game unplayable for very long stretches at a time. My setup can run Cyberpunk in 8k @165fps but cant run this ♥♥♥♥♥ at 60fps. What a joke...,,,,,,,,
1245620_220474931,Elden Ring,"Peak cinema, thank you Miyazaki and Fromsoft for making such a great game. If you still somehow haven't played this game yet you should 100% play this game, you won't regret it",,,,,,,,
1551360_204890360,Forza Horizon 5,"if you are not prepared for the inferno process of logging in and you just want to get into the game and play solo... then this is not for you! The game is great, the login and handful of jumps into xbox and microsoft clients to get logged in only to be thrown out and locked out of the game is... very frustaring, the least! Later edit: game is great, like really grate.",,,,,,,,
413150_222708043,Stardew Valley,"Stardew Valley is the perfect game to sit down and just chill. There's something really relaxing about the loop of it farming, mining, getting to know the villagers and it never really pressures you to do any of it. You set your own pace and that's kind of the point. I picked it up again on my Steam Deck and it's honestly the best way to play it. Perfect for on the road or just kicking back somewhere away from your desk. Highly recommend if you haven't tried it handheld.",,,,,,,,
1145360_205954201,Hades,game is good but it doesn't really feel like a roguelite as much as it should. more of an action adventure game.,,,,,,,,
413150_224882209,Stardew Valley,"Ludonarrative dissonance is a term used to describe the conflict between a game's story and its mechanics/gameplay. In the case of Stardew Valley, I have nothing but praise for the gameplay loops and design, blending almost every single possible element of classic games like Harvest Moon and Rune Factory into deep and fairly beginner-friendly farming experience with only a few minor exceptions. However, of all of Stardew Valley's flaws, I believe the greatest to be the aforementioned ludonarrative dissonance. Community building, anti-corporate sentiment, appreciation for a small-town lifestyle, and a return to simple living are prominently featured themes of the game, but basically every player ends up turning their own slice of small town heaven into an automated money printer that's filled to the brim with ways to get richer and richer. The game tells you to live a simple life, but so much of what you do in game is designed to increase the efficiency and output of your farm. That isn't to say that I believe the game is designed poorly, since I don't believe that at all. Rather, this is just a commentary on how people play games and constantly push the boundaries towards their logical extremes. After all, it's nice to have a farm with 80 green bean plants that you have to water every day by hand, but why settle for that when you can just do a little mining and have those 80 plants automatically watered by sprinklers? And once you have those sprinklers, why not make a few more? And so on, until you're planting 1678 Ancient Fruit on your farm to harvest a total of 15k fruit by the end of Fall and cycling through dehydrators, kegs, and casks to earn a roundabout figure of 22,665,000 for that calendar year. Fantastic game. Highly recommend.",,,,,,,,
1237970_218072224,Titanfall 2,"Finally I took the time to play this game and was happy that I did so because it was absolutely great, way above expectations even though I had heard good things. An amazing FPS campaign experience and very fun gameplay with a strong bond between man and machine.",,,,,,,,
1091500_221885457,Cyberpunk 2077,"One of the Devs from Cyberpunk said ""you have to keep playing the game at least 12 times, always changing your answers and always changing the way you navigate the game"" to really get what the Game Devs intended. I'm on #8 and I still find this game one of the best ones I've ever played. I love technology and just the idea of having Implants and doing what you can do with them in this game is amazing, in reality a future very near to us. But I intend to play this game until I can complete everything.",,,,,,,,
1551360_220103218,Forza Horizon 5,"i have played both horizon 3 and 4 on ultra settings with no stutters and a buttery-smooth 144 fps. so why can't this game, despite having no major graphical overhaul, struggle to run without stutters on settings as low as medium on my pc? fix your stupid optimization and i might try playing this game again.",,,,,,,,
1551360_201954197,Forza Horizon 5,this game is really awsome i wish thoses pay to win cars wern't so op but i love the tuning ps i HIGHLY RECCOMEND IF HAVE MONEY VERY WORTH IT,,,,,,,,
1245620_225004112,Elden Ring,"This was my first ever FromSoftware game, and it was a great introduction to the souls games. Saying that this game is a 10/10 is an understatement. The open world is truly magical, straight out of a fantasy book (thanks George R. R. Martin). I can't go 10 steps on Torrent without finding a dungeon, beating the boss, and get either a mushroom, or a god-slaying weapon as a reward. The combat is stellar, and I could tell that the variety of builds is huge with the range of armaments, arts of war, talismans, and spells. Since this was my first souls game, the bosses were an extremely difficult, and the moment I tried to recuperate during combat, the bosses did not hold back to attack. Every boss and enemy spiked my focus, learning and avoiding their moves/abilities. All these factors would be for naught without the incredible music. Some of my favorite music comes from bosses such as Mohg or Godfrey, and the ambient music from Leyndell was not only soothing, but told a story of a great city in ruins after a war. There were many times of frustration, but the game improved my perseverance and patience. Before fighting Malenia, I thought I would beat her within 10 tries. 10 tries turned to 20 tries, and 20 tries turned to 2 weeks. Even after many defeats, I stilled fought, and through patience I eventually gained Malenia's Great Rune. To sum it up, it's a pretty fun game. 10/10",,,,,,,,
1237970_209017397,Titanfall 2,[h1] stop reading the reviews and buy it already [/h1] maybe respawn will wake the ♥♥♥♥ up and make titanfall 3,,,,,,,,
1245620_224250323,Elden Ring,"The most beautiful piece of ♥♥♥♥♥♥♥♥ in the universe, truly great. If the multiplayer system wasnt garbage it would be a 11/10",,,,,,,,
1091500_222278241,Cyberpunk 2077,"Super nice franchise, I've loved both the game and the anime. Game looks great and runs decent with some tweaking, and the modding capabilities are great.",,,,,,,,
1551360_215379152,Forza Horizon 5,super nice game I like it a lot I recommend purchasing this game the maps big and there is a lot to do!!!!!,,,,,,,,
1245620_221237067,Elden Ring,"Elden Ring gave me a beautiful but demanding experience. Playing it co-op with my cousin took time, but the world was stunning. The Fire Giant and Maliketh stood out, though the final boss was frustrating. If you’re ready for a long, tough journey in a gorgeous world, this game is for you.",,,,,,,,
1091500_224682867,Cyberpunk 2077,Bought this game + dlc in 2026 to avoid release version bugs. Can't run it - constantly crashes. How to refund this?,,,,,,,,
1551360_207041173,Forza Horizon 5,"The game is pretty chill. The scenery, the music and the content in general is really good. I love how much I can relax playing this game",,,,,,,,
1237970_214330123,Titanfall 2,single player: BT is my friend and I do not want anyone to hurt him multiplayer: Scorch is a he/him lesbian and he is my girlfriend,,,,,,,,
1091500_224461771,Cyberpunk 2077,"1000 Lashes and your melanin has been snatched. You have now been completely, COMPLETELY dismissed from the African race. We hope Caucasian nation will accept you as one of their own, because your melanin is snatched. Your melanin is snatched. Your melanin is snatched.",,,,,,,,
1237970_211477211,Titanfall 2,"I'm only saying No because Steam doesn't offer a neutral option. I have 0 interest in the multiplayer aspect of this game, so I'm unsure if there are active players let alone servers to play on. I cannot recommend this game at full price. $30 for 2-3 hours of gameplay with not much reason to replay. If you find this game on a huge sale then I would highly recommend it, the story is almost as iconic as the movement mechanics. I had a lot of fun in my 4 hours",,,,,,,,
1237970_221218683,Titanfall 2,"I don't even know where to start. This game, is the best thing to happen in my life. Out of all games that I thought I would cry from, this was NOT one of them, until I finished the story. I love this game more than I love my firstborn. I would sell his kidneys for BT to come back. BT-7274, I will never forget you. You were my best friend. You were everything, we went through so much together. From parkouring across a satellite to killing MRVNs together. I wish you were still here. Love, Jack Cooper.",,,,,,,,
1551360_198378413,Forza Horizon 5,"I paid $80 expecting a premium experience, but what I got was a multiplayer system that feels half-baked and painfully frustrating. Don't recommend anyone.",,,,,,,,
1551360_202663361,Forza Horizon 5,"I played this game when there was the free to play weekend. I guess that counts as having the game even though it is out of my library now. Anyways, from how much i played it, this game is very good. Definitely a 5 star game. Overall my favourite racing games are the Forza games. Thank you for reading this thingy! I hope you have a great day!",,,,,,,,
1091500_224401899,Cyberpunk 2077,Amazing game haven't been hooked to a game this bad in while give it a try you wont regret it.,,,,,,,,
1245620_224704440,Elden Ring,this game might be the best game ive ever played bc its the best game ive ever played and it might just be peak and might be the best game ive ever played bc its just so peak that its masculine to play this peak game as soon as i played it i was stunned and speechless at the same time. i would 120% recommend it def the best game ive ever played bc its the best game ive ever played. i played it. thanks miyazaki,,,,,,,,
1237970_205706787,Titanfall 2,"yes just yes if theirs a game i would recommend to my fullest extent its this on right here i remember playing this on my ps4 for so long even platinumed the game and loved every single second of it, solid 11/10 buy it on a sale you with get a bang for your buck",,,,,,,,
1237970_213615487,Titanfall 2,"Greatest campaign out of any shooter game I can name, despite being somewhat brief. And the pvp is my favorite because of how different it is.",,,,,,,,
413150_219417885,Stardew Valley,"Game so good I bought a copy for like 5 friends total now. I don't even play this with them anymore still love every bit of it and I like replaying everything like a broken record almost every month. I have been playing this on apple arcade though, controls on mobile are ♥♥♥♥♥♥♥♥ compared to the godly feeling and convenience of playing with a keyboard and mouse. Controller is fine but it just doesn't HIT the same. Game itself has gone through so much improvements and changes since 2016. Though I want ConcernedApe to actually at least make the Chocolatier playable soon, bro does not fail to add more things to Stardew Valley that makes it even more interesting and fun to continue playing. He's like Terraria when it comes to patching and updating this game, you can really tell he puts in a lot of love and effort into this game. Next up! KROBUS AS A MARRIAGABLE CANDIDATE PLEASE",,,,,,,,
1245620_222636717,Elden Ring,"My first soulslike, very fun challenging combat. The open world is visually stunning and exciting to explore. Unfortunately the lore/story is few and far between, though the moments you get are quite cool.",,,,,,,,
413150_219162184,Stardew Valley,"If you have a friend that plays this game and convinces you to play it, you will become addicted and find a way to waste all that free time you have!",,,,,,,,
1091500_222967889,Cyberpunk 2077,"Overview: Cyberpunk 2077 is an ambitious open-world RPG set in a futuristic city (Night City). It delivers an incredibly immersive experience with strong storytelling and visuals—but it has also been criticized for technical issues and some underdeveloped gameplay systems. Pros 1. Immersive Open World Night City is widely praised as one of the most detailed and atmospheric game worlds ever created. Dense environments, strong world-building, and tons of side activities make it feel alive. 2. Stunning Graphics Incredible visuals, especially on high-end PCs with ray tracing. Lighting, reflections, and character detail are top-tier. 3. Strong Story & Characters Excellent writing and memorable characters enhance the narrative. Side quests are often as engaging as the main story. 4. Flexible Gameplay & Builds Multiple playstyles (stealth, hacking, combat) give players freedom. Deep RPG systems allow for character customization. 5. Voice Acting & Presentation High-quality voice acting and cinematic storytelling elevate immersion. Cons 1. Bugs & Technical Issues (especially at launch) Frequent glitches, crashes, and performance problems were heavily criticized. While many fixes have been released, reputation damage still lingers. 2. Some Gameplay Systems Feel Incomplete Melee combat and certain mechanics feel underdeveloped or “half-baked.” Balancing issues between different playstyles. 3. Main Story Length The main campaign is shorter than expected for an RPG of this scale. 4. Limited Impact of Choices Dialogue and choices don’t always significantly affect the world or story outcomes. 5. NPC & World Interaction Limitations Some players feel NPCs lack depth or realism compared to the environment. Final Verdict Rating: 9/10 If you want a deep, story-driven RPG with amazing visuals, this is a great pick. If you care most about polished gameplay systems and perfect performance, it may still feel inconsistent in places. Bottom line: Cyberpunk 2077 is a flawed but highly enjoyable game—one that delivers unforgettable moments, even if it doesn’t fully live up to its original hype. Highly replayable.",,,,,,,,
1145360_217650188,Hades,"I don't have much experience with roguelites but I will say I enjoyed this so much! The art, voice acting, music, and character design are all equally incredible",,,,,,,,
1145360_208301409,Hades,"i like playin the game, but cant use aphrodite boons cuz everytime she pops on the screen it makes my ♥♥♥♥ swell 👍",,,,,,,,
1237970_209187976,Titanfall 2,One of the best games ever made. Such a great game is going to get a third part right? right...?,,,,,,,,
413150_218524183,Stardew Valley,One of my favourite games of all time. It always amazes me that there is new content coming out for Stardew and there's always something new to explore. Love me a game that allows me to do the mundane ♥♥♥♥ I try to avoid in real life.,,,,,,,,
1237970_221695552,Titanfall 2,"Сюжет проходится за 4 часа... 4 часа безудержного кайфа, великолепный сюжет. В общении Купера и БТ больше чувств, чем у современных играх, с учётом того, что БТ не знает что такое чувства. Абсолютно честно и объективно - Лучший шутер из всех нынче существующих. Буду возвращаться в это время от времен! К прохождению - [b] Обязательна [/b]! На последок: - Trust me! P.S. Кто-нибудь купите Respawn Entertainment у EA и дайте свободу им делать хорошие игры! Они это умеют, но их заставляют делать только Apex Legends. EA - вы идиоты, раз теряете такой алмаз в своей же компании",,,,,,,,
1237970_221611147,Titanfall 2,"The best FPS game I have ever played. Very fun mechanics and gameplay. Campaign is a masterpiece. the downside is multiplayer. You have to watch some videos on youtube to fix and enter the multiplayer after that wait for a looooooooong time to find a match. (If anyone has solution for long time wait, I allowed comments)",,,,,,,,
1551360_214349902,Forza Horizon 5,"Круто просто зайти, расслабиться и подрефтить после тяжёлого дня под музычку. Очень чилловая атмосфера - именно то, что нужно, чтобы кайфануть после хард игр. Forza Horizon 5 - 10/10=)",,,,,,,,
413150_219298713,Stardew Valley,Peak game. I started playing a little less than a week ago and im already 50+ hours on record by now. Best decision ever to buy this game from the little bit of pocket money and before I went broke as hell LOL,,,,,,,,
1091500_223810951,Cyberpunk 2077,"Started off strong, but this game is incredibly boring. Very quickly became repetitive. The graphics are nice, but that's about it.",,,,,,,,
413150_225426027,Stardew Valley,"I absolutely LOVE Stardew Valley! I have played for around 2-3 years (on other systems) and it is defiantly worth purchasing. You can farm, fish, forage, mine, fight, and so much more. You can also become friends with almost everyone on the island. Not to mention getting married! (My fav single dude has to be Alex! Unpopular opinion, but he's so sweet!) There are SO many secrets in the game, and so much to explore. If you are on the fence about getting it, you should purchase, no questions asked. My entire family loves it! 1000000% recommend.",,,,,,,,
1245620_218124253,Elden Ring,"I've playied it before, via no very paying ways, but since my friend got me this masterpiece. I am playing it everyday 24/7 for the last two weeks. Would i recommend it? I do not know yet, I haven't met Milennia yet, neither died several times and cuss at the devs for making such a hard boss.",,,,,,,,
1245620_218120241,Elden Ring,"I wish I could like this game more, God knows I tried. It is very reminiscent of the way Morrowind made me feel many moons ago. It doesn't hold your hard, it encourages exploration, it encourages experimentation, the open world and world building are absolutely incredible, and it is overall extremely interesting. That said, just about everything else is insanely underwhelming. Obviously the game is insanely unfair towards the player. It isn't a hard game, it is an unfair game. Some people really like the feeling of accomplishment from beating their head against the wall for hours until it finally breaks, and I'm definitely not against a challenge, but what doesn't feel rewarding is defeating a boss because you got lucky. And sure, some things are worth suffering through for the reward, except there really isn't any reward other than saying you did it. There is clearly lore and some semblance of a story here, but there is absolutely no coherent storyline or characters for me to feel invested in whatsoever, which makes the idea of working through yet another insanely cheap and unfair boss encounter all the more uninteresting. I've played for over 65 hours this point and couldn't tell you why I'm doing anything in the game other than I guess because it's my destiny to do so or something? The insane thing is I'm actually the kind of player to go and explore and try to read and interact with everything I can. I will interact with every NPC and exhaust every dialogue trying to learn more about worlds like this that are very interesting, but there quite literally isn't a narrative at all. The combat feels pretty generic and uninteresting, like a more hardcore version of Skyrim. What is disappointing is I felt this way around 5 hours into the game but decided I would give it the good ole college try, but here I am at 65+ hours feeling the exact same. If you like the genre, you'll probably enjoy this. If you're okay with an insanely unfair challenge, give it a go. If you're looking for a truly wonderful open world experience with interesting boss fights, you'll easily get dozens of hours out of this game. If you're looking for a game with depth to really draw you into its world and immerse you, then this isn't it. It was fun working through some castles while watching videos on my second monitor. Definitely feels insanely overhyped. I'd probably give it a 6.5/10. If you like open worlds, RPG games, and aren't averse to challenge, maybe give it a try especially if its on sale. The real crime is if you don't play the game, you really aren't missing out on anything. No one is ever going to say ""Whaaat, you didn't play Elden Ring!?""",,,,,,,,
1551360_199007456,Forza Horizon 5,"very good graphics and game but bad steering wheel support i used 2 steering wheels both did not work spent 3 hours trying to set it up and after i wanted to refund it it said that "" u have passed 3 hours no way u can refund it"" while i was just trying to set up my wheel",,,,,,,,
1091500_224727554,Cyberpunk 2077,this game is HOT Garbo. havent been able to play with having to reset cause of bugs. still good story/gameplay,,,,,,,,
1091500_222122035,Cyberpunk 2077,"Endlessly replayable, endlessly emotional, endlessly motivational. I love Cyberpunk and the genre that inspired it, the doom and gloom and the feeling of death coming at any time feels relatable even with it being inflated to unrealistic degrees. I love V and Johnny's journey together and feel as tho the Reaper ending is still the most cathartic and true ending, even if the Star is happier. This game will forever have a place in my heart, and ill always have a piece of V inside me.",,,,,,,,
1091500_224904781,Cyberpunk 2077,"I discuss the story. The story is very weak. You're motivated by 'becoming a legend' and then by just surviving. And what are you trying to survive? A completely contrived situation. The entire story was built around one dumb decision that no rational person would make (putting the chip in their own head). Johnny does nothing and is just a hitchhiker the whole game. The dialogue options are so limited, you have very little freedom with regard to narrative story decisions. And that's a big deal too because this game makes you spend so much time on the story. Many hours of dialogue options that mostly lead to the same outcomes anyway and cutscenes and walking with super slow NPCs or being a passenger in their car. I do actually have fun with the gameplay when the game lets me play. But everything to do with this story, V's motivations or personality and my inability to make any real decisions in the story made me so bored. I finished the main storyline and wasn't a fan of any part of it. It also annoys me that you can't fully turn off music in this game. I don't like the music and wanted it off but it kept playing from multiple sources throughout the whole game.",,,,,,,,
1091500_223878728,Cyberpunk 2077,"One of the best games ever made, for a lot of reasons. 1. The Story - Masterfully done, never a dull moment when it comes to the plot of this game. The twists and turns will have you hooked and desperate to play that next story mission. 2. The World - I believe this game accurately depicts a version of Mike Pondsmith's Cyberpunk. While a few small details are perhaps missing, cyberpunk fans will love this game. - THERE IS SO MUCH DETAIL. Everytime you play this game again you find something new, and it really shows just how much work the devs put in when building the world. - You never run out of stuff to do. Even when you complete all the side quests and side content for this game, you can still find things tucked away in the nooks and crannies for you to explore. 3. The Combat - THRE IS INFINITE BUILD POTENTIAL IN THIS GAME. Whether you min max. or play a generalist, pretty much any build you can think of will be viable, and it always makes me want to go back and start over completely to try something new. You wanna play a tank that absorbs bullets and smashes gonks? You can do that. You wanna play a stealthy hacker that kills majority of enemies before combat even starts? You can do that. You want to be a total badass with a pistol and crazy movement? You can do that. You want to be a tank, hacker, and total badass? You. Can. Do. That. - The actual combat and gunplay in this game is soooooo unique. There's so many differentt ways to play. You can utilize cover and hit and run tactics with a stealthy build. You can bring a ♥♥♥♥♥♥♥ SWORD to a gunfight and utilzie crazy movement mechanics and hack away at gonks. You can do none of that, stare at people, and fry their brains before they can even unholster their weapon. Wanna be a ♥♥♥♥♥♥♥ cyber ninja with swords, throwing knives, and flys from enemy to enemy? DO IT. You wanna casually walk down enemies with a shotgun and (litterally) rip and tear through enemies like ♥♥♥♥♥♥♥ doom guy?? DO IT. - All in all, never a dull moment in this game when it comes to shooting people, or cutting them open... 4. The Progression System - As stated before, this game has INFINTE BUILD POTENTIAL, and my favorite progression system of all time. Leveling up in this game feels sooooooooo goooood. A single perk can change the entire way you play, and once you start getting a lot of perks, you can start killing a lot of gonks, with the master level perks turning you into a total cyberpunk. - The attribute system is perfect. Opening certain areas or doing certian things in dialogue sometimes requires a certain amount of attribute points, litterally affecting your personality in game, which is CRAZY. 5. The Side Content - All of the gigs are unique and are well put together. All of them have some story element that is interesting and sometimes funny, and a lot of times ♥♥♥♥♥♥ up, which is the cyberpunk way. I never feel bored when doing the side quests, ESPECIALLY in the Phantom Liberty Expansion, where everything is turned up to the max. This game had a terrible launch, and it's a realy shame, because this game could've had the potential to surpass super big games like GTA. This game has improved so, so so much. I would reccomend the game to everyone, worth every single dollar 10 times over.",,,,,,,,
1237970_225134905,Titanfall 2,"Finished the campaign on Hard, Master and got all achievements. This game honestly has such a great story. BT is easily one of the most memorable companions in any shooter I’ve played. Makes it even sadder that we don’t have a Titanfall 3. Guess Apex Legends is the closest thing there is, even though I wish they still did bigger lore drops there. As someone who plays a lot of Apex, the multiplayer here felt familiar straight away, but Titanfall 2’s movement just feels more complete. Wall running, grenade boosting, all the movement tech makes the gameplay insanely fun. Apex has touched some of it before, but nowhere near like this. One thing I weirdly loved was the weapon sway while moving your camera around. Small detail, but it makes the guns feel more alive and weighty. I barely notice anything like that in Apex. The campaign is around 4 to 5 hours depending on difficulty, but it’s one of those short games that never really wastes your time. Every level feels unique and polished. Is it worth €30? Honestly, yeah. Great campaign, solid multiplayer, amazing movement, and just an overall polished experience. If you’re an Apex Legends fan, this is basically a must-play. And honestly… I might end up playing Titanfall 2 multiplayer more than Apex sometimes.",,,,,,,,
1091500_225196336,Cyberpunk 2077,"At launch it was a bit bumpy so I understand why it was talked badly about, however how it is now I would put it up as one of the greatest games I've ever played along with Divinity original sin 2 and Elden ring. it is such an amazing game that I cant really point out any one thing that makes it incredible because everything is, of course there's still some bugs as any game has but in my current 70 hour playthrough I've only run into a few and they were very minor. I would highly recommend playing this game to anyone because you can do whatever you want for 90% of the game and still feel good about it.",,,,,,,,
1091500_220609025,Cyberpunk 2077,For some reason I thought I wasn't going to like this game but its actually really good. My favorite part is how the game is paced very well and you can play for 15 minutes and have a lot of fun doing a few random gigs before going to work or you can sink a few hours in and get hooked on the story. Phantom Liberty is by far the best part of the game. One of the few AAA games that I was left actually thinking about for weeks after.,,,,,,,,
1551360_216657892,Forza Horizon 5,"Forza Horizon 5 is a refreshing change of pace for gamers who are used to playing a lot of first- and third-person games (Halo, Assassin's Creed, God of War, etc.). There's no strategy, puzzles, or shooting involved, just an open road and world for you to drive around with, and without, friends. That doesn't mean that FH5 isn't challenging and adrenaline-inducing, because it is. Depending on how well you perform in your ""career"" and races (off-road, street, etc.) as you work toward the Hall of Fame, the game will shift you up difficulty levels, making races (which can be against AI's, I'll add) a bit harder. So, as you level up, so do those you race against. All that said, if you're looking for a ""set"" storyline with character development, awesome character cutscenes, and the whole story package, this game may not be it. FH5 is definitely a racing game with beautiful graphics and awesome cars, and I had a lot of fun in my '15 WRX STI, but there are times when you have many different storylines at once, which can get confusing and repetitive.",,,,,,,,
1237970_202010836,Titanfall 2,Stop looking at the reviews and PLAY THE GAME. ----- As someone who has had the same favourite game since 11.11.11 playing titanfall 2 is like really good and the game is just great because it is and will be your new favourite game so just like buy it whether it is on sale or not it is still worth it like i could even get the game for you because of how good it is so yh,,,,,,,,
1237970_209005341,Titanfall 2,I probably have hundreds of hours on Xbox but when I played this on PC after not playing this game for awhile it was still a polished experience. Campaign brought a slight tear to my eye but multiplayer still felt fresh even with the small community.,,,,,,,,
413150_220530858,Stardew Valley,"Havent played that much, seems very cool so far. Actual Review: There is a reason i have 1k hours on it. It is a game like no other and has kept me company through many different stages of my life. And I have loved every second of it. Every character feels so fleshed out, that you can't help but wish to get to know them. It's always a place to come back to, no matter how stressful life may get. It is difficult to find the words to discribe how much I love this game and I can only recommend that just about everyone gives it a try.",,,,,,,,
1551360_208581727,Forza Horizon 5,"I don't play these kinds of games. This is my first car game in 20 years and my first Forza ever. But I suddenly had the urge to play a car game, so I searched for the best possible and noob-friendly game and came up with Forza Horizon. Driving is fun and you can enable so many player-assistance systems that even hopeless players like me can get some enjoyment out of it. It was a great game. The only major downside to Forza Horizon 5 for me is the amount of off-roading, which I can't stand. Half the game is off-road, one entire DLC is off-road. ♥♥♥♥♥♥♥♥, give me a break. I don't know if I'll play Forza 6. If it has that much off-roading, I probably won't.",,,,,,,,
413150_218688054,Stardew Valley,"There is a bug, when you compete to a Festifal Of Ice Fishing Contest, then you go out of the area before the fishing time ends, you will only can use fishing rod instead of your equipment. you cant even eat something becaouse you cant hold anything. Please fix this bug.",,,,,,,,
1091500_224069176,Cyberpunk 2077,"Ookay I was initially hesitant buy this game because of its rocky release, but once I heard they patched almost all of the issue, I am giving this a try. There's so much new info that get dumps when u start the game so make sure to take ur time. Also the story hits waaay too close to home, u will not regret buying this. Bloody corporates",,,,,,,,
1237970_208863508,Titanfall 2,"I love this game so much I bought it again. XD I already owned the game on PlayStation 4 and it became one of my favorite FPS games of all time. I even earned the platinum trophy over there and I'll probably get all the achievements here. Why do I love it so much? Easy. It has some of the most fun and tight movement and shooting controls in the genre with one of the most enjoyable FPS campaigns I have ever played, not just for the game play either, the story is also really good. I found myself getting so attached to BT that by the end he felt like a real companion. The visuals are obviously not top of the line, especially not nearly a decade on, but they still hold up surprisingly well. This is still a pretty game. I also really enjoy the score for this game. Overall, if you are a fan of the FPS genre and you somehow still haven't played this game, do yourself a favor and pick it up.",,,,,,,,
413150_222078105,Stardew Valley,"The Journey Of The Prairie King made me lose 10 fingers and gave me nightmares of me receiving damage on a no-hit run. (I wont say anything about junimo kart, that thing gives me chills and makes me cry for help)",,,,,,,,
1551360_200198898,Forza Horizon 5,"This game is very fun to play and drive around man! I do missions and get money to buy and customize my cars. And I can also play with my buddies and Drag race, Drift, And even Cut up, Overall this game with its amazing graphics and variety of things to play. I give this game a rating of 10/10",,,,,,,,
1091500_225099351,Cyberpunk 2077,"Where to even start. I've loved cyberpunk as a genre since I first read Ghostrunner as a kid, and Mike Pondsmith really did something special. Cyberpunk 2077 isn't the best game in the world, I wouldn't even go as far to say its the best game in my steam library, but it is special. There are not enough words in the universe to describe how I feel about this game in any reasonable amount of time. There is nothing I could say about this game that could convince you to play it more than other people likely have already.",,,,,,,,
1091500_222896037,Cyberpunk 2077,"Cyberpunk 2077 features a genuinely moving story with excellent writing and deep worldbuilding, laden with poignant criticism of modern society, but it's trapped behind mildly confusing and oddly uninteresting game design. Play through it at least once, but know what you're getting into first - standard gameplay, but an absolutely standout world and story.",,,,,,,,
1145360_205787947,Hades,"if you want a challenging game that has lot of dungeons and enemies with a fantastic gameplay, you have to buy Hades. it's one of the best Rogue-Like games ever",,,,,,,,
1091500_224830809,Cyberpunk 2077,"This game is unreal , truly an incredible experience. It’s beautiful, immersive, and full of charm, especially when it comes to the relationships, which feel almost more real than reality itself. The atmosphere of Night City is unforgettable: dark, alive, and glowing with neon lights. You really feel like you’re trying to become someone in a place where no one starts with anything. Just play the game. Even if you don’t have a high-end PC, it’s absolutely worth experiencing. You don’t need max settings to feel what this game has to offer",,,,,,,,
1245620_220940940,Elden Ring,"A Love Letter to the Lands Between If you are a fan of SoulsBorne games and you’re wondering if this is worth it—stop wondering. Get this game. It is an absolutely beautiful, massive masterpiece. To me, it feels like the ultimate ""Greatest Hits"" collection of FromSoftware; a perfect blend of the Dark Souls trilogy’s depth, the haunting atmosphere of Bloodborne, and the sharp DNA of Sekiro. What makes it special: True Freedom: The game gives you a little nudge at the start, but then the leash is off. You are free to roam a breathtaking open world filled with more items, gear, spells, and secrets than you’ll know what to do with. The Challenge: The bosses and enemies are legendary. Every corner of the map offers a new challenge that feels rewarding to overcome. A Quick Note for the Co-Op Travelers: If you want to experience this journey with friends without the constant threat of invasions, do yourself a favor: search for the ""Seamless Co-op"" mod and play your way: It deactivates the standard Easy Anti-Cheat (which, let’s be honest, you don't really want on your system anyway) and puts you on a private ""server."" You can set a password for your group and toggle invasions on (1) or off (0) as you see fit. Ignore the Gatekeepers: You aren't harming the official servers or bothering anyone else’s experience. If anyone tries to tell you off for choosing not to be invaded, let them cry. Those aren't ""real"" Souls players. Real players want you to enjoy the game. Bottom line: This is an incredible journey. Play it how you want, enjoy the world, and be happy. See you in the Lands Between!",,,,,,,,
1551360_202701059,Forza Horizon 5,"I don't know. I hated this. I gave it a shot. I mean 7 hours is a real shot! The dialog in the game is so abhorrent that its unlistenable. I turned it off and could not figure out what the icons were, how to progress, just clueless. My favorite car is a Corvette. The game gave me a the Corvette at the literal start. Great. No need to play anymore. Hated it. I also suck a driving games. If I lower the difficultly it doesn't make the AI drive in an easier way for me. What happens is the game plays the race for me. Oh great. I got my favorite car immediately and I don't even need to drive it.",,,,,,,,
1145360_205715070,Hades,"I love this game, it is so super ultra addictive. I bought it on my switch first and then bought it here on steam. I was pleasantly surprised to see that the data can actually be synced from here to your switch so you can keep your same save file on the go.",,,,,,,,
1245620_217801487,Elden Ring,Not an easy game but there are plenty of forums and guides out now to help. Great graphics and controls. Storyline is very cool too.,,,,,,,,
1551360_209647436,Forza Horizon 5,"Хотите покататся вечерком? не проблема, не плохая аркадная игра Но сначала переустанови игру несколько раз так как у тебя из неоткуда появляется проблема ""чтобы продолжить необходимо войти в свой профиль"" из меню после загрузки которое не дает тебе открыть буквально ничего. хочешь поиграть с друзьями? разберись с ебучим х-боксом, который лагает при каждом удобном случае, выкидывает из игры, и при выходе из гонки отсоиденяет тебя из коллоны. 10 шакалов из 10, х-бокс!",,,,,,,,
1551360_224221543,Forza Horizon 5,"Forza Horizon has made a perfect formula blending arcade racing and sim racing, as someone who does not dwell deep on either side of racing game FH has been a perfect experience for me the downside of FH5 would probably the empty map and the horizon festival playlist",,,,,,,,
413150_218812595,Stardew Valley,"at first i was a bit hesitant at giving this a shot (since a few friends played it), but i do not regret a single thing :3",,,,,,,,
1091500_223020775,Cyberpunk 2077,"I don't even know where to start, so I'll just make a very cool type shi [list] [*] Best atmosphere I've ever seen [*] Best [i]WORLDBUILDING[/i] and [i]STORYTELLING[/i] I've ever got to experience [*] The gunplay, melee, and combat in general feels absolutely astonishing [*] Upgrades in the form of cyberware, absolute cinema [*] The technical-bugfix comeback this game did is also insane [/list] Easily my most favorite element is immersion. The sounds you hear as you walk around the megablocks or just walk on the street make you feel like you're really there. I remember when I first played it years ago, I was kinda disappointed because I thought the world is really small, and I feared, that the fun won't last long, but while not being the scale of let's say Skyrim or RDR2, It's beautifully crafted and just [i]FILLED[/i] to the brim with interesting text messages that immerse us even more into the reality of night city. The whole soundtrack is a banger, guns feel satisfying, although not really correct in gun-anatomy sense. I cannot recommend this game enough. It sure can't be for everyone, but I encourage everyone to at least try it. I consider my money extremely well spent. Love this game.",,,,,,,,
1245620_217891481,Elden Ring,"I was never a fan of Souls - this game made me want to check them all out, albeit it ""clicked"" only after about 3 attempts to ""get into"" it.",,,,,,,,
1091500_223095570,Cyberpunk 2077,"After Witcher 3 and RDR2 I never thought that a game will be able to make me invest into the world as they did. I was wrong and who better to do it than CDPR. The only game after witcher 3 where I genuinely wanted to know everything about the story (so much so that i accidently got 100% after 3rd playthrough). The music, the characters, the story and the main character i.e Night City. Just Firing on all cylinders. The Base game was such a treat and then Phantom Liberty was somehow an improvement. 1000% suggest people to play this one just once, you'll get hooked.",,,,,,,,
1551360_213291901,Forza Horizon 5,"A good sim, friendly players who just wanna drift or race great community and a beautiful game/ played the game on xbox long before this 4 hour review",,,,,,,,
1091500_219735566,Cyberpunk 2077,"This game is fantastic, I hear the launch was horrible... but looks like they fixed it... if this were to get multiplayer support, if not the sequel at least... even better.",,,,,,,,
1245620_220024902,Elden Ring,One of from softwares best works yet. if you like dark souls and open world games. then this is peak content for you,,,,,,,,
1551360_201685596,Forza Horizon 5,"As a girl who loves cars, this game feels like home. The engine roars, the colors pop and every race feels personal. Forza isn't just a game, it's my escape 🏎️💨💖✨",,,,,,,,
1091500_223164535,Cyberpunk 2077,"This is a very good game, took me by suprise how well the story is not sure if the RPG have enough choises, buts eather way its a good game",,,,,,,,
1145360_208332234,Hades,New to Steam but played this classic on Playstation. I'm having a BLAST diving back in and starting from scratch!!!,,,,,,,,
413150_224974785,Stardew Valley,There's a lot to do and so many people you can friend/romance. You can also mod your game which makes everything more expansive,,,,,,,,
1551360_224405827,Forza Horizon 5,Great Racing Game I mean Its Forza For Crying Out Loud Lol. But Mexico Seems So Empty And Kind Of Out Of Place For A Racing World But Still A Blast. Cant Wait For 6,,,,,,,,
1551360_212507054,Forza Horizon 5,"Good game but had some issues like fps dropping in time (I will describe how I fixed it). From beginning it was like 140-200 FPS and in hour it was droping to 25-29 fps for no reason... What I do (only for nvidia rtx): 1. Update driver by Nvidia app 2. Setting graphic settings by same app and max fps by same app (I have 144 hz monitor so i set it like that). DO NOT SET GRAPTHIC SETTINGS BY OPTIONS MENU IN GAME (ok, fps cap should be set to non limit as it will be limited by gpu soft but it's the only option that you should change). 3.??? No more fps drops even when playing 4 hours in row",,,,,,,,
1091500_222991579,Cyberpunk 2077,"This game is an absolute masterpiece, and I could not recommend it more to anyone who enjoys narrative games. It is such a raw, immersive experience.",,,,,,,,
1551360_203415754,Forza Horizon 5,"[h1]Bringing The Festival To Mexico![/h1] Your Ultimate Horizon Adventure awaits! Explore the vibrant and ever-evolving open world landscapes of Mexico with limitless, fun driving action in hundreds of the world’s greatest cars. [list] [*][b]220+ Hours on Xbox One[/b] [/list] [url=https://steamcommunity.com/groups/ATReviews]Follow My Review Group Here![/url] 💾Graphics - Forza Horizon 5 has really stunning visuals. The vivid colors of the Mexican architecture, the beautiful landscape and dynamic weather makes this game really stand out. Car models also look absolutely incredible! Forza always had amazing visuals! Also the HUD and User interface is really clean and easy to navigate. Everything about this game is perfect when it comes to visuals and graphics. 🎮Gameplay - Forza Horizon 5 has amazing gameplay. It’s honestly where the game shines the most. The amount of variety of cars this game has is incredible, and one of the strongest in the current line up of racing games on Steam. Tons of trucks, electric cars, American muscle, European icons, Japanese legends and tons more! Most cars feel pretty different to some extent, and the tuning options will give you even more freedom to make the cars the way you want them to behave on the road. Being able to share your liveries, and tunes is also a great feature that many players will enjoy. Not to mention the awesome auction house to sell your cars and bid on some rare cars to buy. There are many more amazing features this game has. But what about the racing? Well I’m here to tell you that it’s really good! Many of the AI are fun to race against. I will say that they do feel a bit overpowered in the higher difficulties which can test your skills. The races can range from road races, street races with traffic, drag racing, offroad racing and the challenging cross country races. This form of diverse set of racing makes all of the cars in the game worth using. If you don’t like the race layouts, then make your own! Yes! You can actually design your own races and share them online! There is so much to say, but just know that this is Forza Horizon, you will have many things to do and complete! It’s a blast and hard to find anything wrong with the gameplay. The only thing I didn’t like that much was the map. To me, it’s just the weakest in the franchise. It’s not horrible, but feels kinda lifeless. Not much traffic and the terrain just looks boring at times. Forza Horizon 4 has a better map with challenging roads and dense traffic. Like I said, it’s not a horrible map, just the weakest in the franchise. 🎭Multiplayer - I haven’t played much of the online events, but they are okay for the most part. The battle royale is stupid, but besides that the other events are really fun. The online connection has gotten better since launch, so connecting with your friend and doing races is much easier and not a pain like before. The online mode has something for everyone. Races, infection, hide and seek, and much more! 🕛Playtime - You can sink hundreds of hours into this game. It’s got a lot of races, challenges, track editor, and much more! The replayability is really up to you here. If you love the map and races, or want to create your own races, then you will put in so many hours here. On Xbox alone I have up to 200+ hours. 🎧Sound - Now for the cars, the sound design has seen a massive jump in quality compared to Forza Horizon 4. Many cars sound unique, have a great idle sound to them, and are just much more enjoyable to drive, because of the sound improvements. You can also have anti lag which sounds pretty sick! The music is pretty solid. Probably the weakest in the franchise, but still pretty good in my opinion. I will say the voice dialogue is cringe and gets annoying to hear really fast. Besides that little complaint, the sound design is superb! ❗Bugs❗- I haven’t encountered any bugs in this game. Nothing serious or really anything minor. It was a super smooth experience when it came to bugs. You should have no issues here. 🔅Performance - Performance is incredible! High/Ultra settings and getting 180fps+ on 1600p is just amazing! The game runs flawlessly, no stutters, no crashes. This game is incredibly optimized. ✔️Pro’s✔️ [list] [*]Over 900 cars [*]Incredible visuals [*]Solid soundtrack [*]Great photo mode [*]Upgrading & tuning [*]Amazing optimization [*]Improved handling model [*]Share livery & tunes you created [*]Create your own races and restrictions [*]Tons of fun races and events to complete [*]Much improves car sounds compared to FH4 [*]All Horizon intro's recreated (extra's tab in settings) [*]Many accolades/challenges feel rewarding and fun to complete [/list] ❌Con’s❌ [list] [*]Annoying & cringe dialogue [*]Requires Xbox account to play [*]AI can be unfair on higher difficulties [*]Probably the least interesting map in the franchise [/list] 🏆Rating - 8/10 Buy this game on sale if you want to get the ultimate edition. The game feels like it’s worth full price (standard edition) if you are looking for an open world arcade racing game. 🔗Conclusion - Forza Horizon 5 is a fantastic racing game! You have tons of amazing cars and races, events, and things to complete and do. The map may not be the best, but still not bad. It's great for fast cars and off-roading if that's your thing! Overall the game is really fun and I highly recommend it to anyone who loves racing games. It has some issues, but still an absolute gem of a racing game! https://store.steampowered.com/app/1551360/Forza_Horizon_5/ Links to help you in Forza Horizon 5: [olist] [*][url=https://steamcommunity.com/sharedfiles/filedetails/?id=2677707954] Easiest way to earn Super Wheelspins [/url] [*][url=https://steamcommunity.com/sharedfiles/filedetails/?id=2845413447] Outcast Showroom - Liveries Share Codes [/url] [*][url=https://steamcommunity.com/sharedfiles/filedetails/?id=3014838195] Forza Horizon 5 Meta Cars [/url] [/olist]",,,,,,,,
1551360_214248967,Forza Horizon 5,"I think overall its a great game. it has good graphics and gameplay, and lots of places to go all over the map. also, you can go anywhere you want and don't have to stick to just racing.",,,,,,,,
1145360_217462124,Hades,"Really amazing art and game design. Thoroughly enjoyed the presentation and gameplay. I may not be built for these games though because escaping 10 more times sounds daunting and a little too repetitive for me. I know that's the whole point of these games, but even if you are like me; the 15 hours I spent with the game was great and I would say worth the price. I am sure if this is your style game you can find an easy 30 hours out of it if not much much longer.",,,,,,,,
1551360_205303572,Forza Horizon 5,The game is good with stunning visuals and vast world to explore. It's a bit repetitive. But It's very relaxing if you just want to drive in the vast map of Mexico.,,,,,,,,
1091500_221266710,Cyberpunk 2077,"It is a very well made game that you can play. The charackter development is so good, not only from the MC but also from every side charackter. I could only recommend this game.",,,,,,,,
1145360_212574365,Hades,"I only recommend first 10-15 hours. After that - your sick red eyes, infinite grind, also luck needed. Fun only in the first rooms",,,,,,,,
1145360_222405335,Hades,"Easily one of my favourite games of all time. The rouguelike gameplay loop is immensely satisfying, the combat feels super twitchy and responsive, and art style is really well-executed. Beyond just gameplay, the story has some really great writing, and Zagreus is a very compelling protagonist. The voice acting is really incredible, and all of this is backed by one of the best game soundtracks ever. Absolutely worth picking this up, £20 is a stupidly low price for the amount of game you're getting here.",,,,,,,,
1245620_220795450,Elden Ring,"This game is so peak. From the very moment you open the door into Limgrave you won't ever be the same; your taste in games won't ever be the same. The scenery is gorgeous and the world expands in ways that feels impossible. Every time you think you've seen everything, you're suddenly underground staring at a full sky of stars or get teleported into a random manor in a volcano. The build variety is insane, every weapon somehow convinces you it might be worth the try, and that's coming from a girl who usually sticks to dual blades and nothing else. This game humbled me in so many ways, and genuinely made me learn to enjoy boss fights- actually enjoy them. It's so rewarding to learn a boss move set and its mixups and just totally style on them. Nothing beats the billion dragons that drop in like they own the map as well. The lore is so good, hidden in obscure ways as in fromsoft fashion, but if you can follow along it's a very fleshed out story. The atmosphere, the art direction, and the sheer scale of the lands between might be some of the best fromsoft has ever done. Have patience, embrace the chaos, and remember that getting absolutely destroyed is part of the experience (especially the tree sentinel strategically placed to ruin your day before you even learn to dodge properly lol).",,,,,,,,
1245620_220447336,Elden Ring,I only bought this game because a friend told me I should play it as my first souls game and I can't believe I never tried a souls game before this.,,,,,,,,
1145360_215920562,Hades,"It was hard and grindy 35+ hrs, and I fell in love with this game only after the first completion. Fun and iconic characters, simple and deep lore. Absolute GOAT",,,,,,,,
1145360_216296031,Hades,This game is very engaging and fun while having an intriguing storyline that gives life to a game of repetition and challenge.,,,,,,,,
1245620_221118446,Elden Ring,"I'm 70 hour into the game and just beaten radahn for the first time ""This game is BIG"" is an understatement",,,,,,,,
1145360_208841087,Hades,"Incredible game. Yes, it is not the best roguelite, it does not have in depth mechanics or replayability like The Binding of Isaac or Slay the Spire, but what it does have is incredibly satisfying combat, great story, likeable characters, amazing soundtrack, perfect art and countless hours of fun. And I think that makes up for it. As someone who loves Greek mythology, I would absolutely recommend playing this. 9.5/10",,,,,,,,
1091500_223322430,Cyberpunk 2077,Undoubtedly one of the best games even written. A spectacular story and a game that marks the cornerstone for all rpg games to come.,,,,,,,,
1091500_223870304,Cyberpunk 2077,"i was a preorder sucker but i've played through the main game 3 times by now and phantom liberty i finished atleast once, started a second time. it's safe to say, i think this is an amazing story and world. phantom liberty was even better. i cannot wait for a sequel. this was too good.",,,,,,,,
1245620_222396580,Elden Ring,This is the game that I've been looking for for years a game that doesn't tell you where to go and instead you are free to explore. U can't beat the boss no problem go away for a while and level up and comeback later.Sure it's difficult but ones you understand it the difficulty is fun,,,,,,,,
1091500_224851967,Cyberpunk 2077,"Honestly? Rough at launch. Since 2.0 released and Phantom Liberty dropped? Damn choom, strap yourself in, spend some eddies on a nice, chromed up rig and let 'er rip.",,,,,,,,
1091500_225058122,Cyberpunk 2077,"I wanted more hair options, so i went to the nexus mods page The amount of ♥♥♥♥♥ and boob mods really shook me to the core i know boobies are real, but not the other thing because, my mommy said, babies come from Apple I believe in pre lateral filleted fish",,,,,,,,
413150_223385003,Stardew Valley,"Love the game a lot, it's very cozy however sometimes with the 3 year timeline you feel like you are on a time crunch even though you must realize that you actually have a lot of time",,,,,,,,
1551360_207162911,Forza Horizon 5,Mexico's horizons are incredibly beautiful. I'm looking forward to Forza Horizon 6 in Japan. I love Japan and Japanese cars.Forza Horizon Best game!,,,,,,,,
413150_223193977,Stardew Valley,"id rather rip out my own ♥♥♥♥♥♥♥ kidney than give up the sexual tension ive got with that stupid ♥♥♥♥♥♥♥ jock, this game is perfect in everyway except the fact that i cant cause the married people to go through divorces and steal some of these ladies husbands.",,,,,,,,
1237970_204226445,Titanfall 2,"An excellent campaign with likable characters, fun game play, and beautiful environments. Some truly creative set pieces as well, the likes of which are rarer than they should be.",,,,,,,,
413150_224156344,Stardew Valley,"Hello farmers, girlfriend downloaded the game and a bunch of mods on it aswell, dont get to see my girlfriend or my computer anymore, but sometimes she lets me do skull cavern runs because shes scared of the green flying thingies and the mummies, overall very cool except having to search up a villagers top5 gifts or layouts for iridium sprinklers every 30 seconds. ""I can get a mod for this"" she says as i write this, yet she never does.. She spent like 30 minutes looking for a saves folder so she could transfer her SV save from her iphone to the computer. Atleast shes developing IT skills from all those polyamory mods shes downloading. 10/10 would recommend!",,,,,,,,
1245620_217654457,Elden Ring,"Another good FromSoftware game with amazing visuals and worldbuilding, though repetitive, recycled enemies and frustrating boss design hold it back from being truly great.",,,,,,,,
1551360_199747934,Forza Horizon 5,Unskippable ads (for in-game content). Microsoft login for a Steam game I play exclusively solo. Otherwise its a good game. But I can't recommend degenerative Microsoft slop.,,,,,,,,
1245620_224573995,Elden Ring,"character moves in molasses, camera doesn't follow, ♥♥♥♥♥♥♥ controls, menus, story, co-op mode, all mechanics are trash and the world is ugly, laughable that this was considered for any awards",,,,,,,,
1551360_225161921,Forza Horizon 5,"Got the Jesko, pushed it to the absolute limit and watched a Minion liveried Peel P50 casually fly past me. Went home and started playing FH5 instead. 10/10 would recommend.",,,,,,,,
413150_222647862,Stardew Valley,this is a good game and you should play it because it has farming and it has fishes and it has mushrooms and it has chickens and cows and other cool farm animals and it also has cats and dogs and theres flowers and you can pick berries and make lots of money and also make lots of friends so you should play this game play it alone or play it with your friends the more the merrier,,,,,,,,
1551360_210480282,Forza Horizon 5,"Very nice and chill game. I love that there is no cops or rules ^_^ We wait for Forza Horizon 6, good luck!",,,,,,,,
413150_220754898,Stardew Valley,"s t a r d e w V a l l e y, silly pretty mods, silly people, good friends yes",,,,,,,,
1245620_225206755,Elden Ring,"Elden Ring completely pulled me in from the moment I first stepped into Limgrave. Seeing that massive world open up for the first time was honestly overwhelming in the best possible way. I remember just standing there, trying to decide where to go first, immediately making the questionable decision to wander off and explore [spoiler] before arriving at the first church [/spoiler]. That feeling of freedom is what makes this game so special. Every road, ruin, cave, or suspicious corner felt worth checking out because the game constantly rewarded curiosity. Even after hundreds of hours, I still kept finding hidden items, new paths, or entire areas I somehow missed before. The bosses and world design were easily my favorite parts. Getting destroyed by the Tree Sentinel early on was humiliating but hilarious, and it perfectly taught me what kind of game I was facing. Finally defeating Malenia after all the frustration, scarlet rot, and repeated failures felt incredibly satisfying. The game feels difficult, but fair, and every victory actually feels earned. I also loved diving into the lore, (even if most of it came from outside sources rather than the game directly - which is a personal choice in the end) Compared to Dark Souls III, this game takes everything I loved and pushes it much further. The open world, the freedom to explore, and even small quality-of-life improvements like traveling freely between Sites of Grace made the experience feel bigger and smoother without losing the soul of a FromSoftware game. Elden Ring may not be the hardest or fastest Soulslike ever, but it absolutely feels like one of the most memorable. It is one of those rare games where getting lost is not frustrating because it is the entire point. 10/10, currently replaying it too.",,,,,,,,
1551360_219178411,Forza Horizon 5,"Welcome to Mexico! If Gran Turismo 7 is the best racing game on PlayStation, then Forza Horizon 5 is undoubtedly the best racing game on Xbox. From beaches to a volcano, from jungle to desert, from cities to small towns, from swamps to highways, the scenery along the way is absolutely breathtaking. Whether you're competing in road races, taking on rally races, or just cruising around aimlessly, this game delivers endless enjoyment. The car roster is extremely diverse, featuring iconic brands from around the world. If you've got a 21:9 ultrawide monitor and an Xbox controller, you're in for the ultimate Forza Horizon 5 experience. The only downside is that the game's compatibility with Thrustmaster steering wheels is not particularly good. Hopefully Forza Horizon 6 will offer better steering wheel support.",,,,,,,,
1245620_218057553,Elden Ring,"one of those once in a lifetime type games, you will forever wish you could rewind time to play it for the first time again",,,,,,,,
1145360_218676238,Hades,"This is a really fun game! Once i learned the mechanics playing became a breeze. It took me forever to beat Meg, but then i beat the Bone Hydra and Theseus/Minotaur my first time running into them!",,,,,,,,
1145360_209357117,Hades,"I will admit in advanced that I played the sequel prior to this, with the intention of simply gleaning the sense of plot and rush out imminently. As the played time corroborated, I was enthralled, in the most positive way imaginable though by the magnificent ambient of the game. It will only do it unjust to dismiss it as a mere masterpiece of game level design or a roguelike epitome, despite ascribed accurately, since its splendor resides in between the careful organization of the plot with the concise and delicate game play design. That is to say, and please don't be disguised, this game is as good in its game mechanic as in its narrative affinity, but both aspect is merely prosaic when compares to the coalesced ensemble of them. The game itself provides sufficient impetus for the merging in the dialogues while the story guide the advocacy for the runs, it is truly rare to find another game that bears even remotely similar sense of balance to that in this game. It really is a bellwether of what a modern video game should pertained. Thus, for reviews of this game, both focusing on its mechanic and plot would be a remiss, and fall prey to superficially digression. (although the performance and display is beyond perfection and along should be praise worthy for its success) Please play this game, as any aspect of it remains unassailable and inconceivable to you before actually immersing yourself in the underworld and the boundless set backs it entails.",,,,,,,,
1145360_221858876,Hades,I've only played for 5 hours but im smelling a 500 hour addiction on the way. 10/10 im attracted to every single character in there,,,,,,,,
1145360_213435001,Hades,"Man, what do I even say about Hades? As my first ever rogue-like, I absolutely adored my time with this game. The concept of escaping the underworld to reach Mount Olympus is brilliant. The game is super replayable as I'm sure most rogue-likes are. All the boons you receive throughout a run makes every run feel different and of course you gotta love all the Greek gods aiding you and their dialogue with Zagreus. The game is well voice acted and the music and sound design are stellar. The tension I felt reaching the Temple of Styx added to the sheer stakes of it all. After every death, you feel stronger and stronger each subsequent run. Death is progress which fits the theming of Hades and the underworld so well. Love this game and would recommend for anyone who likes rogue-likes or wants to get into the genre.",,,,,,,,
1237970_213923654,Titanfall 2,"Campaign is fun and I like the power fantasy of operating a titan. On the other hand, story is very meh, soundtrack too, most stereotypical and bland protagonist ever, however the movement tech and environment variety was worth experiencing.",,,,,,,,
1145360_217401156,Hades,"The Hades series are a must-play for anyone who enjoys Greek mythology, fast-paced and engaging gameplay, fluid and satisfying combat mechanics and power-ups, and/or anyone who appreciates a fun light-hearted experience. There's practically endless ways to play the game with the types of builds, upgrade, and weapons you unlock. Oh and not to mention the art style and music is dope. Just download the game already and godspeed putting the controller down because you need to complete ""just one more run"" for the night.",,,,,,,,
1237970_208912135,Titanfall 2,0/10 how can i play this theres no Northstar titan dating sim like good lord is that too much too ask for,,,,,,,,
1245620_222228025,Elden Ring,"Eu comecei a jogar mais pelo meu namorado. Mas depois de ouvir sobre a lore e ter me chamado atenção por ser souls like, me fez querer jogar um pouco. Não me arrependo! Por mais que você fica com raiva dos boss, nada se compara com o orgulho e a sensação de satisfação que você vai ter ao derrotar um Boss que você tava morrendo tanto.",,,,,,,,
1245620_222728244,Elden Ring,"in another effort to review every video game that has helped distract me from the crushing weight of my own mortality and the unavoidable horrors of the human condition: i'd give this game an [b] 8/10 [/b] with the footnote: [i] through derelict halls and otherworldly fields, i find myself eating rold gold® cheddar pretzel tiny twists in-between deaths [/i]",,,,,,,,
1551360_205194895,Forza Horizon 5,For all racing game lover I would defenitivly reccomend this game... or if u want to try something open world racing.,,,,,,,,
1551360_213162447,Forza Horizon 5,Uninviting and unintuative. regulars to the series might enjoy the game but a new player won't. Progression and UI is terrible. Forced story and cutscenes are irritating. The game's economy and car distrobution are almost RNG.,,,,,,,,
1245620_218787569,Elden Ring,"Game is very challenging and fun to play. The world is large with many different places to explore. There are lots of options on how you level and build your character. The bosses can be very challenging, However there is nothing more rewarding than sense of accomplishment when you defeat a really difficult boss.",,,,,,,,
1245620_220421679,Elden Ring,"I LOVE THIS GAME, I RAGE SO HARD THAT MY GRANDMA STAND UP FROM HER WHEELCHAIR TO BEAT THE ♥♥♥♥ OUT OF ME, NOW SHE CAN WALK, 10/10 GAME. WORTH THE MONEY.",,,,,,,,
1551360_201477349,Forza Horizon 5,LOADS of content to go though and around 900 cars to drive. such a great game to just drive around in your fav car with music to chill out to.,,,,,,,,
1245620_223185231,Elden Ring,"My first ""souls"" game, it took a while to start actually realising how good the game is but I got there eventually. 10/10",,,,,,,,
413150_222523976,Stardew Valley,"I have been playing for 3-4 years, I love the Expanded Mod after completing perfection in the vanilla. Every turn is a surprise, and I LOVED my outcome ;)",,,,,,,,
1237970_207923085,Titanfall 2,"Best 2.99 that I have ever spent! Even though I completed the game in roughly 15 hours. Hat off to the Dev's for the outstanding thinking out of the box! Incredible, smooth game play. Some levels ridiculously hard, but with time you'll figure it out. 10/10!",,,,,,,,
413150_218890498,Stardew Valley,"my friends like to call stardew ""chores- the game"" but it's so much more. it is one of the only games i can come back to after long stents of not playing anything. it is a family friendly game that can be played by anyone, but it also has so many different aspects and goals that it never gets boring.",,,,,,,,
1145360_213319599,Hades,My good Friend Jimmy forced me to play this game. I am glad he did because this game makes me want to breathe water in a good way. Fantastic game +rep Recommended.,,,,,,,,
413150_221978328,Stardew Valley,This is one of the calmest games I have ever played if you like farming and mining this game is for you.,,,,,,,,
1551360_213966968,Forza Horizon 5,"Childhood game, visuals and mechanics are perfect. I was chased around to do one-on-one every 10 minutes but beautiful game, hope to play more.",,,,,,,,
1091500_224716447,Cyberpunk 2077,"Cyberpunk 2077 is ♥♥♥♥♥♥ up. As someone who has played Cyberpunk 2020 & Cyberpunk RED both, let me tell you that this game fails to capture any of the exceptional wit of Mike Pondsmith. It fails to have interesting politics, it fails to say anything truly substantive about why Night City is a dystopia. It is, unfortunately, quite good at character writing. It also, unfortunately, plays really well. 2077 is a really fun romp with pretty solid writing throughout (Though, I wonder if my standards have been so massively lowered by most AAA videogames that I think this is more acceptable than it is.) It fails to say anything truly interesting though, and god do I hate what it making money has done to the public image of Cyberpunk The TTRPG. Go make some friends and play Cyberpunk The TTRPG, It has interesting things to say because it's so much cheaper to make and treats its employees so much better.",,,,,,,,
1237970_225032159,Titanfall 2,"I would beg for Titanfall 3 but I am painfully aware that we will not be getting that any time soon or ever but I love this game so much, don't have that much playtime on PC but I can still say this game has given me some of the best gaming memories of my life, best shooter ever made in my humble opinion.",,,,,,,,
1245620_221077034,Elden Ring,It has no reason being this good and addicting. People will be coming back to this game for years to come. A timeless Masterpiece.,,,,,,,,
413150_222643265,Stardew Valley,"Played it once before for about 10 minutes and I did not even attempt to like it or care about any aspect of what the game has to offer. Almost 10 years later as a 26 year old male who struggles with panic disorder and multiple other mental health diagnosis, this game is helping me a lot. I've played games since as long as I can remember, as my family are gamers. WoW being one of my top 5 played in my lifetime. I feel like since 2020-2021ish the gaming community has been so focused on fast paced games of all sorts that are online with others and are filled with micro transactions, and battle passes; which is a time many of us will hold near and dear to our hearts. Such as CoD MW rereleasing and being there for most of us during the pandemic. Although, Stardew offers something that I have totally forgotten existed. Something that is your own experience all the way through. There is not a group of players rushing you to get something done, press the right button, or even complete a certain task. Stardew has somehow reminded me how important it is in daily life to slow the ♥♥♥♥ down. I am still very new to the game, unlike many of you. Although I now keep finding myself wanting to come back. I find myself wanting to fish and find out who needs my help next. I am not the biggest fan of the fact that its pokemon style traveling and interactions; but through the few things I personally dislike, there are SO many more to appreciate about this game and the community. I don't really find myself leaving reviews or speaking much especially about things like this as opinions are opinions, but this game deserves the love it gets. I am really excited to see what else the game has to offer, especially the dungeon crawling aspect. Side note; if anyone wants to adopt a new player please feel free to add me! I'd love to learn more.",,,,,,,,
1091500_221808917,Cyberpunk 2077,"Both the storyline and combat are quite entertaining and fun! You're open to choose anything honestly, and your character (and crew) are actually affected by your actions. Wish they did better in the skin department as someone with melanin, but overall a pretty fun ride.",,,,,,,,
1551360_217813822,Forza Horizon 5,"Drives like absolute garbage. No reason to randomly make the same surface as the rest of the track your on like pure ice. No water or mud or grass on the surface just random patches of slick surfaces and magic crashes. Also utterly boring, too many things to do and no real access to cars. The menus are way over the top, contain way to much stuff and are confusing. The 'story' events are even beatable. What a mess of a game. I wish I could have my money back and my buddy didnt play this so long with is wheel.",,,,,,,,
1551360_212415782,Forza Horizon 5,"With all the content, this game feels... empty. It has less road races than FH4, too much off-road activities (am I playing DiRT? MudRunner? Or Forza Horizon?), too many cars and rewards at all are hidden behind weekly pushed-to-the-throat challenges. With all of ""festivality"", I've felt more festive on the roads of England in FH4. Maybe because there I haven't received pointless flashy prizes for ""just playing"". Looking forward to the new FH6 (in Japan).",,,,,,,,
1245620_222388547,Elden Ring,"Its exactly what it looks like... A cool game with gore. Story driven into madness. But after playing it and going back I forgot everything in it, because its only about ???? See what I mean its not worth remembering if you leave it and come back the game is easily forgotten.... I liked it but not enough to praise it as something like the Witcher. Now that's a game you can't forget even after many years... Just not this one. BEWARE this game will give you Ol' Timers disease of forgetfulness.",,,,,,,,
1145360_215731217,Hades,"Ah yes, fighting Greek mythological monsters on hell with a gun. But in all seriousness, this game is great. 8/10.",,,,,,,,
1145360_224718907,Hades,"[h1]Hades[/h1] [h3]Overwhelmingly Repetitive and Overpraised Roguelite[/h3] [h3]Not worth trying[/h3] Hades is one of the worst slow-paced roguelites in the genre, it requires a lot of grinding to progress through a story that honestly doesn’t feel worth watching, since it’s a very average coming-of-age escape narrative set in a Greek mythology world from a fairly superficial perspective, taking a lot of awkward artistic and historical liberties. Personally, I think this title has been praised for the same wrong reasons. In reality It has a terrible progression system that feels monotonous and slow, colorful but incredibly flat visuals that affect gameplay readability, and an uninteresting story filled with too many side characters and subplots, making the story endlessly boring. [h3]Gameplay[/h3] As I mentioned before, the game is pretty repetitive and demands far too much time just to make a little progress. From the very beginning, it’s hard to reach the next area due to the poor starting equipment of our character, with limited abilities, terrible damage output and a mediocre health pool that barely gives any room to make mistakes and learn enemy attack patterns. It’s a very tedious game to learn, and the early difficulty walls feel unfair because you basically won’t have any truly useful upgrades to help you out unless you keep grinding resources, loss after loss. The game only becomes genuinely fun once you have enough upgrades to at least get through each area and actually experiment with different gods’ boons and synergies without constantly having to restart a run. Combat feels good overall, it’s fast and smooth with melee weapons. However, other options like the bow or the gunrail feel clunky and frustratingly slow, especially for a game with such fast enemies and close environments. On the other hand, the relationship system is slow and inconsistent, since it requires a lot of interactions just to complete a single storyline with a side character whose presence is, in some cases, low and often feels insignificant. [h3]Art and World Design[/h3] The game has a very vibrant visual style for its assets, characters and enemies. However, this artistic decision often gets in the way during combat. This title has a serious visual hierarchy problem. Most of its elements within the same scene share the exact same line quality and very similar color values, combined with an exaggerated lighting system that makes shadows and depth harder to read. As a result, many environmental obstacles feel flat and oversimplified, and it’s common to bump into them because of how poorly they blend into the environment. And then there’s the character design. Honestly, I think it was handled in a very poor artistic way, trying to justify their depiction under the excuse of a “reinterpretation” of Greek mythology by one of the developers, based on the idea that the Greek gods are not necessarily ethnically Greek. This is blatantly wrong and dishonest. It's pretty obvious that Greek gods are portrayed according to the ancient Greek canon standards, not foreign ones that have nothing to do with the culture they are trying to portray. [h3]Music and Sound effects[/h3] The soundtrack is energetic and playful, it’s genuinely enjoyable, and it’s easily one of the game’s strongest aspects. It’s the only aspect that actually integrates Greek culture well into the game using its typical instruments and melodies along with more modern arrangements.",,,,,,,,
1091500_221713100,Cyberpunk 2077,"Fun game. I got to kill people with my mind, hands, and with guns. I also made decisions. You already know if you want it or not.",,,,,,,,
1551360_197608727,Forza Horizon 5,"---{ Graphics }--- ☑ You forget what reality is ☐ Beautiful ☐ Good ☐ Decent ☐ Bad ☐ Don‘t look too long at it ☐ MS-DOS ---{ Gameplay }--- ☐ Very good ☑ Good ☐ It's just gameplay ☐ Mehh ☐ Watch paint dry instead ☐ Just don't ---{ Audio }--- ☐ Eargasm ☐ Very good ☑ Good ☐ Not too bad ☐ Bad ☐ I'm now deaf ---{ Audience }--- ☑ Kids ☑ Teens ☑ Adults ☑ Grandma ---{ PC Requirements }--- ☐ Check if you can run paint ☐ Potato ☑ Decent ☐ Fast ☐ Rich boi ☐ Ask NASA if they have a spare computer H.O.->Anna:""In 200 meters, turn sharp left. Re-calculating the route."" ---{ Game Size }--- ☐ Floppy Disk ☐ Old Fashioned ☐ Workable ☐ Big ☑ Will eat 15% of your 1TB hard drive ☐ You will want an entire hard drive to hold it ☐ You will need to invest in a black hole to hold all the data ---{ Difficulty }--- ☐ Just press 'W' ☑ Easy ☐ Easy to learn / Hard to master ☐ Significant brain usage ☐ Difficult ☐ Dark Souls ---{ Grind }--- ☐ Nothing to grind ☐ Only if u care about leaderboards/ranks ☐ Isn't necessary to progress ☑ Average grind level ☐ Too much grind ☐ You'll need a second life for grinding ---{ Story }--- ☐ No Story ☑ Some lore ☐ Average ☐ Good ☐ Lovely ☐ It'll replace your life ---{ Game Time }--- ☐ Long enough for a cup of coffee ☐ Short ☐ Average ☐ Long ☑ To infinity and beyond ---{ Price }--- ☐ It's free! ☐ Worth the price ☑ If it's on sale ☐ If u have some spare money left ☐ Not recommended ☐ You could also just burn your money ---{ Bugs }--- ☐ Never heard of ☑ Minor bugs ☐ Can get annoying ☐ ARK: Survival Evolved ☐ The game itself is a big terrarium for bugs ---{ ? / 10 }--- ☐ 1 ☐ 2 ☐ 3 ☐ 4 ☐ 5 ☐ 6 ☐ 7 ☑ 8 ☐ 9 ☐ 10 aypleasegivesomepointsimhomelessandineedthem",,,,,,,,
1237970_221503402,Titanfall 2,"I love this game for it's story and gameplay, enough that I got 100% achievements before they came to Steam (so I got all 50 of them at once when I first started the game last night.) If you're okay with EA's slop-launcher, go for it while it's on-sale. Don't support them full price. However, I'm putting a negative review due to their launcher alone and will change it once it's dropped and working with just Steam. It never worked when I was trying to play Frontier Defense last night (had to create a network to get invited), and forced third party launchers are something that should not be normalized.",,,,,,,,
1145360_206474602,Hades,"This game is an absolute must have! I picked it up on sale, but in hindsight I should have bought it full price, since the game is well worth it. The atmosphere is amasing, the soundtrack is exeptional, the gameplay is highly enjoyable. This is the best rougelike I ever played. This game proves that you don't need AAA or AAAA budget to make a fantastic game. 10/10",,,,,,,,
413150_225014357,Stardew Valley,"Basically the perfect game. There's nothing about this game I should like, but I cannot stop playing it. Had this on steam for 31 hours, but I've had the file through another service and total play time is 395 hours. The characters are charming. The graphics are soothing. The gameplay loop is rewarding...and the profits just keep coming in. Over 1.7 mil in keg products per week alone! Abigail is best girl. Don't care who says otherwise. Also, the developer just keeps updating the game for free because he is so grateful to the community.",,,,,,,,
1145360_214063176,Hades,"Yani iyi oyun ama overwhelmingly positive de degil. Very good falan. Skillerin hep random gelmesini sevmedim pek. Mesela, oyunun basinda life steal gelirse ♥♥♥ kolaylasiyor, gelmezse kaninin son damlasina kadar full focus oynuyon.",,,,,,,,
1145360_207472531,Hades,"Beautiful game, loved the characters and their interactions. The gameplay is addictive and fun its just a blast to play and experience. I did enjoy my time until completing the core game and started to loop I found it was too repetitive for me and I didn't want to start to become irritated by a game I had thoroughly enjoyed until then. I read you have to complete the core game 10 times or something to get true ending - once was enough for me. Would recommend",,,,,,,,
1145360_215383310,Hades,"got laid off earlier this year and even though I had all this time to sit down and play video games to my hearts content, I just couldn't from the anxiety of not having a job and it just crippled me from enjoying anything because my mind would always be like ""you don't got time to relax and play games"" so I could never comfortably sit down and play a game for more than 15 minutes... then came Hades... to say the least it got me out of my rut and I've been able to enjoy things again. Thanks for the great game and I hope others can enjoy the witty, fun, challenging, and engaging of a game as much as I did when I was in a dark place.",,,,,,,,
1091500_222668666,Cyberpunk 2077,"One of the best games I have played so far in the past 5 years, and I am so glad this was my birthday present. No regrets. just issues with my system but man am I so happy and grinning ear to ear when I play this game. I recommend this title wholeheartedly. Would buy copies of this game again for PC, PS4/5 and WHATEVER other consoles they would port this to. Hoping for a third expansion or DLC, perhaps a Jackie Choomba dlc?",,,,,,,,
1237970_222652347,Titanfall 2,this game is desgined to let men understand what being a horsegirl is like just make the horse a war machine :3,,,,,,,,
1091500_222776928,Cyberpunk 2077,"Dear Cyberpunk, from the moment I chromed up with my first kiroshi optics, to getting fully chromed up and no ganic, I knew you were the one for me. Blazing the streets while being on the verge of cyberpsychosis, it really is a perfect game for all. Do you enjoy puzzle games? fighting? racing? farming? This game has it all and I'm sure anyone who loves anything will find something to love in this Mona Lisa of a game. See you in the streets choom.",,,,,,,,
1145360_213165149,Hades,"This is likely one of my most favorite random games I picked up in a long while. Great story, and probably the perfect amount of metaprogression for a roguelite game. The game has tons of interactivity, cool weapons, significant unlocks both permanent and non permanent. Runs on the steam deck with great battery life and great fps. Graphics are very good, with tons of good art style and choices made that convey the vision of the developers. Game is moving art in all forms and is a most buy.",,,,,,,,
1237970_214325487,Titanfall 2,"objectively the best shooter to ever exist. incredible campaing with stunning visuals that hold up even to todays standards, best movement ive ever seen in any shooter game with unique ideas and memorable charecters even for how little screen time they had. just all and all a must play to any fps fan. RIP Vince Zampella. Respawn entertainment and every game you were involved with will never feel the same without you...",,,,,,,,
1145360_221036257,Hades,"Challenging, fun, and I love the graphic style. Looking forward to play Hades II as soon as I finish the first one.",,,,,,,,
